Create database CinemaManagement

DROP TABLE IF EXISTS [role];
CREATE TABLE [role] (
  id varchar(15) NOT NULL,
  [role_name] varchar(45) NOT NULL,
  PRIMARY KEY (id)
)
-- ----------------------------
-- Records of roler
-- ----------------------------
BEGIN;
INSERT INTO [role] VALUES ('NV', 'Nhân viên bán hàng');
INSERT INTO [role] VALUES ('QL', 'Nhân viên qu?n lý');
INSERT INTO [role] VALUES ('TR', 'Qu?n lý r?p');
COMMIT;

DROP TABLE IF EXISTS [User];
CREATE TABLE [User] (
  id varchar(15) NOT NULL PRIMARY KEY,
  [name] varchar(45) NOT NULL,
  [passWord] varchar(45) NOT NULL,
  [phoneNumber] varchar(15) NOT NULL,
  [email] varchar(45) NOT NULL,
  [address] varchar(100) NOT NULL,
  [sex] varchar(15) NOT NULL,
  [role_id] varchar(15) NOT NULL,
  CONSTRAINT FK_User_role FOREIGN KEY (role_id) REFERENCES [role](id) ON UPDATE CASCADE
) ;


-- ----------------------------
-- Records of User
-- ----------------------------
BEGIN;
INSERT INTO "User" VALUES ('NV00003', 'Tran Duy Quang','1234', '014234123', 'quang@gmail.com', 'CMT10 Nga','male','NV');
INSERT INTO "User" VALUES ('NV00004', 'Tran Lê Thanh Thinh','1234', '0123412341', 'thinh@gmail.com', 'CMT8 Vi?t Nam','Female', 'QL');
INSERT INTO "User" VALUES ('TR00001', 'Le Pham Tuan Kiet','1234', '0932938178', 'kietlpt2@fe.edu.vn', 'Ch?a rõ','Male','TR');
COMMIT;

-- ----------------------------
-- Table structure for Bill
-- ----------------------------
DROP TABLE IF EXISTS Bill;
CREATE TABLE Bill (
  Bill_id varchar(15) NOT NULL PRIMARY KEY,
  [sale_date] date NOT NULL,
  [staff_id] varchar(15) NOT NULL,
  CONSTRAINT FK_Bill_User FOREIGN KEY (staff_id) REFERENCES [User](id) ON UPDATE CASCADE
);

-- ----------------------------
-- Records of Bill
-- ----------------------------
BEGIN;
INSERT INTO Bill VALUES ('HD00000001', '2018-12-11', 'TR00001');
INSERT INTO Bill VALUES ('HD00000002', '2018-12-11', 'TR00001');
INSERT INTO Bill VALUES ('HD00000003', '2018-12-11', 'TR00001');
INSERT INTO Bill VALUES ('HD00000004', '2018-12-11', 'TR00001');
INSERT INTO Bill VALUES ('HD00000005', '2018-12-11', 'TR00001');
INSERT INTO Bill VALUES ('HD00000006', '2018-12-11', 'TR00001');
INSERT INTO Bill VALUES ('HD00000007', '2018-12-11', 'TR00001');
INSERT INTO Bill VALUES ('HD00000008', '2018-12-12', 'TR00001');
INSERT INTO Bill VALUES ('HD00000009', '2019-01-24', 'TR00001');
COMMIT;

-- ----------------------------
-- Table structure for Bill_detail
-- ----------------------------
DROP TABLE IF EXISTS Bill_detail;
CREATE TABLE Bill_detail (
	Bill_detail_id varchar(15) NOT NULL PRIMARY KEY,
	[food_name] varchar(45)  NOT NULL,
	quality int NOT NULL,
	total int NOT NULL,
	FOREIGN KEY (Bill_detail_id) REFERENCES Bill(Bill_id)	
);

-- ----------------------------
-- Records of Bill_detail
-- ----------------------------
BEGIN;
INSERT INTO Bill_detail VALUES ('HD00000001', 'Bap rang','1','60');
INSERT INTO Bill_detail VALUES ('HD00000001','combo bap rang + coca','1','100');
INSERT INTO Bill_detail VALUES ('HD00000002','Bap rang','1','60');
INSERT INTO Bill_detail VALUES ('HD00000003','combo bap rang + coca','1','100');
INSERT INTO Bill_detail VALUES ('HD00000003','snack','2','30');
INSERT INTO Bill_detail VALUES ('HD00000004','Bap rang','1','60');
INSERT INTO Bill_detail VALUES ('HD00000005','Bap rang','1','60');
INSERT INTO Bill_detail VALUES ('HD00000006','snack','2','30');
INSERT INTO Bill_detail VALUES ('HD00000007','snack','2','30');
INSERT INTO Bill_detail VALUES ('HD00000008','combo bap rang + coca','1','100');
INSERT INTO Bill_detail VALUES ('HD00000009','snack','2','30');
INSERT INTO Bill_detail VALUES ('HD00000009','combo bap rang + coca','1','100');
INSERT INTO Bill_detail VALUES ('HD00000009','snack','2','30');
COMMIT;

-- ----------------------------
-- Table structure for fare
-- ----------------------------
DROP TABLE IF EXISTS fare;
CREATE TABLE fare (
	id int NOT NULL PRIMARY KEY,
	[name] varchar(45) NOT NULL,
	unit_price int NOT NULL,

);

-- ----------------------------
-- Records of gia_ve
-- ----------------------------
BEGIN;
INSERT INTO fare VALUES (1, 'Người lớn', 60000);
INSERT INTO fare VALUES (2, 'Trẻ em', 30000);
INSERT INTO fare VALUES (3, 'Học sinh, sinh viên', 45000);
COMMIT;

-- ----------------------------
-- Table structure for ghe_ngoi
-- ----------------------------
DROP TABLE IF EXISTS seat_position;
CREATE TABLE seat_position (
  id int NOT NULL  PRIMARY KEY,
  [seat_row] varchar(10) NOT NULL,
  [seat_column] varchar(10) NOT NULL,
  Cinema_room_id int NOT NULL,
  CONSTRAINT FK_seat_position_Cinema_room FOREIGN KEY (Cinema_room_id) REFERENCES Cinema_room(id) ON UPDATE CASCADE
);

-- ----------------------------
-- Records of seat_position
-- ----------------------------
BEGIN;
INSERT INTO seat_position VALUES (1, 'A', 1, 1);
INSERT INTO seat_position VALUES (2, 'A', 2, 1);
INSERT INTO seat_position VALUES (3, 'A', 3, 1);
INSERT INTO seat_position VALUES (4, 'A', 4, 1);
INSERT INTO seat_position VALUES (5, 'A', 5, 1);
INSERT INTO seat_position VALUES (6, 'A', 6, 1);
INSERT INTO seat_position VALUES (7, 'A', 7, 1);
INSERT INTO seat_position VALUES (8, 'A', 8, 1);
INSERT INTO seat_position VALUES (9, 'A', 9, 1);
INSERT INTO seat_position VALUES (10, 'A', 10, 1);
INSERT INTO seat_position VALUES (11, 'A', 11, 1);
INSERT INTO seat_position VALUES (12, 'A', 12, 1);
INSERT INTO seat_position VALUES (13, 'A', 13, 1);
INSERT INTO seat_position VALUES (14, 'A', 14, 1);
INSERT INTO seat_position VALUES (15, 'A', 15, 1);
INSERT INTO seat_position VALUES (16, 'A', 16, 1);
INSERT INTO seat_position VALUES (17, 'A', 17, 1);
INSERT INTO seat_position VALUES (18, 'A', 18, 1);
INSERT INTO seat_position VALUES (19, 'B', 1, 1);
INSERT INTO seat_position VALUES (20, 'B', 2, 1);
INSERT INTO seat_position VALUES (21, 'B', 3, 1);
INSERT INTO seat_position VALUES (22, 'B', 4, 1);
INSERT INTO seat_position VALUES (23, 'B', 5, 1);
INSERT INTO seat_position VALUES (24, 'B', 6, 1);
INSERT INTO seat_position VALUES (25, 'B', 7, 1);
INSERT INTO seat_position VALUES (26, 'B', 8, 1);
INSERT INTO seat_position VALUES (27, 'B', 9, 1);
INSERT INTO seat_position VALUES (28, 'B', 10, 1);
INSERT INTO seat_position VALUES (29, 'B', 11, 1);
INSERT INTO seat_position VALUES (30, 'B', 12, 1);
INSERT INTO seat_position VALUES (31, 'B', 13, 1);
INSERT INTO seat_position VALUES (32, 'B', 14, 1);
INSERT INTO seat_position VALUES (33, 'B', 15, 1);
INSERT INTO seat_position VALUES (34, 'B', 16, 1);
INSERT INTO seat_position VALUES (35, 'B', 17, 1);
INSERT INTO seat_position VALUES (36, 'B', 18, 1);
INSERT INTO seat_position VALUES (37, 'C', 1, 1);
INSERT INTO seat_position VALUES (38, 'C', 2, 1);
INSERT INTO seat_position VALUES (39, 'C', 3, 1);
INSERT INTO seat_position VALUES (40, 'C', 4, 1);
INSERT INTO seat_position VALUES (41, 'C', 5, 1);
INSERT INTO seat_position VALUES (42, 'C', 6, 1);
INSERT INTO seat_position VALUES (43, 'C', 7, 1);
INSERT INTO seat_position VALUES (44, 'C', 8, 1);
INSERT INTO seat_position VALUES (45, 'C', 9, 1);
INSERT INTO seat_position VALUES (46, 'C', 10, 1);
INSERT INTO seat_position VALUES (47, 'C', 11, 1);
INSERT INTO seat_position VALUES (48, 'C', 12, 1);
INSERT INTO seat_position VALUES (49, 'C', 13, 1);
INSERT INTO seat_position VALUES (50, 'C', 14, 1);
INSERT INTO seat_position VALUES (51, 'C', 15, 1);
INSERT INTO seat_position VALUES (52, 'C', 16, 1);
INSERT INTO seat_position VALUES (53, 'C', 17, 1);
INSERT INTO seat_position VALUES (54, 'C', 18, 1);
INSERT INTO seat_position VALUES (55, 'D', 1, 1);
INSERT INTO seat_position VALUES (56, 'D', 2, 1);
INSERT INTO seat_position VALUES (57, 'D', 3, 1);
INSERT INTO seat_position VALUES (58, 'D', 4, 1);
INSERT INTO seat_position VALUES (59, 'D', 5, 1);
INSERT INTO seat_position VALUES (60, 'D', 6, 1);
INSERT INTO seat_position VALUES (61, 'D', 7, 1);
INSERT INTO seat_position VALUES (62, 'D', 8, 1);
INSERT INTO seat_position VALUES (63, 'D', 9, 1);
INSERT INTO seat_position VALUES (64, 'D', 10, 1);
INSERT INTO seat_position VALUES (65, 'D', 11, 1);
INSERT INTO seat_position VALUES (66, 'D', 12, 1);
INSERT INTO seat_position VALUES (67, 'D', 13, 1);
INSERT INTO seat_position VALUES (68, 'D', 14, 1);
INSERT INTO seat_position VALUES (69, 'D', 15, 1);
INSERT INTO seat_position VALUES (70, 'D', 16, 1);
INSERT INTO seat_position VALUES (71, 'D', 17, 1);
INSERT INTO seat_position VALUES (72, 'D', 18, 1);
INSERT INTO seat_position VALUES (73, 'E', 1, 1);
INSERT INTO seat_position VALUES (74, 'E', 2, 1);
INSERT INTO seat_position VALUES (75, 'E', 3, 1);
INSERT INTO seat_position VALUES (76, 'E', 4, 1);
INSERT INTO seat_position VALUES (77, 'E', 5, 1);
INSERT INTO seat_position VALUES (78, 'E', 6, 1);
INSERT INTO seat_position VALUES (79, 'E', 7, 1);
INSERT INTO seat_position VALUES (80, 'E', 8, 1);
INSERT INTO seat_position VALUES (81, 'E', 9, 1);
INSERT INTO seat_position VALUES (82, 'E', 10, 1);
INSERT INTO seat_position VALUES (83, 'E', 11, 1);
INSERT INTO seat_position VALUES (84, 'E', 12, 1);
INSERT INTO seat_position VALUES (85, 'E', 13, 1);
INSERT INTO seat_position VALUES (86, 'E', 14, 1);
INSERT INTO seat_position VALUES (87, 'E', 15, 1);
INSERT INTO seat_position VALUES (88, 'E', 16, 1);
INSERT INTO seat_position VALUES (89, 'E', 17, 1);
INSERT INTO seat_position VALUES (90, 'E', 18, 1);
INSERT INTO seat_position VALUES (91, 'F', 1, 1);
INSERT INTO seat_position VALUES (92, 'F', 2, 1);
INSERT INTO seat_position VALUES (93, 'F', 3, 1);
INSERT INTO seat_position VALUES (94, 'F', 4, 1);
INSERT INTO seat_position VALUES (95, 'F', 5, 1);
INSERT INTO seat_position VALUES (96, 'F', 6, 1);
INSERT INTO seat_position VALUES (97, 'F', 7, 1);
INSERT INTO seat_position VALUES (98, 'F', 8, 1);
INSERT INTO seat_position VALUES (99, 'F', 9, 1);
INSERT INTO seat_position VALUES (100, 'F', 10, 1);
INSERT INTO seat_position VALUES (101, 'F', 11, 1);
INSERT INTO seat_position VALUES (102, 'F', 12, 1);
INSERT INTO seat_position VALUES (103, 'F', 13, 1);
INSERT INTO seat_position VALUES (104, 'F', 14, 1);
INSERT INTO seat_position VALUES (105, 'F', 15, 1);
INSERT INTO seat_position VALUES (106, 'F', 16, 1);
INSERT INTO seat_position VALUES (107, 'F', 17, 1);
INSERT INTO seat_position VALUES (108, 'F', 18, 1);
INSERT INTO seat_position VALUES (109, 'G', 1, 1);
INSERT INTO seat_position VALUES (110, 'G', 2, 1);
INSERT INTO seat_position VALUES (111, 'G', 3, 1);
INSERT INTO seat_position VALUES (112, 'G', 4, 1);
INSERT INTO seat_position VALUES (113, 'G', 5, 1);
INSERT INTO seat_position VALUES (114, 'G', 6, 1);
INSERT INTO seat_position VALUES (115, 'G', 7, 1);
INSERT INTO seat_position VALUES (116, 'G', 8, 1);
INSERT INTO seat_position VALUES (117, 'G', 9, 1);
INSERT INTO seat_position VALUES (118, 'G', 10, 1);
INSERT INTO seat_position VALUES (119, 'G', 11, 1);
INSERT INTO seat_position VALUES (120, 'G', 12, 1);
INSERT INTO seat_position VALUES (121, 'G', 13, 1);
INSERT INTO seat_position VALUES (122, 'G', 14, 1);
INSERT INTO seat_position VALUES (123, 'G', 15, 1);
INSERT INTO seat_position VALUES (124, 'G', 16, 1);
INSERT INTO seat_position VALUES (125, 'G', 17, 1);
INSERT INTO seat_position VALUES (126, 'G', 18, 1);
INSERT INTO seat_position VALUES (127, 'H', 1, 1);
INSERT INTO seat_position VALUES (128, 'H', 2, 1);
INSERT INTO seat_position VALUES (129, 'H', 3, 1);
INSERT INTO seat_position VALUES (130, 'H', 4, 1);
INSERT INTO seat_position VALUES (131, 'H', 5, 1);
INSERT INTO seat_position VALUES (132, 'H', 6, 1);
INSERT INTO seat_position VALUES (133, 'H', 7, 1);
INSERT INTO seat_position VALUES (134, 'H', 8, 1);
INSERT INTO seat_position VALUES (135, 'H', 9, 1);
INSERT INTO seat_position VALUES (136, 'H', 10, 1);
INSERT INTO seat_position VALUES (137, 'H', 11, 1);
INSERT INTO seat_position VALUES (138, 'H', 12, 1);
INSERT INTO seat_position VALUES (139, 'H', 13, 1);
INSERT INTO seat_position VALUES (140, 'H', 14, 1);
INSERT INTO seat_position VALUES (141, 'H', 15, 1);
INSERT INTO seat_position VALUES (142, 'H', 16, 1);
INSERT INTO seat_position VALUES (143, 'H', 17, 1);
INSERT INTO seat_position VALUES (144, 'H', 18, 1);
INSERT INTO seat_position VALUES (145, 'I', 1, 1);
INSERT INTO seat_position VALUES (146, 'I', 2, 1);
INSERT INTO seat_position VALUES (147, 'I', 3, 1);
INSERT INTO seat_position VALUES (148, 'I', 4, 1);
INSERT INTO seat_position VALUES (149, 'I', 5, 1);
INSERT INTO seat_position VALUES (150, 'I', 6, 1);
INSERT INTO seat_position VALUES (151, 'I', 7, 1);
INSERT INTO seat_position VALUES (152, 'I', 8, 1);
INSERT INTO seat_position VALUES (153, 'I', 9, 1);
INSERT INTO seat_position VALUES (154, 'I', 10, 1);
INSERT INTO seat_position VALUES (155, 'I', 11, 1);
INSERT INTO seat_position VALUES (156, 'I', 12, 1);
INSERT INTO seat_position VALUES (157, 'I', 13, 1);
INSERT INTO seat_position VALUES (158, 'I', 14, 1);
INSERT INTO seat_position VALUES (159, 'I', 15, 1);
INSERT INTO seat_position VALUES (160, 'I', 16, 1);
INSERT INTO seat_position VALUES (161, 'I', 17, 1);
INSERT INTO seat_position VALUES (162, 'I', 18, 1);
INSERT INTO seat_position VALUES (163, 'J', 1, 1);
INSERT INTO seat_position VALUES (164, 'J', 2, 1);
INSERT INTO seat_position VALUES (165, 'J', 3, 1);
INSERT INTO seat_position VALUES (166, 'J', 4, 1);
INSERT INTO seat_position VALUES (167, 'J', 5, 1);
INSERT INTO seat_position VALUES (168, 'J', 6, 1);
INSERT INTO seat_position VALUES (169, 'J', 7, 1);
INSERT INTO seat_position VALUES (170, 'J', 8, 1);
INSERT INTO seat_position VALUES (171, 'J', 9, 1);
INSERT INTO seat_position VALUES (172, 'J', 10, 1);
INSERT INTO seat_position VALUES (173, 'J', 11, 1);
INSERT INTO seat_position VALUES (174, 'J', 12, 1);
INSERT INTO seat_position VALUES (175, 'J', 13, 1);
INSERT INTO seat_position VALUES (176, 'J', 14, 1);
INSERT INTO seat_position VALUES (177, 'J', 15, 1);
INSERT INTO seat_position VALUES (178, 'J', 16, 1);
INSERT INTO seat_position VALUES (179, 'J', 17, 1);
INSERT INTO seat_position VALUES (180, 'J', 18, 1);
INSERT INTO seat_position VALUES (181, 'K', 1, 1);
INSERT INTO seat_position VALUES (182, 'K', 2, 1);
INSERT INTO seat_position VALUES (183, 'K', 3, 1);
INSERT INTO seat_position VALUES (184, 'K', 4, 1);
INSERT INTO seat_position VALUES (185, 'K', 5, 1);
INSERT INTO seat_position VALUES (186, 'K', 6, 1);
INSERT INTO seat_position VALUES (187, 'K', 7, 1);
INSERT INTO seat_position VALUES (188, 'K', 8, 1);
INSERT INTO seat_position VALUES (189, 'K', 9, 1);
INSERT INTO seat_position VALUES (190, 'K', 10, 1);
INSERT INTO seat_position VALUES (191, 'K', 11, 1);
INSERT INTO seat_position VALUES (192, 'K', 12, 1);
INSERT INTO seat_position VALUES (193, 'K', 13, 1);
INSERT INTO seat_position VALUES (194, 'K', 14, 1);
INSERT INTO seat_position VALUES (195, 'K', 15, 1);
INSERT INTO seat_position VALUES (196, 'K', 16, 1);
INSERT INTO seat_position VALUES (197, 'K', 17, 1);
INSERT INTO seat_position VALUES (198, 'K', 18, 1);
INSERT INTO seat_position VALUES (199, 'L', 1, 1);
INSERT INTO seat_position VALUES (200, 'L', 2, 1);
INSERT INTO seat_position VALUES (201, 'L', 3, 1);
INSERT INTO seat_position VALUES (202, 'L', 4, 1);
INSERT INTO seat_position VALUES (203, 'L', 5, 1);
INSERT INTO seat_position VALUES (204, 'L', 6, 1);
INSERT INTO seat_position VALUES (205, 'L', 7, 1);
INSERT INTO seat_position VALUES (206, 'L', 8, 1);
INSERT INTO seat_position VALUES (207, 'L', 9, 1);
INSERT INTO seat_position VALUES (208, 'L', 10, 1);
INSERT INTO seat_position VALUES (209, 'L', 11, 1);
INSERT INTO seat_position VALUES (210, 'L', 12, 1);
INSERT INTO seat_position VALUES (211, 'L', 13, 1);
INSERT INTO seat_position VALUES (212, 'L', 14, 1);
INSERT INTO seat_position VALUES (213, 'L', 15, 1);
INSERT INTO seat_position VALUES (214, 'L', 16, 1);
INSERT INTO seat_position VALUES (215, 'L', 17, 1);
INSERT INTO seat_position VALUES (216, 'L', 18, 1);
INSERT INTO seat_position VALUES (217, 'A', 1, 2);
INSERT INTO seat_position VALUES (218, 'A', 2, 2);
INSERT INTO seat_position VALUES (219, 'A', 3, 2);
INSERT INTO seat_position VALUES (220, 'A', 4, 2);
INSERT INTO seat_position VALUES (221, 'A', 5, 2);
INSERT INTO seat_position VALUES (222, 'A', 6, 2);
INSERT INTO seat_position VALUES (223, 'A', 7, 2);
INSERT INTO seat_position VALUES (224, 'A', 8, 2);
INSERT INTO seat_position VALUES (225, 'A', 9, 2);
INSERT INTO seat_position VALUES (226, 'A', 10, 2);
INSERT INTO seat_position VALUES (227, 'A', 11, 2);
INSERT INTO seat_position VALUES (228, 'A', 12, 2);
INSERT INTO seat_position VALUES (229, 'A', 13, 2);
INSERT INTO seat_position VALUES (230, 'A', 14, 2);
INSERT INTO seat_position VALUES (231, 'A', 15, 2);
INSERT INTO seat_position VALUES (232, 'A', 16, 2);
INSERT INTO seat_position VALUES (233, 'B', 1, 2);
INSERT INTO seat_position VALUES (234, 'B', 2, 2);
INSERT INTO seat_position VALUES (235, 'B', 3, 2);
INSERT INTO seat_position VALUES (236, 'B', 4, 2);
INSERT INTO seat_position VALUES (237, 'B', 5, 2);
INSERT INTO seat_position VALUES (238, 'B', 6, 2);
INSERT INTO seat_position VALUES (239, 'B', 7, 2);
INSERT INTO seat_position VALUES (240, 'B', 8, 2);
INSERT INTO seat_position VALUES (241, 'B', 9, 2);
INSERT INTO seat_position VALUES (242, 'B', 10, 2);
INSERT INTO seat_position VALUES (243, 'B', 11, 2);
INSERT INTO seat_position VALUES (244, 'B', 12, 2);
INSERT INTO seat_position VALUES (245, 'B', 13, 2);
INSERT INTO seat_position VALUES (246, 'B', 14, 2);
INSERT INTO seat_position VALUES (247, 'B', 15, 2);
INSERT INTO seat_position VALUES (248, 'B', 16, 2);
INSERT INTO seat_position VALUES (249, 'C', 1, 2);
INSERT INTO seat_position VALUES (250, 'C', 2, 2);
INSERT INTO seat_position VALUES (251, 'C', 3, 2);
INSERT INTO seat_position VALUES (252, 'C', 4, 2);
INSERT INTO seat_position VALUES (253, 'C', 5, 2);
INSERT INTO seat_position VALUES (254, 'C', 6, 2);
INSERT INTO seat_position VALUES (255, 'C', 7, 2);
INSERT INTO seat_position VALUES (256, 'C', 8, 2);
INSERT INTO seat_position VALUES (257, 'C', 9, 2);
INSERT INTO seat_position VALUES (258, 'C', 10, 2);
INSERT INTO seat_position VALUES (259, 'C', 11, 2);
INSERT INTO seat_position VALUES (260, 'C', 12, 2);
INSERT INTO seat_position VALUES (261, 'C', 13, 2);
INSERT INTO seat_position VALUES (262, 'C', 14, 2);
INSERT INTO seat_position VALUES (263, 'C', 15, 2);
INSERT INTO seat_position VALUES (264, 'C', 16, 2);
INSERT INTO seat_position VALUES (265, 'D', 1, 2);
INSERT INTO seat_position VALUES (266, 'D', 2, 2);
INSERT INTO seat_position VALUES (267, 'D', 3, 2);
INSERT INTO seat_position VALUES (268, 'D', 4, 2);
INSERT INTO seat_position VALUES (269, 'D', 5, 2);
INSERT INTO seat_position VALUES (270, 'D', 6, 2);
INSERT INTO seat_position VALUES (271, 'D', 7, 2);
INSERT INTO seat_position VALUES (272, 'D', 8, 2);
INSERT INTO seat_position VALUES (273, 'D', 9, 2);
INSERT INTO seat_position VALUES (274, 'D', 10, 2);
INSERT INTO seat_position VALUES (275, 'D', 11, 2);
INSERT INTO seat_position VALUES (276, 'D', 12, 2);
INSERT INTO seat_position VALUES (277, 'D', 13, 2);
INSERT INTO seat_position VALUES (278, 'D', 14, 2);
INSERT INTO seat_position VALUES (279, 'D', 15, 2);
INSERT INTO seat_position VALUES (280, 'D', 16, 2);
INSERT INTO seat_position VALUES (281, 'E', 1, 2);
INSERT INTO seat_position VALUES (282, 'E', 2, 2);
INSERT INTO seat_position VALUES (283, 'E', 3, 2);
INSERT INTO seat_position VALUES (284, 'E', 4, 2);
INSERT INTO seat_position VALUES (285, 'E', 5, 2);
INSERT INTO seat_position VALUES (286, 'E', 6, 2);
INSERT INTO seat_position VALUES (287, 'E', 7, 2);
INSERT INTO seat_position VALUES (288, 'E', 8, 2);
INSERT INTO seat_position VALUES (289, 'E', 9, 2);
INSERT INTO seat_position VALUES (290, 'E', 10, 2);
INSERT INTO seat_position VALUES (291, 'E', 11, 2);
INSERT INTO seat_position VALUES (292, 'E', 12, 2);
INSERT INTO seat_position VALUES (293, 'E', 13, 2);
INSERT INTO seat_position VALUES (294, 'E', 14, 2);
INSERT INTO seat_position VALUES (295, 'E', 15, 2);
INSERT INTO seat_position VALUES (296, 'E', 16, 2);
INSERT INTO seat_position VALUES (297, 'F', 1, 2);
INSERT INTO seat_position VALUES (298, 'F', 2, 2);
INSERT INTO seat_position VALUES (299, 'F', 3, 2);
INSERT INTO seat_position VALUES (300, 'F', 4, 2);
INSERT INTO seat_position VALUES (301, 'F', 5, 2);
INSERT INTO seat_position VALUES (302, 'F', 6, 2);
INSERT INTO seat_position VALUES (303, 'F', 7, 2);
INSERT INTO seat_position VALUES (304, 'F', 8, 2);
INSERT INTO seat_position VALUES (305, 'F', 9, 2);
INSERT INTO seat_position VALUES (306, 'F', 10, 2);
INSERT INTO seat_position VALUES (307, 'F', 11, 2);
INSERT INTO seat_position VALUES (308, 'F', 12, 2);
INSERT INTO seat_position VALUES (309, 'F', 13, 2);
INSERT INTO seat_position VALUES (310, 'F', 14, 2);
INSERT INTO seat_position VALUES (311, 'F', 15, 2);
INSERT INTO seat_position VALUES (312, 'F', 16, 2);
INSERT INTO seat_position VALUES (313, 'G', 1, 2);
INSERT INTO seat_position VALUES (314, 'G', 2, 2);
INSERT INTO seat_position VALUES (315, 'G', 3, 2);
INSERT INTO seat_position VALUES (316, 'G', 4, 2);
INSERT INTO seat_position VALUES (317, 'G', 5, 2);
INSERT INTO seat_position VALUES (318, 'G', 6, 2);
INSERT INTO seat_position VALUES (319, 'G', 7, 2);
INSERT INTO seat_position VALUES (320, 'G', 8, 2);
INSERT INTO seat_position VALUES (321, 'G', 9, 2);
INSERT INTO seat_position VALUES (322, 'G', 10, 2);
INSERT INTO seat_position VALUES (323, 'G', 11, 2);
INSERT INTO seat_position VALUES (324, 'G', 12, 2);
INSERT INTO seat_position VALUES (325, 'G', 13, 2);
INSERT INTO seat_position VALUES (326, 'G', 14, 2);
INSERT INTO seat_position VALUES (327, 'G', 15, 2);
INSERT INTO seat_position VALUES (328, 'G', 16, 2);
INSERT INTO seat_position VALUES (329, 'H', 1, 2);
INSERT INTO seat_position VALUES (330, 'H', 2, 2);
INSERT INTO seat_position VALUES (331, 'H', 3, 2);
INSERT INTO seat_position VALUES (332, 'H', 4, 2);
INSERT INTO seat_position VALUES (333, 'H', 5, 2);
INSERT INTO seat_position VALUES (334, 'H', 6, 2);
INSERT INTO seat_position VALUES (335, 'H', 7, 2);
INSERT INTO seat_position VALUES (336, 'H', 8, 2);
INSERT INTO seat_position VALUES (337, 'H', 9, 2);
INSERT INTO seat_position VALUES (338, 'H', 10, 2);
INSERT INTO seat_position VALUES (339, 'H', 11, 2);
INSERT INTO seat_position VALUES (340, 'H', 12, 2);
INSERT INTO seat_position VALUES (341, 'H', 13, 2);
INSERT INTO seat_position VALUES (342, 'H', 14, 2);
INSERT INTO seat_position VALUES (343, 'H', 15, 2);
INSERT INTO seat_position VALUES (344, 'H', 16, 2);
INSERT INTO seat_position VALUES (345, 'I', 1, 2);
INSERT INTO seat_position VALUES (346, 'I', 2, 2);
INSERT INTO seat_position VALUES (347, 'I', 3, 2);
INSERT INTO seat_position VALUES (348, 'I', 4, 2);
INSERT INTO seat_position VALUES (349, 'I', 5, 2);
INSERT INTO seat_position VALUES (350, 'I', 6, 2);
INSERT INTO seat_position VALUES (351, 'I', 7, 2);
INSERT INTO seat_position VALUES (352, 'I', 8, 2);
INSERT INTO seat_position VALUES (353, 'I', 9, 2);
INSERT INTO seat_position VALUES (354, 'I', 10, 2);
INSERT INTO seat_position VALUES (355, 'I', 11, 2);
INSERT INTO seat_position VALUES (356, 'I', 12, 2);
INSERT INTO seat_position VALUES (357, 'I', 13, 2);
INSERT INTO seat_position VALUES (358, 'I', 14, 2);
INSERT INTO seat_position VALUES (359, 'I', 15, 2);
INSERT INTO seat_position VALUES (360, 'I', 16, 2);
INSERT INTO seat_position VALUES (361, 'J', 1, 2);
INSERT INTO seat_position VALUES (362, 'J', 2, 2);
INSERT INTO seat_position VALUES (363, 'J', 3, 2);
INSERT INTO seat_position VALUES (364, 'J', 4, 2);
INSERT INTO seat_position VALUES (365, 'J', 5, 2);
INSERT INTO seat_position VALUES (366, 'J', 6, 2);
INSERT INTO seat_position VALUES (367, 'J', 7, 2);
INSERT INTO seat_position VALUES (368, 'J', 8, 2);
INSERT INTO seat_position VALUES (369, 'J', 9, 2);
INSERT INTO seat_position VALUES (370, 'J', 10, 2);
INSERT INTO seat_position VALUES (371, 'J', 11, 2);
INSERT INTO seat_position VALUES (372, 'J', 12, 2);
INSERT INTO seat_position VALUES (373, 'J', 13, 2);
INSERT INTO seat_position VALUES (374, 'J', 14, 2);
INSERT INTO seat_position VALUES (375, 'J', 15, 2);
INSERT INTO seat_position VALUES (376, 'J', 16, 2);
INSERT INTO seat_position VALUES (377, 'A', 1, 3);
INSERT INTO seat_position VALUES (378, 'A', 2, 3);
INSERT INTO seat_position VALUES (379, 'A', 3, 3);
INSERT INTO seat_position VALUES (380, 'A', 4, 3);
INSERT INTO seat_position VALUES (381, 'A', 5, 3);
INSERT INTO seat_position VALUES (382, 'A', 6, 3);
INSERT INTO seat_position VALUES (383, 'A', 7, 3);
INSERT INTO seat_position VALUES (384, 'A', 8, 3);
INSERT INTO seat_position VALUES (385, 'A', 9, 3);
INSERT INTO seat_position VALUES (386, 'A', 10, 3);
INSERT INTO seat_position VALUES (387, 'A', 11, 3);
INSERT INTO seat_position VALUES (388, 'A', 12, 3);
INSERT INTO seat_position VALUES (389, 'A', 13, 3);
INSERT INTO seat_position VALUES (390, 'A', 14, 3);
INSERT INTO seat_position VALUES (391, 'B', 1, 3);
INSERT INTO seat_position VALUES (392, 'B', 2, 3);
INSERT INTO seat_position VALUES (393, 'B', 3, 3);
INSERT INTO seat_position VALUES (394, 'B', 4, 3);
INSERT INTO seat_position VALUES (395, 'B', 5, 3);
INSERT INTO seat_position VALUES (396, 'B', 6, 3);
INSERT INTO seat_position VALUES (397, 'B', 7, 3);
INSERT INTO seat_position VALUES (398, 'B', 8, 3);
INSERT INTO seat_position VALUES (399, 'B', 9, 3);
INSERT INTO seat_position VALUES (400, 'B', 10, 3);
INSERT INTO seat_position VALUES (401, 'B', 11, 3);
INSERT INTO seat_position VALUES (402, 'B', 12, 3);
INSERT INTO seat_position VALUES (403, 'B', 13, 3);
INSERT INTO seat_position VALUES (404, 'B', 14, 3);
INSERT INTO seat_position VALUES (405, 'C', 1, 3);
INSERT INTO seat_position VALUES (406, 'C', 2, 3);
INSERT INTO seat_position VALUES (407, 'C', 3, 3);
INSERT INTO seat_position VALUES (408, 'C', 4, 3);
INSERT INTO seat_position VALUES (409, 'C', 5, 3);
INSERT INTO seat_position VALUES (410, 'C', 6, 3);
INSERT INTO seat_position VALUES (411, 'C', 7, 3);
INSERT INTO seat_position VALUES (412, 'C', 8, 3);
INSERT INTO seat_position VALUES (413, 'C', 9, 3);
INSERT INTO seat_position VALUES (414, 'C', 10, 3);
INSERT INTO seat_position VALUES (415, 'C', 11, 3);
INSERT INTO seat_position VALUES (416, 'C', 12, 3);
INSERT INTO seat_position VALUES (417, 'C', 13, 3);
INSERT INTO seat_position VALUES (418, 'C', 14, 3);
INSERT INTO seat_position VALUES (419, 'D', 1, 3);
INSERT INTO seat_position VALUES (420, 'D', 2, 3);
INSERT INTO seat_position VALUES (421, 'D', 3, 3);
INSERT INTO seat_position VALUES (422, 'D', 4, 3);
INSERT INTO seat_position VALUES (423, 'D', 5, 3);
INSERT INTO seat_position VALUES (424, 'D', 6, 3);
INSERT INTO seat_position VALUES (425, 'D', 7, 3);
INSERT INTO seat_position VALUES (426, 'D', 8, 3);
INSERT INTO seat_position VALUES (427, 'D', 9, 3);
INSERT INTO seat_position VALUES (428, 'D', 10, 3);
INSERT INTO seat_position VALUES (429, 'D', 11, 3);
INSERT INTO seat_position VALUES (430, 'D', 12, 3);
INSERT INTO seat_position VALUES (431, 'D', 13, 3);
INSERT INTO seat_position VALUES (432, 'D', 14, 3);
INSERT INTO seat_position VALUES (433, 'E', 1, 3);
INSERT INTO seat_position VALUES (434, 'E', 2, 3);
INSERT INTO seat_position VALUES (435, 'E', 3, 3);
INSERT INTO seat_position VALUES (436, 'E', 4, 3);
INSERT INTO seat_position VALUES (437, 'E', 5, 3);
INSERT INTO seat_position VALUES (438, 'E', 6, 3);
INSERT INTO seat_position VALUES (439, 'E', 7, 3);
INSERT INTO seat_position VALUES (440, 'E', 8, 3);
INSERT INTO seat_position VALUES (441, 'E', 9, 3);
INSERT INTO seat_position VALUES (442, 'E', 10, 3);
INSERT INTO seat_position VALUES (443, 'E', 11, 3);
INSERT INTO seat_position VALUES (444, 'E', 12, 3);
INSERT INTO seat_position VALUES (445, 'E', 13, 3);
INSERT INTO seat_position VALUES (446, 'E', 14, 3);
INSERT INTO seat_position VALUES (447, 'F', 1, 3);
INSERT INTO seat_position VALUES (448, 'F', 2, 3);
INSERT INTO seat_position VALUES (449, 'F', 3, 3);
INSERT INTO seat_position VALUES (450, 'F', 4, 3);
INSERT INTO seat_position VALUES (451, 'F', 5, 3);
INSERT INTO seat_position VALUES (452, 'F', 6, 3);
INSERT INTO seat_position VALUES (453, 'F', 7, 3);
INSERT INTO seat_position VALUES (454, 'F', 8, 3);
INSERT INTO seat_position VALUES (455, 'F', 9, 3);
INSERT INTO seat_position VALUES (456, 'F', 10, 3);
INSERT INTO seat_position VALUES (457, 'F', 11, 3);
INSERT INTO seat_position VALUES (458, 'F', 12, 3);
INSERT INTO seat_position VALUES (459, 'F', 13, 3);
INSERT INTO seat_position VALUES (460, 'F', 14, 3);
INSERT INTO seat_position VALUES (461, 'G', 1, 3);
INSERT INTO seat_position VALUES (462, 'G', 2, 3);
INSERT INTO seat_position VALUES (463, 'G', 3, 3);
INSERT INTO seat_position VALUES (464, 'G', 4, 3);
INSERT INTO seat_position VALUES (465, 'G', 5, 3);
INSERT INTO seat_position VALUES (466, 'G', 6, 3);
INSERT INTO seat_position VALUES (467, 'G', 7, 3);
INSERT INTO seat_position VALUES (468, 'G', 8, 3);
INSERT INTO seat_position VALUES (469, 'G', 9, 3);
INSERT INTO seat_position VALUES (470, 'G', 10, 3);
INSERT INTO seat_position VALUES (471, 'G', 11, 3);
INSERT INTO seat_position VALUES (472, 'G', 12, 3);
INSERT INTO seat_position VALUES (473, 'G', 13, 3);
INSERT INTO seat_position VALUES (474, 'G', 14, 3);
INSERT INTO seat_position VALUES (475, 'H', 1, 3);
INSERT INTO seat_position VALUES (476, 'H', 2, 3);
INSERT INTO seat_position VALUES (477, 'H', 3, 3);
INSERT INTO seat_position VALUES (478, 'H', 4, 3);
INSERT INTO seat_position VALUES (479, 'H', 5, 3);
INSERT INTO seat_position VALUES (480, 'H', 6, 3);
INSERT INTO seat_position VALUES (481, 'H', 7, 3);
INSERT INTO seat_position VALUES (482, 'H', 8, 3);
INSERT INTO seat_position VALUES (483, 'H', 9, 3);
INSERT INTO seat_position VALUES (484, 'H', 10, 3);
INSERT INTO seat_position VALUES (485, 'H', 11, 3);
INSERT INTO seat_position VALUES (486, 'H', 12, 3);
INSERT INTO seat_position VALUES (487, 'H', 13, 3);
INSERT INTO seat_position VALUES (488, 'H', 14, 3);
INSERT INTO seat_position VALUES (489, 'I', 1, 3);
INSERT INTO seat_position VALUES (490, 'I', 2, 3);
INSERT INTO seat_position VALUES (491, 'I', 3, 3);
INSERT INTO seat_position VALUES (492, 'I', 4, 3);
INSERT INTO seat_position VALUES (493, 'I', 5, 3);
INSERT INTO seat_position VALUES (494, 'I', 6, 3);
INSERT INTO seat_position VALUES (495, 'I', 7, 3);
INSERT INTO seat_position VALUES (496, 'I', 8, 3);
INSERT INTO seat_position VALUES (497, 'I', 9, 3);
INSERT INTO seat_position VALUES (498, 'I', 10, 3);
INSERT INTO seat_position VALUES (499, 'I', 11, 3);
INSERT INTO seat_position VALUES (500, 'I', 12, 3);
INSERT INTO seat_position VALUES (501, 'I', 13, 3);
INSERT INTO seat_position VALUES (502, 'I', 14, 3);
INSERT INTO seat_position VALUES (503, 'J', 1, 3);
INSERT INTO seat_position VALUES (504, 'J', 2, 3);
INSERT INTO seat_position VALUES (505, 'J', 3, 3);
INSERT INTO seat_position VALUES (506, 'J', 4, 3);
INSERT INTO seat_position VALUES (507, 'J', 5, 3);
INSERT INTO seat_position VALUES (508, 'J', 6, 3);
INSERT INTO seat_position VALUES (509, 'J', 7, 3);
INSERT INTO seat_position VALUES (510, 'J', 8, 3);
INSERT INTO seat_position VALUES (511, 'J', 9, 3);
INSERT INTO seat_position VALUES (512, 'J', 10, 3);
INSERT INTO seat_position VALUES (513, 'J', 11, 3);
INSERT INTO seat_position VALUES (514, 'J', 12, 3);
INSERT INTO seat_position VALUES (515, 'J', 13, 3);
INSERT INTO seat_position VALUES (516, 'J', 14, 3);
INSERT INTO seat_position VALUES (517, 'A', 1, 4);
INSERT INTO seat_position VALUES (518, 'A', 2, 4);
INSERT INTO seat_position VALUES (519, 'A', 3, 4);
INSERT INTO seat_position VALUES (520, 'A', 4, 4);
INSERT INTO seat_position VALUES (521, 'A', 5, 4);
INSERT INTO seat_position VALUES (522, 'A', 6, 4);
INSERT INTO seat_position VALUES (523, 'A', 7, 4);
INSERT INTO seat_position VALUES (524, 'A', 8, 4);
INSERT INTO seat_position VALUES (525, 'A', 9, 4);
INSERT INTO seat_position VALUES (526, 'A', 10, 4);
INSERT INTO seat_position VALUES (527, 'A', 11, 4);
INSERT INTO seat_position VALUES (528, 'A', 12, 4);
INSERT INTO seat_position VALUES (529, 'A', 13, 4);
INSERT INTO seat_position VALUES (530, 'A', 14, 4);
INSERT INTO seat_position VALUES (531, 'A', 15, 4);
INSERT INTO seat_position VALUES (532, 'A', 16, 4);
INSERT INTO seat_position VALUES (533, 'B', 1, 4);
INSERT INTO seat_position VALUES (534, 'B', 2, 4);
INSERT INTO seat_position VALUES (535, 'B', 3, 4);
INSERT INTO seat_position VALUES (536, 'B', 4, 4);
INSERT INTO seat_position VALUES (537, 'B', 5, 4);
INSERT INTO seat_position VALUES (538, 'B', 6, 4);
INSERT INTO seat_position VALUES (539, 'B', 7, 4);
INSERT INTO seat_position VALUES (540, 'B', 8, 4);
INSERT INTO seat_position VALUES (541, 'B', 9, 4);
INSERT INTO seat_position VALUES (542, 'B', 10, 4);
INSERT INTO seat_position VALUES (543, 'B', 11, 4);
INSERT INTO seat_position VALUES (544, 'B', 12, 4);
INSERT INTO seat_position VALUES (545, 'B', 13, 4);
INSERT INTO seat_position VALUES (546, 'B', 14, 4);
INSERT INTO seat_position VALUES (547, 'B', 15, 4);
INSERT INTO seat_position VALUES (548, 'B', 16, 4);
INSERT INTO seat_position VALUES (549, 'C', 1, 4);
INSERT INTO seat_position VALUES (550, 'C', 2, 4);
INSERT INTO seat_position VALUES (551, 'C', 3, 4);
INSERT INTO seat_position VALUES (552, 'C', 4, 4);
INSERT INTO seat_position VALUES (553, 'C', 5, 4);
INSERT INTO seat_position VALUES (554, 'C', 6, 4);
INSERT INTO seat_position VALUES (555, 'C', 7, 4);
INSERT INTO seat_position VALUES (556, 'C', 8, 4);
INSERT INTO seat_position VALUES (557, 'C', 9, 4);
INSERT INTO seat_position VALUES (558, 'C', 10, 4);
INSERT INTO seat_position VALUES (559, 'C', 11, 4);
INSERT INTO seat_position VALUES (560, 'C', 12, 4);
INSERT INTO seat_position VALUES (561, 'C', 13, 4);
INSERT INTO seat_position VALUES (562, 'C', 14, 4);
INSERT INTO seat_position VALUES (563, 'C', 15, 4);
INSERT INTO seat_position VALUES (564, 'C', 16, 4);
INSERT INTO seat_position VALUES (565, 'D', 1, 4);
INSERT INTO seat_position VALUES (566, 'D', 2, 4);
INSERT INTO seat_position VALUES (567, 'D', 3, 4);
INSERT INTO seat_position VALUES (568, 'D', 4, 4);
INSERT INTO seat_position VALUES (569, 'D', 5, 4);
INSERT INTO seat_position VALUES (570, 'D', 6, 4);
INSERT INTO seat_position VALUES (571, 'D', 7, 4);
INSERT INTO seat_position VALUES (572, 'D', 8, 4);
INSERT INTO seat_position VALUES (573, 'D', 9, 4);
INSERT INTO seat_position VALUES (574, 'D', 10, 4);
INSERT INTO seat_position VALUES (575, 'D', 11, 4);
INSERT INTO seat_position VALUES (576, 'D', 12, 4);
INSERT INTO seat_position VALUES (577, 'D', 13, 4);
INSERT INTO seat_position VALUES (578, 'D', 14, 4);
INSERT INTO seat_position VALUES (579, 'D', 15, 4);
INSERT INTO seat_position VALUES (580, 'D', 16, 4);
INSERT INTO seat_position VALUES (581, 'E', 1, 4);
INSERT INTO seat_position VALUES (582, 'E', 2, 4);
INSERT INTO seat_position VALUES (583, 'E', 3, 4);
INSERT INTO seat_position VALUES (584, 'E', 4, 4);
INSERT INTO seat_position VALUES (585, 'E', 5, 4);
INSERT INTO seat_position VALUES (586, 'E', 6, 4);
INSERT INTO seat_position VALUES (587, 'E', 7, 4);
INSERT INTO seat_position VALUES (588, 'E', 8, 4);
INSERT INTO seat_position VALUES (589, 'E', 9, 4);
INSERT INTO seat_position VALUES (590, 'E', 10, 4);
INSERT INTO seat_position VALUES (591, 'E', 11, 4);
INSERT INTO seat_position VALUES (592, 'E', 12, 4);
INSERT INTO seat_position VALUES (593, 'E', 13, 4);
INSERT INTO seat_position VALUES (594, 'E', 14, 4);
INSERT INTO seat_position VALUES (595, 'E', 15, 4);
INSERT INTO seat_position VALUES (596, 'E', 16, 4);
INSERT INTO seat_position VALUES (597, 'F', 1, 4);
INSERT INTO seat_position VALUES (598, 'F', 2, 4);
INSERT INTO seat_position VALUES (599, 'F', 3, 4);
INSERT INTO seat_position VALUES (600, 'F', 4, 4);
INSERT INTO seat_position VALUES (601, 'F', 5, 4);
INSERT INTO seat_position VALUES (602, 'F', 6, 4);
INSERT INTO seat_position VALUES (603, 'F', 7, 4);
INSERT INTO seat_position VALUES (604, 'F', 8, 4);
INSERT INTO seat_position VALUES (605, 'F', 9, 4);
INSERT INTO seat_position VALUES (606, 'F', 10, 4);
INSERT INTO seat_position VALUES (607, 'F', 11, 4);
INSERT INTO seat_position VALUES (608, 'F', 12, 4);
INSERT INTO seat_position VALUES (609, 'F', 13, 4);
INSERT INTO seat_position VALUES (610, 'F', 14, 4);
INSERT INTO seat_position VALUES (611, 'F', 15, 4);
INSERT INTO seat_position VALUES (612, 'F', 16, 4);
INSERT INTO seat_position VALUES (613, 'G', 1, 4);
INSERT INTO seat_position VALUES (614, 'G', 2, 4);
INSERT INTO seat_position VALUES (615, 'G', 3, 4);
INSERT INTO seat_position VALUES (616, 'G', 4, 4);
INSERT INTO seat_position VALUES (617, 'G', 5, 4);
INSERT INTO seat_position VALUES (618, 'G', 6, 4);
INSERT INTO seat_position VALUES (619, 'G', 7, 4);
INSERT INTO seat_position VALUES (620, 'G', 8, 4);
INSERT INTO seat_position VALUES (621, 'G', 9, 4);
INSERT INTO seat_position VALUES (622, 'G', 10, 4);
INSERT INTO seat_position VALUES (623, 'G', 11, 4);
INSERT INTO seat_position VALUES (624, 'G', 12, 4);
INSERT INTO seat_position VALUES (625, 'G', 13, 4);
INSERT INTO seat_position VALUES (626, 'G', 14, 4);
INSERT INTO seat_position VALUES (627, 'G', 15, 4);
INSERT INTO seat_position VALUES (628, 'G', 16, 4);
INSERT INTO seat_position VALUES (629, 'H', 1, 4);
INSERT INTO seat_position VALUES (630, 'H', 2, 4);
INSERT INTO seat_position VALUES (631, 'H', 3, 4);
INSERT INTO seat_position VALUES (632, 'H', 4, 4);
INSERT INTO seat_position VALUES (633, 'H', 5, 4);
INSERT INTO seat_position VALUES (634, 'H', 6, 4);
INSERT INTO seat_position VALUES (635, 'H', 7, 4);
INSERT INTO seat_position VALUES (636, 'H', 8, 4);
INSERT INTO seat_position VALUES (637, 'H', 9, 4);
INSERT INTO seat_position VALUES (638, 'H', 10, 4);
INSERT INTO seat_position VALUES (639, 'H', 11, 4);
INSERT INTO seat_position VALUES (640, 'H', 12, 4);
INSERT INTO seat_position VALUES (641, 'H', 13, 4);
INSERT INTO seat_position VALUES (642, 'H', 14, 4);
INSERT INTO seat_position VALUES (643, 'H', 15, 4);
INSERT INTO seat_position VALUES (644, 'H', 16, 4);
INSERT INTO seat_position VALUES (645, 'I', 1, 4);
INSERT INTO seat_position VALUES (646, 'I', 2, 4);
INSERT INTO seat_position VALUES (647, 'I', 3, 4);
INSERT INTO seat_position VALUES (648, 'I', 4, 4);
INSERT INTO seat_position VALUES (649, 'I', 5, 4);
INSERT INTO seat_position VALUES (650, 'I', 6, 4);
INSERT INTO seat_position VALUES (651, 'I', 7, 4);
INSERT INTO seat_position VALUES (652, 'I', 8, 4);
INSERT INTO seat_position VALUES (653, 'I', 9, 4);
INSERT INTO seat_position VALUES (654, 'I', 10, 4);
INSERT INTO seat_position VALUES (655, 'I', 11, 4);
INSERT INTO seat_position VALUES (656, 'I', 12, 4);
INSERT INTO seat_position VALUES (657, 'I', 13, 4);
INSERT INTO seat_position VALUES (658, 'I', 14, 4);
INSERT INTO seat_position VALUES (659, 'I', 15, 4);
INSERT INTO seat_position VALUES (660, 'I', 16, 4);
INSERT INTO seat_position VALUES (661, 'J', 1, 4);
INSERT INTO seat_position VALUES (662, 'J', 2, 4);
INSERT INTO seat_position VALUES (663, 'J', 3, 4);
INSERT INTO seat_position VALUES (664, 'J', 4, 4);
INSERT INTO seat_position VALUES (665, 'J', 5, 4);
INSERT INTO seat_position VALUES (666, 'J', 6, 4);
INSERT INTO seat_position VALUES (667, 'J', 7, 4);
INSERT INTO seat_position VALUES (668, 'J', 8, 4);
INSERT INTO seat_position VALUES (669, 'J', 9, 4);
INSERT INTO seat_position VALUES (670, 'J', 10, 4);
INSERT INTO seat_position VALUES (671, 'J', 11, 4);
INSERT INTO seat_position VALUES (672, 'J', 12, 4);
INSERT INTO seat_position VALUES (673, 'J', 13, 4);
INSERT INTO seat_position VALUES (674, 'J', 14, 4);
INSERT INTO seat_position VALUES (675, 'J', 15, 4);
INSERT INTO seat_position VALUES (676, 'J', 16, 4);
INSERT INTO seat_position VALUES (677, 'K', 1, 4);
INSERT INTO seat_position VALUES (678, 'K', 2, 4);
INSERT INTO seat_position VALUES (679, 'K', 3, 4);
INSERT INTO seat_position VALUES (680, 'K', 4, 4);
INSERT INTO seat_position VALUES (681, 'K', 5, 4);
INSERT INTO seat_position VALUES (682, 'K', 6, 4);
INSERT INTO seat_position VALUES (683, 'K', 7, 4);
INSERT INTO seat_position VALUES (684, 'K', 8, 4);
INSERT INTO seat_position VALUES (685, 'K', 9, 4);
INSERT INTO seat_position VALUES (686, 'K', 10, 4);
INSERT INTO seat_position VALUES (687, 'K', 11, 4);
INSERT INTO seat_position VALUES (688, 'K', 12, 4);
INSERT INTO seat_position VALUES (689, 'K', 13, 4);
INSERT INTO seat_position VALUES (690, 'K', 14, 4);
INSERT INTO seat_position VALUES (691, 'K', 15, 4);
INSERT INTO seat_position VALUES (692, 'K', 16, 4);
INSERT INTO seat_position VALUES (693, 'L', 1, 4);
INSERT INTO seat_position VALUES (694, 'L', 2, 4);
INSERT INTO seat_position VALUES (695, 'L', 3, 4);
INSERT INTO seat_position VALUES (696, 'L', 4, 4);
INSERT INTO seat_position VALUES (697, 'L', 5, 4);
INSERT INTO seat_position VALUES (698, 'L', 6, 4);
INSERT INTO seat_position VALUES (699, 'L', 7, 4);
INSERT INTO seat_position VALUES (700, 'L', 8, 4);
INSERT INTO seat_position VALUES (701, 'L', 9, 4);
INSERT INTO seat_position VALUES (702, 'L', 10, 4);
INSERT INTO seat_position VALUES (703, 'L', 11, 4);
INSERT INTO seat_position VALUES (704, 'L', 12, 4);
INSERT INTO seat_position VALUES (705, 'L', 13, 4);
INSERT INTO seat_position VALUES (706, 'L', 14, 4);
INSERT INTO seat_position VALUES (707, 'L', 15, 4);
INSERT INTO seat_position VALUES (708, 'L', 16, 4);
COMMIT;

-- ----------------------------
-- Table structure for Cinema_room
-- ----------------------------
DROP TABLE IF EXISTS Cinema_room;
CREATE TABLE Cinema_room (
  id int NOT NULL PRIMARY KEY,
  number_row int NOT NULL,
  number_column int NOT NULL,
);

-- ----------------------------
-- Records of Cinema_room
-- ----------------------------
BEGIN;
INSERT INTO Cinema_room VALUES (1, 12, 18);
INSERT INTO Cinema_room VALUES (2, 10, 16);
INSERT INTO Cinema_room VALUES (3, 10, 14);
INSERT INTO Cinema_room VALUES (4, 12, 16);
COMMIT;

-- ----------------------------
-- Table structure for Cinema
-- ----------------------------
DROP TABLE IF EXISTS Cinema;
CREATE TABLE Cinema (
  id varchar(15) NOT NULL PRIMARY KEY,
  cinema_name varchar(100) NOT NULL,
  [time] int NOT NULL,
  age_limit int NOT NULL,
  screen_date date NOT NULL,
  [language] varchar(20) NOT NULL,
  acter VARCHAR(255) NOT NULL,
  country varchar(45) NOT NULL,
  maternity varchar(45) NOT NULL,
  summary varchar(1000) DEFAULT NULL,
  [status] varchar(20) NOT NULL,
  picture varchar(200) DEFAULT NULL,
  loai_phim_id int NOT NULL,
  
);

-- ----------------------------
-- Records of Cinema
-- ----------------------------
BEGIN;
INSERT INTO Cinema VALUES ('PH00001', 'Thám Tử Conan :Kẻ Hành Pháp Zero', 120, 13, '2018-01-01', 'Tiếng Anh', 'Đang cập nhật.', 'Mỹ', 'George Lucas', 'Conan Movie 22 xoay quanh nhân vật Tooru \"Zero\" Amuro và nghi vấn cảnh sát trưởng Kuroda là một trong những thành phần của tổ chức áo đen.', 'Ngừng chiếu', 'phim/1-201804928.jpg', 27);
INSERT INTO Cinema VALUES ('PH00002', 'Cớm Tốt Cớm Xấu 2', 130, 13, '2018-01-01', 'Tiếng Anh', 'Colm Feore, Erik Knudsen, Lucie Laurier, Patrick Huard, Noam Jenkins.', 'Mỹ', 'Steven Spielberg', '8 năm trước, Martin Ward và David Bouchard dã gặp nhau một cách đầy ngoạn mục tại biên giới giữa Quebec và Ontario. Hai người đàn ông vẫn còn làm bạn với nhau nhưng thời gian dần trôi, họ đã không còn trò chuyện cả năm trời. Trong phần này, Ward và Bouchard phải đối mặt với một vụ trộm cắp xe hơi lớn mà hóa ra ẩn chứa trong đó còn rất nhiều uẩn khúc.', 'Ngừng chiếu', 'phim/1-201710810.jpg', 28);
INSERT INTO Cinema VALUES ('PH00003', 'Cô Gái Báo Thù', 100, 16, '2018-01-01', 'Tiếng Nhật Bản', 'Kiritani Mirei, Suzuki Nobuyuki, Kiyohara Sho.', 'Nhật Bản', 'Michael Bay', 'Câu chuyện kể về Miki Takaraishi, một cô gái xinh đẹp 24 tuổi tốt nghiệp đại học Tokyo danh tiếng với thứ hạng đầu và từng đoạt danh hiệu Miss Campus, vì vậy Miki được xem là một cô gái hoàn hảo cả về ngoại hình lẫn trí tuệ ngoại trừ tính cách có vấn đề. Cô ấy đang hẹn hò với Yuga Saito,một anh chàng đẹp trai giàu có và xuất thân từ một gia đình chính trị gia.', 'Ngừng chiếu', 'phim/64a285864e7b14302ef7ce5dee395601d73a1df5349feffa92pimgpshfullsizedistr-201810802.jpg', 29);
INSERT INTO Cinema VALUES ('PH00004', 'Sự Thanh Trừng 4: Cuộc Thanh Trừng Đầu Tiên', 100, 18, '2018-01-01', 'Tiếng Anh', 'Marisa Tomei, Mo McRae, Steve Harris, Patch Darragh, Luna Lauren Velez.', 'Mỹ', 'Peter Jackson', 'Phim hành động kinh dị này của đạo diễn Gerard McMurray đóng vai trò như một prequel kể lại những sự kiện dẫn đến sự kiện Thanh trừng đầu tiên. Để đẩy tỷ lệ tội phạm xuống dưới một phần trăm trong thời gian còn lại của năm, Tổ chức sáng lập mới của Hoa Kỳ (NFFA) kiểm tra một lý thuyết xã hội học nhằm chọc giận một cộng đồng bị cô lập trong một đêm để họ sát hại lẫn nhau.', 'Ngừng chiếu', 'phim/1-201809561.jpg', 27);
INSERT INTO Cinema VALUES ('PH00005', 'Kẻ Cắp Giáng Sinh', 90, 18, '2018-01-12', 'Tiếng Anh', 'Benedict Cumberbatch, Cameron Seely, Rashida Jones.', 'Mỹ', 'Peter Jackson', 'The Grinch kể về một gã cau có, hay hoài nghi đang tiến hành nhiệm vụ ăn cắp Giáng sinh, chỉ khi trái tim bị khuất phục bởi tinh thần Giáng sinh hào phóng của một cô gái trẻ gã mới thay đổi. Hài hước, ấm áp và tràn đầy những hình ảnh tuyệt đẹp về thị giác, The Grinch là một câu chuyện về tinh thần Giáng sinh và sức mạnh không thể lay chuyển của sự lạc quan.', 'Ngừng chiếu', 'phim/1-201811284.jpg', 28);
INSERT INTO Cinema VALUES ('PH00006', 'Vượt Qua Ranh Giới', 120, 18, '2018-01-01', 'Tiếng Nhật Bản', 'Joe Odagiri, Yû Aoi.', 'Nhật Bản', 'James Cameron', 'Yoshio Shiraiwa đã ly hôn với vợ, người đã từ chối anh đến thăm con gái duy nhất của mình. Anh trở về quê hương Hakodate và đăng ký học tại một trường dạy nghề chuyên về nghề mộc trong khi nhận tiền thất nghiệp. Một ngày nọ, anh tình cờ gặp một người phụ nữ có tên Tamura Satoshi, anh bị say nắng ngay cô nàng. Và rồi duyên phận đưa hai người cùng tham gia một buổi tiệc, mối lương duyên bắt đầu từ đó...', 'Ngừng chiếu', 'phim/1-201810413.jpg', 29);
INSERT INTO Cinema VALUES ('PH00007', 'Kẻ Không Ngủ', 100, 13, '2018-01-14', 'Tiếng Anh', 'Olga Kurylenko, Javier Botet.', 'Mỹ', 'Jerry Bruckheimer', 'xoay quanh một nhà tâm lý học hình sự tên là Kate Fuller, đang điều tra vụ án một người đàn ông bị bóp cổ chết trong giấc ngủ của mình. Nhân chứng duy nhất là con gái ông ta, cô bé nói với Kate rằng Mara đã sát hại cha mình.', 'Ngừng chiếu', 'phim/1-201809962.jpg', 29);
INSERT INTO Cinema VALUES ('PH00008', 'Tân Ô Long Viện : Tiếu Ngạo Giang Hồ', 102, 16, '2018-02-27', 'Tiếng Trung Quốc', 'Diệp Toàn Chân, Hác Thiệu Văn, Ngô Mạnh Đạt.', 'Trung Quốc', 'James Cameron', 'Bộ phim sẽ đưa khán giả quay lại với kí ức về một Ô Long Viện với những trò nghịch ngợm quỷ quái của các chú tiểu. Đến với Tân Ô Long Viện – Tiếu Ngạo Giang Hồ, 2 trong số 3 nhân vật chính của phần 1 sẽ quay trở lại trong phần này, đó là “sư huynh” Ngô Mạnh Đạt – “cặp bài trùng” một thời của Châu Tinh Trì và “sư đệ” mập mạp đáng yêu – Hác Thiệu Văn. Trong phần này, Ô Long Viện mở một đợt nhập môn, nhưng một số đối tượng xấu lợi dụng cơ hội này để tìm cách đột nhập và gây một số bất lợi cho Ô Long Viện.', 'Ngừng chiếu', 'phim/1-201810950.jpg', 28);
INSERT INTO Cinema VALUES ('PH00010', 'Bạn Cùng Phòng Vượt Thời Gian', 90, 18, '2018-02-19', 'Tiếng Trung Quốc', 'Đồng Lệ Á, Xu Zheng, Tao Hong, Jiayin Lei.', 'Trung Quốc', '', 'Cốc Tiểu Tiêu, một cô gái đến từ năm 2018 đi lừa tiền người ta nhưng lại bị lừa lại. Lục Minh, một chàng trai đến từ năm 1999 vì dốc hết sức lôi kéo đầu tư mà bị cuốn vào chuyện ông chủ bị hãm hại. Một sáng thức dậy và họ nhận ra không gian thời gian bị ghép lại, hai người họ cùng nằm trên một chiếc giường. Điều ngạc nhiên là họ có thể đưa đối phương đến thời đại của mình thông qua cánh cửa phòng của mình.', 'Ngừng chiếu', 'phim/1-201809277.jpg', 28);
INSERT INTO Cinema VALUES ('PH00011', 'Công Phá Châu Âu', 100, 13, '2018-02-21', 'Tiếng Việt', 'Đường Yên, Ngô Diệc Phàm, Lương Triều Vỹ, Đỗ Quyên.', 'Trung Quốc', 'Hãng phim A', 'là một câu chuyện về Lâm Tại Phong (Lương Triều Vỹ) - một trong những điệp viên hàng đầu thế giới. Anh cùng các trợ thủ như Vương Đình Anh (Đường Yên), hacker Lạc Kỳ (Ngô Diệc Phàm) truy tìm công nghệ “bàn tay của Chúa” bị đánh cắp tại Châu Âu. Trong quá trình săn tìm, họ đã nhận phải sự truy lùng của các băng đản Châu Âu, CIA Mỹ và Liên minh chống tội phạm Châu Âu.', 'Ngừng chiếu', 'phim/cong-201810167.jpg', 27);
INSERT INTO Cinema VALUES ('PH00012', 'Cuộc Tình Chốn Phồn Hoa', 100, 18, '2018-02-17', 'Tiếng Anh', 'Steve Carell, Jesse Eisenberg, Kristen Stewart.', 'Mỹ', 'Peter Jackson', 'là một bộ phim của đạo diễn Woody Allen kể về mối tình không biết bao giờ thành của Vonnie Sybil và Bobby Dorfman trong lòng xã hội Hollywood những năm 1930s - thời kì hoàng kim của xứ điện ảnh.', 'Ngừng chiếu', 'phim/1-201810599.jpg', 28);
INSERT INTO Cinema VALUES ('PH00013', 'Giữa Chín Tầng Mây', 90, 0, '2018-02-22', 'Tiếng Ấn Độ', 'Ishaan Khattar, Malavika Mohanan, Goutam Ghose.', 'Ấn Độ', 'Brian Grazer', 'Lấy bối cảnh ở khu ổ chuột nghèo khó Mumbai. Người thanh niên Aamir buộc chọn nghề giao \"thuốc\" để kiếm cơm. Trong một lần đang làm việc Aamir bị cảnh sát truy đuổi, anh đã chạy vào tiệm giặt ủi nơi làm việc của người em gái Tara. Cô em Tara nhận tội và đi tù thay cho người anh trai của cô khi cảnh sát kiểm tra và phát hiển ra gói \"hàng\" ở đó. Chuỗi ngày dài về tình cảm anh em và nước mắt bắt đầu từ đây...', 'Ngừng chiếu', 'phim/1-201810494.jpg', 29);
INSERT INTO Cinema VALUES ('PH00014', 'Người Kiến Và Chiến Binh Ong', 100, 0, '2018-02-17', 'Tiếng Anh', 'Walton Goggins, Evangeline Lilly, Michelle Pfeiffer.', 'Mỹ', 'Jerry Bruckheimer', 'Hậu “Captain America: Civil War”, Scott Lang phải đấu tranh để cân bằng cuộc sống gia đình với trách nhiệm là Ant-Man. Anh gặp Hope van Dyne và Tiến sĩ Hank Pym với một nhiệm vụ mới cấp bách: học cách chiến đấu cùng với The Wasp để khám phá bí mật quá khứ của hai người. Avengers: Infinity War đã tạo ra một cú shock lịch sử chưa từng có trong vũ trụ điện ảnh Marvel.', 'Ngừng chiếu', 'phim/1-201809810.jpg', 27);
INSERT INTO Cinema VALUES ('PH00015', 'Chuyến Đi Của Những Cô Gái', 90, 0, '2018-02-06', 'Tiếng Anh', 'Jada Pinkett Smith, Mike Colter, Tiffany Haddish, Queen Latifah, Larenz Tate.', 'Mỹ', '', 'Khi bốn người bạn thời thơ ấu - Regina Hall, Queen Latifah, Jada Pinkett Smith và Tiffany Haddish - du lịch đến New Orleans để tham dự Liên hoan Essence hàng năm, họ gặp nhau và tình chị em đã được thắp lại cùng với sự hoang dã, những vũ điệu, rượu vang, và sự lãng mạn...', 'Ngừng chiếu', 'phim/1-201810732.jpg', 28);
INSERT INTO Cinema VALUES ('PH00016', 'Bậc Thầy Phong Thủy', 126, 18, '2018-03-27', 'Tiếng Hàn Quốc', 'Ji Sung, Cho Seung Woo, Kim Sung Kyun, Baek Yoon Sik, Moon Chae-Won Cho-Sun.', 'Hàn Quốc', '', 'đánh dấu sự trở lại của tài tử Jo Seung Woo sau ba năm vắng bóng màn ảnh rộng kể từ hit 18+ Inside Men. Dự án này có kinh phí 12 tỉ won (khoảng 249 tỉ VND) và là phần phim cuối cùng trong một bộ ba phim lịch sử Hàn Quốc, hai tác phẩm trước là The Face Reader (2013) và The Princess and the Matchmaker (2018).', 'Ngừng chiếu', 'phim/1-201811345.jpg', 30);
INSERT INTO Cinema VALUES ('PH00017', 'Nạn Đói Năm 47', 100, 16, '2018-03-17', 'Tiếng Anh', 'Stephen Rea, Hugo Weaving, Barry Keoghan, Moe Dunford, James Frecheville.', 'Mỹ', 'Kathleen Kennedy', 'Trong thời kỳ nạn đói xảy ra ở Ai-Len, một người Ai-Len tên là Ranger đã chiến đấu trong quân đội Anh ở nước ngoài, ông từ bỏ vị trí của mình để trở về đoàn tụ với gia đình. Mặc dù trải qua những kinh hoàng trong chiến tranh nhưng ông vẫn bị sốc khi chứng kiến nạn đói ở quê hương ảnh hưởng đến người dân cũng như với gia đình của mình.', 'Ngừng chiếu', 'phim/1-201811131.jpg', 27);
INSERT INTO Cinema VALUES ('PH00019', 'Những Cô Nàng Hắc Ám', 100, 0, '2018-03-12', 'Tiếng Nhật Bản', 'Đang cập nhật.', 'Nhật Bản', 'Harvey Weinstein', 'Một ngày nọ, Itsumi Shiraishi (Marie Iitoyo) chết tại trường THPT Nữ sinh Seibo Maria. Cô ngã từ sân thượng của trường. Itsumi là nữ sinh ưu tú và nổi tiếng nhất trường nên mọi người đều quan tâm đến cái chết kỳ lạ của cô ấy.', 'Ngừng chiếu', 'phim/1-201810694.jpg', 29);
INSERT INTO Cinema VALUES ('PH00020', 'Vũ Khí Bí Ẩn', 100, 0, '2018-03-13', 'Tiếng Anh', 'James Franco, Dennis Quaid, Zoë Kravitz, Jack Reynor, Carrie Coon.', 'Mỹ', 'Steven Spielberg', 'là một bộ phim khoa học viễn tưởng (Sci-fi) kể về hành trình chạy trốn của một cậu bé da màu (14 tuổi) và người anh trai nuôi khỏi sự truy sát của một tên tội phạm khát máu và hai kẻ “giấu mặt”.', 'Ngừng chiếu', 'phim/1-201811267.jpg', 27);

COMMIT;
-- ----------------------------
-- Table structure for projection
-- ----------------------------
DROP TABLE IF EXISTS projection;
CREATE TABLE projection (
	id varchar(15) NOT NULL,
	time_start time NOT NULL,
	time_end time NOT NULL,
	screen_date date NOT NULL,
	cinema_id varchar(15) NOT NULL,
	cinema_room_id int NOT NULL,
  PRIMARY KEY (id),
  CONSTRAINT FK_projection_Cinema FOREIGN KEY (cinema_id) REFERENCES Cinema(id) ON UPDATE CASCADE,
  CONSTRAINT FK_projection_Cinema_room FOREIGN KEY (cinema_room_id) REFERENCES Cinema_room(id) ON UPDATE CASCADE
);

-- ----------------------------
-- Records of suat_chieu
-- ----------------------------
BEGIN;
INSERT INTO projection VALUES ('SC00000001', '2018-05-01 08:30:00', '2018-05-01 10:30:00', '2018-05-01', 'PH00001', 1);
INSERT INTO projection VALUES ('SC00000002', '2018-05-01 10:45:00', '2018-05-01 12:45:00', '2018-05-01', 'PH00006', 1);
INSERT INTO projection VALUES ('SC00000003', '2018-05-01 13:00:00', '2018-05-01 15:00:00', '2018-05-01', 'PH00001', 1);
INSERT INTO projection VALUES ('SC00000004', '2018-05-01 15:15:00', '2018-05-01 17:15:00', '2018-05-01', 'PH00006', 1);
INSERT INTO projection VALUES ('SC00000005', '2018-05-01 17:30:00', '2018-05-01 19:30:00', '2018-05-01', 'PH00001', 1);
INSERT INTO projection VALUES ('SC00000006', '2018-05-01 19:45:00', '2018-05-01 21:45:00', '2018-05-01', 'PH00006', 1);
INSERT INTO projection VALUES ('SC00000007', '2018-05-01 22:00:00', '2018-05-02 00:00:00', '2018-05-01', 'PH00001', 1);
INSERT INTO projection VALUES ('SC00000008', '2018-05-01 08:30:00', '2018-05-01 10:40:00', '2018-05-01', 'PH00002', 2);
INSERT INTO projection VALUES ('SC00000009', '2018-05-01 10:55:00', '2018-05-01 13:05:00', '2018-05-01', 'PH00002', 2);
INSERT INTO projection VALUES ('SC00000010', '2018-05-01 13:20:00', '2018-05-01 15:30:00', '2018-05-01', 'PH00002', 2);
INSERT INTO projection VALUES ('SC00000011', '2018-05-01 15:45:00', '2018-05-01 17:55:00', '2018-05-01', 'PH00002', 2);
INSERT INTO projection VALUES ('SC00000012', '2018-05-01 18:10:00', '2018-05-01 20:20:00', '2018-05-01', 'PH00002', 2);
INSERT INTO projection VALUES ('SC00000013', '2018-05-01 20:35:00', '2018-05-01 22:45:00', '2018-05-01', 'PH00002', 2);
INSERT INTO projection VALUES ('SC00000014', '2018-05-01 08:30:00', '2018-05-01 10:10:00', '2018-05-01', 'PH00003', 3);
INSERT INTO projection VALUES ('SC00000015', '2018-05-01 10:25:00', '2018-05-01 12:05:00', '2018-05-01', 'PH00003', 3);
INSERT INTO projection VALUES ('SC00000016', '2018-05-01 12:20:00', '2018-05-01 14:00:00', '2018-05-01', 'PH00003', 3);
INSERT INTO projection VALUES ('SC00000017', '2018-05-01 14:15:00', '2018-05-01 15:55:00', '2018-05-01', 'PH00003', 3);
INSERT INTO projection VALUES ('SC00000018', '2018-05-01 16:10:00', '2018-05-01 17:50:00', '2018-05-01', 'PH00003', 3);
INSERT INTO projection VALUES ('SC00000019', '2018-05-01 18:05:00', '2018-05-01 19:45:00', '2018-05-01', 'PH00003', 3);
INSERT INTO projection VALUES ('SC00000020', '2018-05-01 20:00:00', '2018-05-01 21:40:00', '2018-05-01', 'PH00003', 3);
INSERT INTO projection VALUES ('SC00000021', '2018-05-01 21:55:00', '2018-05-01 23:35:00', '2018-05-01', 'PH00003', 3);
INSERT INTO projection VALUES ('SC00000022', '2018-05-01 08:30:00', '2018-05-01 10:10:00', '2018-05-01', 'PH00004', 4);
INSERT INTO projection VALUES ('SC00000023', '2018-05-01 10:25:00', '2018-05-01 12:05:00', '2018-05-01', 'PH00004', 4);
INSERT INTO projection VALUES ('SC00000024', '2018-05-01 12:20:00', '2018-05-01 14:00:00', '2018-05-01', 'PH00004', 4);
INSERT INTO projection VALUES ('SC00000025', '2018-05-01 14:15:00', '2018-05-01 15:55:00', '2018-05-01', 'PH00004', 4);
INSERT INTO projection VALUES ('SC00000026', '2018-05-01 16:10:00', '2018-05-01 17:50:00', '2018-05-01', 'PH00004', 4);
INSERT INTO projection VALUES ('SC00000027', '2018-05-01 18:05:00', '2018-05-01 19:45:00', '2018-05-01', 'PH00004', 4);
INSERT INTO projection VALUES ('SC00000028', '2018-05-01 20:00:00', '2018-05-01 21:40:00', '2018-05-01', 'PH00004', 4);
INSERT INTO projection VALUES ('SC00000029', '2018-05-01 21:55:00', '2018-05-01 23:35:00', '2018-05-01', 'PH00004', 4);
INSERT INTO projection VALUES ('SC00000030', '2018-05-02 08:30:00', '2018-05-02 10:30:00', '2018-05-02', 'PH00001', 1);
INSERT INTO projection VALUES ('SC00000031', '2018-05-02 10:45:00', '2018-05-02 12:45:00', '2018-05-02', 'PH00006', 1);
INSERT INTO projection VALUES ('SC00000032', '2018-05-02 13:00:00', '2018-05-02 15:00:00', '2018-05-02', 'PH00001', 1);
INSERT INTO projection VALUES ('SC00000033', '2018-05-02 15:15:00', '2018-05-02 17:15:00', '2018-05-02', 'PH00006', 1);
INSERT INTO projection VALUES ('SC00000034', '2018-05-02 17:30:00', '2018-05-02 19:30:00', '2018-05-02', 'PH00001', 1);
INSERT INTO projection VALUES ('SC00000035', '2018-05-02 19:45:00', '2018-05-02 21:45:00', '2018-05-02', 'PH00006', 1);
INSERT INTO projection VALUES ('SC00000036', '2018-05-02 22:00:00', '2018-05-03 00:00:00', '2018-05-02', 'PH00001', 1);
INSERT INTO projection VALUES ('SC00000037', '2018-05-02 08:30:00', '2018-05-02 10:40:00', '2018-05-02', 'PH00002', 2);
INSERT INTO projection VALUES ('SC00000038', '2018-05-02 10:55:00', '2018-05-02 13:05:00', '2018-05-02', 'PH00002', 2);
INSERT INTO projection VALUES ('SC00000039', '2018-05-02 13:20:00', '2018-05-02 15:30:00', '2018-05-02', 'PH00002', 2);
INSERT INTO projection VALUES ('SC00000040', '2018-05-02 15:45:00', '2018-05-02 17:55:00', '2018-05-02', 'PH00002', 2);
INSERT INTO projection VALUES ('SC00000041', '2018-05-02 18:10:00', '2018-05-02 20:20:00', '2018-05-02', 'PH00002', 2);
INSERT INTO projection VALUES ('SC00000042', '2018-05-02 20:35:00', '2018-05-02 22:45:00', '2018-05-02', 'PH00002', 2);
INSERT INTO projection VALUES ('SC00000043', '2018-05-02 08:30:00', '2018-05-02 10:10:00', '2018-05-02', 'PH00003', 3);
INSERT INTO projection VALUES ('SC00000044', '2018-05-02 10:25:00', '2018-05-02 12:05:00', '2018-05-02', 'PH00003', 3);
INSERT INTO projection VALUES ('SC00000045', '2018-05-02 12:20:00', '2018-05-02 14:00:00', '2018-05-02', 'PH00003', 3);
INSERT INTO projection VALUES ('SC00000046', '2018-05-02 14:15:00', '2018-05-02 15:55:00', '2018-05-02', 'PH00003', 3);
INSERT INTO projection VALUES ('SC00000047', '2018-05-02 16:10:00', '2018-05-02 17:50:00', '2018-05-02', 'PH00003', 3);
INSERT INTO projection VALUES ('SC00000048', '2018-05-02 18:05:00', '2018-05-02 19:45:00', '2018-05-02', 'PH00003', 3);
INSERT INTO projection VALUES ('SC00000049', '2018-05-02 20:00:00', '2018-05-02 21:40:00', '2018-05-02', 'PH00003', 3);
INSERT INTO projection VALUES ('SC00000050', '2018-05-02 21:55:00', '2018-05-02 23:35:00', '2018-05-02', 'PH00003', 3);
INSERT INTO projection VALUES ('SC00000051', '2018-05-02 08:30:00', '2018-05-02 10:10:00', '2018-05-02', 'PH00004', 4);
INSERT INTO projection VALUES ('SC00000052', '2018-05-02 10:25:00', '2018-05-02 12:05:00', '2018-05-02', 'PH00004', 4);
INSERT INTO projection VALUES ('SC00000053', '2018-05-02 12:20:00', '2018-05-02 14:00:00', '2018-05-02', 'PH00004', 4);
INSERT INTO projection VALUES ('SC00000054', '2018-05-02 14:15:00', '2018-05-02 15:55:00', '2018-05-02', 'PH00004', 4);
INSERT INTO projection VALUES ('SC00000055', '2018-05-02 16:10:00', '2018-05-02 17:50:00', '2018-05-02', 'PH00004', 4);
INSERT INTO projection VALUES ('SC00000056', '2018-05-02 18:05:00', '2018-05-02 19:45:00', '2018-05-02', 'PH00004', 4);
INSERT INTO projection VALUES ('SC00000057', '2018-05-02 20:00:00', '2018-05-02 21:40:00', '2018-05-02', 'PH00004', 4);
INSERT INTO projection VALUES ('SC00000058', '2018-05-02 21:55:00', '2018-05-02 23:35:00', '2018-05-02', 'PH00004', 4);
INSERT INTO projection VALUES ('SC00000059', '2018-05-03 08:30:00', '2018-05-03 10:30:00', '2018-05-03', 'PH00001', 1);
INSERT INTO projection VALUES ('SC00000060', '2018-05-03 10:45:00', '2018-05-03 12:45:00', '2018-05-03', 'PH00006', 1);
INSERT INTO projection VALUES ('SC00000061', '2018-05-03 13:00:00', '2018-05-03 15:00:00', '2018-05-03', 'PH00001', 1);
INSERT INTO projection VALUES ('SC00000062', '2018-05-03 15:15:00', '2018-05-03 17:15:00', '2018-05-03', 'PH00006', 1);
INSERT INTO projection VALUES ('SC00000063', '2018-05-03 17:30:00', '2018-05-03 19:30:00', '2018-05-03', 'PH00001', 1);
INSERT INTO projection VALUES ('SC00000064', '2018-05-03 19:45:00', '2018-05-03 21:45:00', '2018-05-03', 'PH00006', 1);
INSERT INTO projection VALUES ('SC00000065', '2018-05-03 22:00:00', '2018-05-04 00:00:00', '2018-05-03', 'PH00001', 1);
INSERT INTO projection VALUES ('SC00000066', '2018-05-03 08:30:00', '2018-05-03 10:40:00', '2018-05-03', 'PH00002', 2);
INSERT INTO projection VALUES ('SC00000067', '2018-05-03 10:55:00', '2018-05-03 13:05:00', '2018-05-03', 'PH00002', 2);
INSERT INTO projection VALUES ('SC00000068', '2018-05-03 13:20:00', '2018-05-03 15:30:00', '2018-05-03', 'PH00002', 2);
INSERT INTO projection VALUES ('SC00000069', '2018-05-03 15:45:00', '2018-05-03 17:55:00', '2018-05-03', 'PH00002', 2);
INSERT INTO projection VALUES ('SC00000070', '2018-05-03 18:10:00', '2018-05-03 20:20:00', '2018-05-03', 'PH00002', 2);
INSERT INTO projection VALUES ('SC00000071', '2018-05-03 20:35:00', '2018-05-03 22:45:00', '2018-05-03', 'PH00002', 2);
INSERT INTO projection VALUES ('SC00000072', '2018-05-03 08:30:00', '2018-05-03 10:10:00', '2018-05-03', 'PH00003', 3);
INSERT INTO projection VALUES ('SC00000073', '2018-05-03 10:25:00', '2018-05-03 12:05:00', '2018-05-03', 'PH00003', 3);
INSERT INTO projection VALUES ('SC00000074', '2018-05-03 12:20:00', '2018-05-03 14:00:00', '2018-05-03', 'PH00003', 3);
INSERT INTO projection VALUES ('SC00000075', '2018-05-03 14:15:00', '2018-05-03 15:55:00', '2018-05-03', 'PH00003', 3);
INSERT INTO projection VALUES ('SC00000076', '2018-05-03 16:10:00', '2018-05-03 17:50:00', '2018-05-03', 'PH00003', 3);
INSERT INTO projection VALUES ('SC00000077', '2018-05-03 18:05:00', '2018-05-03 19:45:00', '2018-05-03', 'PH00003', 3);
INSERT INTO projection VALUES ('SC00000078', '2018-05-03 20:00:00', '2018-05-03 21:40:00', '2018-05-03', 'PH00003', 3);
INSERT INTO projection VALUES ('SC00000079', '2018-05-03 21:55:00', '2018-05-03 23:35:00', '2018-05-03', 'PH00003', 3);
INSERT INTO projection VALUES ('SC00000080', '2018-05-03 08:30:00', '2018-05-03 10:10:00', '2018-05-03', 'PH00004', 4);
INSERT INTO projection VALUES ('SC00000081', '2018-05-03 10:25:00', '2018-05-03 12:05:00', '2018-05-03', 'PH00004', 4);
INSERT INTO projection VALUES ('SC00000082', '2018-05-03 12:20:00', '2018-05-03 14:00:00', '2018-05-03', 'PH00004', 4);
INSERT INTO projection VALUES ('SC00000083', '2018-05-03 14:15:00', '2018-05-03 15:55:00', '2018-05-03', 'PH00004', 4);
INSERT INTO projection VALUES ('SC00000084', '2018-05-03 16:10:00', '2018-05-03 17:50:00', '2018-05-03', 'PH00004', 4);
INSERT INTO projection VALUES ('SC00000085', '2018-05-03 18:05:00', '2018-05-03 19:45:00', '2018-05-03', 'PH00004', 4);
INSERT INTO projection VALUES ('SC00000086', '2018-05-03 20:00:00', '2018-05-03 21:40:00', '2018-05-03', 'PH00004', 4);
INSERT INTO projection VALUES ('SC00000087', '2018-05-03 21:55:00', '2018-05-03 23:35:00', '2018-05-03', 'PH00004', 4);
INSERT INTO projection VALUES ('SC00000088', '2018-05-04 08:30:00', '2018-05-04 10:30:00', '2018-05-04', 'PH00001', 1);
INSERT INTO projection VALUES ('SC00000089', '2018-05-04 10:45:00', '2018-05-04 12:45:00', '2018-05-04', 'PH00006', 1);
INSERT INTO projection VALUES ('SC00000090', '2018-05-04 13:00:00', '2018-05-04 15:00:00', '2018-05-04', 'PH00001', 1);
INSERT INTO projection VALUES ('SC00000091', '2018-05-04 15:15:00', '2018-05-04 17:15:00', '2018-05-04', 'PH00006', 1);
INSERT INTO projection VALUES ('SC00000092', '2018-05-04 17:30:00', '2018-05-04 19:30:00', '2018-05-04', 'PH00001', 1);
INSERT INTO projection VALUES ('SC00000093', '2018-05-04 19:45:00', '2018-05-04 21:45:00', '2018-05-04', 'PH00006', 1);
INSERT INTO projection VALUES ('SC00000094', '2018-05-04 22:00:00', '2018-05-05 00:00:00', '2018-05-04', 'PH00001', 1);
INSERT INTO projection VALUES ('SC00000095', '2018-05-04 08:30:00', '2018-05-04 10:40:00', '2018-05-04', 'PH00002', 2);
INSERT INTO projection VALUES ('SC00000096', '2018-05-04 10:55:00', '2018-05-04 13:05:00', '2018-05-04', 'PH00002', 2);
INSERT INTO projection VALUES ('SC00000097', '2018-05-04 13:20:00', '2018-05-04 15:30:00', '2018-05-04', 'PH00002', 2);
INSERT INTO projection VALUES ('SC00000098', '2018-05-04 15:45:00', '2018-05-04 17:55:00', '2018-05-04', 'PH00002', 2);
INSERT INTO projection VALUES ('SC00000099', '2018-05-04 18:10:00', '2018-05-04 20:20:00', '2018-05-04', 'PH00002', 2);
INSERT INTO projection VALUES ('SC00000100', '2018-05-04 20:35:00', '2018-05-04 22:45:00', '2018-05-04', 'PH00002', 2);
INSERT INTO projection VALUES ('SC00000101', '2018-05-04 08:30:00', '2018-05-04 10:10:00', '2018-05-04', 'PH00003', 3);
INSERT INTO projection VALUES ('SC00000102', '2018-05-04 10:25:00', '2018-05-04 12:05:00', '2018-05-04', 'PH00003', 3);
INSERT INTO projection VALUES ('SC00000103', '2018-05-04 12:20:00', '2018-05-04 14:00:00', '2018-05-04', 'PH00003', 3);
INSERT INTO projection VALUES ('SC00000104', '2018-05-04 14:15:00', '2018-05-04 15:55:00', '2018-05-04', 'PH00003', 3);
INSERT INTO projection VALUES ('SC00000105', '2018-05-04 16:10:00', '2018-05-04 17:50:00', '2018-05-04', 'PH00003', 3);
INSERT INTO projection VALUES ('SC00000106', '2018-05-04 18:05:00', '2018-05-04 19:45:00', '2018-05-04', 'PH00003', 3);
INSERT INTO projection VALUES ('SC00000107', '2018-05-04 20:00:00', '2018-05-04 21:40:00', '2018-05-04', 'PH00003', 3);
INSERT INTO projection VALUES ('SC00000108', '2018-05-04 21:55:00', '2018-05-04 23:35:00', '2018-05-04', 'PH00003', 3);
INSERT INTO projection VALUES ('SC00000109', '2018-05-04 08:30:00', '2018-05-04 10:10:00', '2018-05-04', 'PH00004', 4);
INSERT INTO projection VALUES ('SC00000110', '2018-05-04 10:25:00', '2018-05-04 12:05:00', '2018-05-04', 'PH00004', 4);
INSERT INTO projection VALUES ('SC00000111', '2018-05-04 12:20:00', '2018-05-04 14:00:00', '2018-05-04', 'PH00004', 4);
INSERT INTO projection VALUES ('SC00000112', '2018-05-04 14:15:00', '2018-05-04 15:55:00', '2018-05-04', 'PH00004', 4);
INSERT INTO projection VALUES ('SC00000113', '2018-05-04 16:10:00', '2018-05-04 17:50:00', '2018-05-04', 'PH00004', 4);
INSERT INTO projection VALUES ('SC00000114', '2018-05-04 18:05:00', '2018-05-04 19:45:00', '2018-05-04', 'PH00004', 4);
INSERT INTO projection VALUES ('SC00000115', '2018-05-04 20:00:00', '2018-05-04 21:40:00', '2018-05-04', 'PH00004', 4);
INSERT INTO projection VALUES ('SC00000116', '2018-05-04 21:55:00', '2018-05-04 23:35:00', '2018-05-04', 'PH00004', 4);
INSERT INTO projection VALUES ('SC00000117', '2018-05-05 08:30:00', '2018-05-05 10:30:00', '2018-05-05', 'PH00001', 1);
INSERT INTO projection VALUES ('SC00000118', '2018-05-05 10:45:00', '2018-05-05 12:45:00', '2018-05-05', 'PH00006', 1);
INSERT INTO projection VALUES ('SC00000119', '2018-05-05 13:00:00', '2018-05-05 15:00:00', '2018-05-05', 'PH00001', 1);
INSERT INTO projection VALUES ('SC00000120', '2018-05-05 15:15:00', '2018-05-05 17:15:00', '2018-05-05', 'PH00006', 1);
INSERT INTO projection VALUES ('SC00000121', '2018-05-05 17:30:00', '2018-05-05 19:30:00', '2018-05-05', 'PH00001', 1);
INSERT INTO projection VALUES ('SC00000122', '2018-05-05 19:45:00', '2018-05-05 21:45:00', '2018-05-05', 'PH00006', 1);
INSERT INTO projection VALUES ('SC00000123', '2018-05-05 22:00:00', '2018-05-06 00:00:00', '2018-05-05', 'PH00001', 1);
INSERT INTO projection VALUES ('SC00000124', '2018-05-05 08:30:00', '2018-05-05 10:40:00', '2018-05-05', 'PH00002', 2);
INSERT INTO projection VALUES ('SC00000125', '2018-05-05 10:55:00', '2018-05-05 13:05:00', '2018-05-05', 'PH00002', 2);
INSERT INTO projection VALUES ('SC00000126', '2018-05-05 13:20:00', '2018-05-05 15:30:00', '2018-05-05', 'PH00002', 2);
INSERT INTO projection VALUES ('SC00000127', '2018-05-05 15:45:00', '2018-05-05 17:55:00', '2018-05-05', 'PH00002', 2);
INSERT INTO projection VALUES ('SC00000128', '2018-05-05 18:10:00', '2018-05-05 20:20:00', '2018-05-05', 'PH00002', 2);
INSERT INTO projection VALUES ('SC00000129', '2018-05-05 20:35:00', '2018-05-05 22:45:00', '2018-05-05', 'PH00002', 2);
INSERT INTO projection VALUES ('SC00000130', '2018-05-05 08:30:00', '2018-05-05 10:10:00', '2018-05-05', 'PH00003', 3);
INSERT INTO projection VALUES ('SC00000131', '2018-05-05 10:25:00', '2018-05-05 12:05:00', '2018-05-05', 'PH00003', 3);
INSERT INTO projection VALUES ('SC00000132', '2018-05-05 12:20:00', '2018-05-05 14:00:00', '2018-05-05', 'PH00003', 3);
INSERT INTO projection VALUES ('SC00000133', '2018-05-05 14:15:00', '2018-05-05 15:55:00', '2018-05-05', 'PH00003', 3);
INSERT INTO projection VALUES ('SC00000134', '2018-05-05 16:10:00', '2018-05-05 17:50:00', '2018-05-05', 'PH00003', 3);
INSERT INTO projection VALUES ('SC00000135', '2018-05-05 18:05:00', '2018-05-05 19:45:00', '2018-05-05', 'PH00003', 3);
INSERT INTO projection VALUES ('SC00000136', '2018-05-05 20:00:00', '2018-05-05 21:40:00', '2018-05-05', 'PH00003', 3);
INSERT INTO projection VALUES ('SC00000137', '2018-05-05 21:55:00', '2018-05-05 23:35:00', '2018-05-05', 'PH00003', 3);
INSERT INTO projection VALUES ('SC00000138', '2018-05-05 08:30:00', '2018-05-05 10:10:00', '2018-05-05', 'PH00004', 4);
INSERT INTO projection VALUES ('SC00000139', '2018-05-05 10:25:00', '2018-05-05 12:05:00', '2018-05-05', 'PH00004', 4);
INSERT INTO projection VALUES ('SC00000140', '2018-05-05 12:20:00', '2018-05-05 14:00:00', '2018-05-05', 'PH00004', 4);
INSERT INTO projection VALUES ('SC00000141', '2018-05-05 14:15:00', '2018-05-05 15:55:00', '2018-05-05', 'PH00004', 4);
INSERT INTO projection VALUES ('SC00000142', '2018-05-05 16:10:00', '2018-05-05 17:50:00', '2018-05-05', 'PH00004', 4);
INSERT INTO projection VALUES ('SC00000143', '2018-05-05 18:05:00', '2018-05-05 19:45:00', '2018-05-05', 'PH00004', 4);
INSERT INTO projection VALUES ('SC00000144', '2018-05-05 20:00:00', '2018-05-05 21:40:00', '2018-05-05', 'PH00004', 4);
INSERT INTO projection VALUES ('SC00000145', '2018-05-05 21:55:00', '2018-05-05 23:35:00', '2018-05-05', 'PH00004', 4);
INSERT INTO projection VALUES ('SC00000146', '2018-05-06 08:30:00', '2018-05-06 10:30:00', '2018-05-06', 'PH00001', 1);
INSERT INTO projection VALUES ('SC00000147', '2018-05-06 10:45:00', '2018-05-06 12:45:00', '2018-05-06', 'PH00006', 1);
INSERT INTO projection VALUES ('SC00000148', '2018-05-06 13:00:00', '2018-05-06 15:00:00', '2018-05-06', 'PH00001', 1);
INSERT INTO projection VALUES ('SC00000149', '2018-05-06 15:15:00', '2018-05-06 17:15:00', '2018-05-06', 'PH00006', 1);
INSERT INTO projection VALUES ('SC00000150', '2018-05-06 17:30:00', '2018-05-06 19:30:00', '2018-05-06', 'PH00001', 1);
INSERT INTO projection VALUES ('SC00000151', '2018-05-06 19:45:00', '2018-05-06 21:45:00', '2018-05-06', 'PH00006', 1);
INSERT INTO projection VALUES ('SC00000152', '2018-05-06 22:00:00', '2018-05-07 00:00:00', '2018-05-06', 'PH00001', 1);
INSERT INTO projection VALUES ('SC00000153', '2018-05-06 08:30:00', '2018-05-06 10:40:00', '2018-05-06', 'PH00002', 2);
INSERT INTO projection VALUES ('SC00000154', '2018-05-06 10:55:00', '2018-05-06 13:05:00', '2018-05-06', 'PH00002', 2);
INSERT INTO projection VALUES ('SC00000155', '2018-05-06 13:20:00', '2018-05-06 15:30:00', '2018-05-06', 'PH00002', 2);
INSERT INTO projection VALUES ('SC00000156', '2018-05-06 15:45:00', '2018-05-06 17:55:00', '2018-05-06', 'PH00002', 2);
INSERT INTO projection VALUES ('SC00000157', '2018-05-06 18:10:00', '2018-05-06 20:20:00', '2018-05-06', 'PH00002', 2);
INSERT INTO projection VALUES ('SC00000158', '2018-05-06 20:35:00', '2018-05-06 22:45:00', '2018-05-06', 'PH00002', 2);
INSERT INTO projection VALUES ('SC00000159', '2018-05-06 08:30:00', '2018-05-06 10:10:00', '2018-05-06', 'PH00003', 3);
INSERT INTO projection VALUES ('SC00000160', '2018-05-06 10:25:00', '2018-05-06 12:05:00', '2018-05-06', 'PH00003', 3);
INSERT INTO projection VALUES ('SC00000161', '2018-05-06 12:20:00', '2018-05-06 14:00:00', '2018-05-06', 'PH00003', 3);
INSERT INTO projection VALUES ('SC00000162', '2018-05-06 14:15:00', '2018-05-06 15:55:00', '2018-05-06', 'PH00003', 3);
INSERT INTO projection VALUES ('SC00000163', '2018-05-06 16:10:00', '2018-05-06 17:50:00', '2018-05-06', 'PH00003', 3);
INSERT INTO projection VALUES ('SC00000164', '2018-05-06 18:05:00', '2018-05-06 19:45:00', '2018-05-06', 'PH00003', 3);
INSERT INTO projection VALUES ('SC00000165', '2018-05-06 20:00:00', '2018-05-06 21:40:00', '2018-05-06', 'PH00003', 3);
INSERT INTO projection VALUES ('SC00000166', '2018-05-06 21:55:00', '2018-05-06 23:35:00', '2018-05-06', 'PH00003', 3);
INSERT INTO projection VALUES ('SC00000167', '2018-05-06 08:30:00', '2018-05-06 10:10:00', '2018-05-06', 'PH00004', 4);
INSERT INTO projection VALUES ('SC00000168', '2018-05-06 10:25:00', '2018-05-06 12:05:00', '2018-05-06', 'PH00004', 4);
INSERT INTO projection VALUES ('SC00000169', '2018-05-06 12:20:00', '2018-05-06 14:00:00', '2018-05-06', 'PH00004', 4);
INSERT INTO projection VALUES ('SC00000170', '2018-05-06 14:15:00', '2018-05-06 15:55:00', '2018-05-06', 'PH00004', 4);
INSERT INTO projection VALUES ('SC00000171', '2018-05-06 16:10:00', '2018-05-06 17:50:00', '2018-05-06', 'PH00004', 4);
INSERT INTO projection VALUES ('SC00000172', '2018-05-06 18:05:00', '2018-05-06 19:45:00', '2018-05-06', 'PH00004', 4);
INSERT INTO projection VALUES ('SC00000173', '2018-05-06 20:00:00', '2018-05-06 21:40:00', '2018-05-06', 'PH00004', 4);
INSERT INTO projection VALUES ('SC00000174', '2018-05-06 21:55:00', '2018-05-06 23:35:00', '2018-05-06', 'PH00004', 4);
INSERT INTO projection VALUES ('SC00000175', '2018-05-07 08:30:00', '2018-05-07 10:30:00', '2018-05-07', 'PH00001', 1);
INSERT INTO projection VALUES ('SC00000176', '2018-05-07 10:45:00', '2018-05-07 12:45:00', '2018-05-07', 'PH00006', 1);
INSERT INTO projection VALUES ('SC00000177', '2018-05-07 13:00:00', '2018-05-07 15:00:00', '2018-05-07', 'PH00001', 1);
INSERT INTO projection VALUES ('SC00000178', '2018-05-07 15:15:00', '2018-05-07 17:15:00', '2018-05-07', 'PH00006', 1);
INSERT INTO projection VALUES ('SC00000179', '2018-05-07 17:30:00', '2018-05-07 19:30:00', '2018-05-07', 'PH00001', 1);
INSERT INTO projection VALUES ('SC00000180', '2018-05-07 19:45:00', '2018-05-07 21:45:00', '2018-05-07', 'PH00006', 1);
INSERT INTO projection VALUES ('SC00000181', '2018-05-07 22:00:00', '2018-05-08 00:00:00', '2018-05-07', 'PH00001', 1);
INSERT INTO projection VALUES ('SC00000182', '2018-05-07 08:30:00', '2018-05-07 10:40:00', '2018-05-07', 'PH00002', 2);
INSERT INTO projection VALUES ('SC00000183', '2018-05-07 10:55:00', '2018-05-07 13:05:00', '2018-05-07', 'PH00002', 2);
INSERT INTO projection VALUES ('SC00000184', '2018-05-07 13:20:00', '2018-05-07 15:30:00', '2018-05-07', 'PH00002', 2);
INSERT INTO projection VALUES ('SC00000185', '2018-05-07 15:45:00', '2018-05-07 17:55:00', '2018-05-07', 'PH00002', 2);
INSERT INTO projection VALUES ('SC00000186', '2018-05-07 18:10:00', '2018-05-07 20:20:00', '2018-05-07', 'PH00002', 2);
INSERT INTO projection VALUES ('SC00000187', '2018-05-07 20:35:00', '2018-05-07 22:45:00', '2018-05-07', 'PH00002', 2);
INSERT INTO projection VALUES ('SC00000188', '2018-05-07 08:30:00', '2018-05-07 10:10:00', '2018-05-07', 'PH00003', 3);
INSERT INTO projection VALUES ('SC00000189', '2018-05-07 10:25:00', '2018-05-07 12:05:00', '2018-05-07', 'PH00003', 3);
INSERT INTO projection VALUES ('SC00000190', '2018-05-07 12:20:00', '2018-05-07 14:00:00', '2018-05-07', 'PH00003', 3);
INSERT INTO projection VALUES ('SC00000191', '2018-05-07 14:15:00', '2018-05-07 15:55:00', '2018-05-07', 'PH00003', 3);
INSERT INTO projection VALUES ('SC00000192', '2018-05-07 16:10:00', '2018-05-07 17:50:00', '2018-05-07', 'PH00003', 3);
INSERT INTO projection VALUES ('SC00000193', '2018-05-07 18:05:00', '2018-05-07 19:45:00', '2018-05-07', 'PH00003', 3);
INSERT INTO projection VALUES ('SC00000194', '2018-05-07 20:00:00', '2018-05-07 21:40:00', '2018-05-07', 'PH00003', 3);
INSERT INTO projection VALUES ('SC00000195', '2018-05-07 21:55:00', '2018-05-07 23:35:00', '2018-05-07', 'PH00003', 3);
INSERT INTO projection VALUES ('SC00000196', '2018-05-07 08:30:00', '2018-05-07 10:10:00', '2018-05-07', 'PH00004', 4);
INSERT INTO projection VALUES ('SC00000197', '2018-05-07 10:25:00', '2018-05-07 12:05:00', '2018-05-07', 'PH00004', 4);
INSERT INTO projection VALUES ('SC00000198', '2018-05-07 12:20:00', '2018-05-07 14:00:00', '2018-05-07', 'PH00004', 4);
INSERT INTO projection VALUES ('SC00000199', '2018-05-07 14:15:00', '2018-05-07 15:55:00', '2018-05-07', 'PH00004', 4);
INSERT INTO projection VALUES ('SC00000200', '2018-05-07 16:10:00', '2018-05-07 17:50:00', '2018-05-07', 'PH00004', 4);
INSERT INTO projection VALUES ('SC00000201', '2018-05-07 18:05:00', '2018-05-07 19:45:00', '2018-05-07', 'PH00004', 4);
INSERT INTO projection VALUES ('SC00000202', '2018-05-07 20:00:00', '2018-05-07 21:40:00', '2018-05-07', 'PH00004', 4);
INSERT INTO projection VALUES ('SC00000203', '2018-05-07 21:55:00', '2018-05-07 23:35:00', '2018-05-07', 'PH00004', 4);
INSERT INTO projection VALUES ('SC00000204', '2018-05-08 08:30:00', '2018-05-08 10:30:00', '2018-05-08', 'PH00001', 1);
INSERT INTO projection VALUES ('SC00000205', '2018-05-08 10:45:00', '2018-05-08 12:45:00', '2018-05-08', 'PH00006', 1);
INSERT INTO projection VALUES ('SC00000206', '2018-05-08 13:00:00', '2018-05-08 15:00:00', '2018-05-08', 'PH00001', 1);
INSERT INTO projection VALUES ('SC00000207', '2018-05-08 15:15:00', '2018-05-08 17:15:00', '2018-05-08', 'PH00006', 1);
INSERT INTO projection VALUES ('SC00000208', '2018-05-08 17:30:00', '2018-05-08 19:30:00', '2018-05-08', 'PH00001', 1);
INSERT INTO projection VALUES ('SC00000209', '2018-05-08 19:45:00', '2018-05-08 21:45:00', '2018-05-08', 'PH00006', 1);
INSERT INTO projection VALUES ('SC00000210', '2018-05-08 22:00:00', '2018-05-09 00:00:00', '2018-05-08', 'PH00001', 1);
INSERT INTO projection VALUES ('SC00000211', '2018-05-08 08:30:00', '2018-05-08 10:40:00', '2018-05-08', 'PH00002', 2);
INSERT INTO projection VALUES ('SC00000212', '2018-05-08 10:55:00', '2018-05-08 13:05:00', '2018-05-08', 'PH00002', 2);
INSERT INTO projection VALUES ('SC00000213', '2018-05-08 13:20:00', '2018-05-08 15:30:00', '2018-05-08', 'PH00002', 2);
INSERT INTO projection VALUES ('SC00000214', '2018-05-08 15:45:00', '2018-05-08 17:55:00', '2018-05-08', 'PH00002', 2);
INSERT INTO projection VALUES ('SC00000215', '2018-05-08 18:10:00', '2018-05-08 20:20:00', '2018-05-08', 'PH00002', 2);
INSERT INTO projection VALUES ('SC00000216', '2018-05-08 20:35:00', '2018-05-08 22:45:00', '2018-05-08', 'PH00002', 2);
INSERT INTO projection VALUES ('SC00000217', '2018-05-08 08:30:00', '2018-05-08 10:10:00', '2018-05-08', 'PH00003', 3);
INSERT INTO projection VALUES ('SC00000218', '2018-05-08 10:25:00', '2018-05-08 12:05:00', '2018-05-08', 'PH00003', 3);
INSERT INTO projection VALUES ('SC00000219', '2018-05-08 12:20:00', '2018-05-08 14:00:00', '2018-05-08', 'PH00003', 3);
INSERT INTO projection VALUES ('SC00000220', '2018-05-08 14:15:00', '2018-05-08 15:55:00', '2018-05-08', 'PH00003', 3);
INSERT INTO projection VALUES ('SC00000221', '2018-05-08 16:10:00', '2018-05-08 17:50:00', '2018-05-08', 'PH00003', 3);
INSERT INTO projection VALUES ('SC00000222', '2018-05-08 18:05:00', '2018-05-08 19:45:00', '2018-05-08', 'PH00003', 3);
INSERT INTO projection VALUES ('SC00000223', '2018-05-08 20:00:00', '2018-05-08 21:40:00', '2018-05-08', 'PH00003', 3);
INSERT INTO projection VALUES ('SC00000224', '2018-05-08 21:55:00', '2018-05-08 23:35:00', '2018-05-08', 'PH00003', 3);
INSERT INTO projection VALUES ('SC00000225', '2018-05-08 08:30:00', '2018-05-08 10:10:00', '2018-05-08', 'PH00004', 4);
INSERT INTO projection VALUES ('SC00000226', '2018-05-08 10:25:00', '2018-05-08 12:05:00', '2018-05-08', 'PH00004', 4);
INSERT INTO projection VALUES ('SC00000227', '2018-05-08 12:20:00', '2018-05-08 14:00:00', '2018-05-08', 'PH00004', 4);
INSERT INTO projection VALUES ('SC00000228', '2018-05-08 14:15:00', '2018-05-08 15:55:00', '2018-05-08', 'PH00004', 4);
INSERT INTO projection VALUES ('SC00000229', '2018-05-08 16:10:00', '2018-05-08 17:50:00', '2018-05-08', 'PH00004', 4);
INSERT INTO projection VALUES ('SC00000230', '2018-05-08 18:05:00', '2018-05-08 19:45:00', '2018-05-08', 'PH00004', 4);
INSERT INTO projection VALUES ('SC00000231', '2018-05-08 20:00:00', '2018-05-08 21:40:00', '2018-05-08', 'PH00004', 4);
INSERT INTO projection VALUES ('SC00000232', '2018-05-08 21:55:00', '2018-05-08 23:35:00', '2018-05-08', 'PH00004', 4);
INSERT INTO projection VALUES ('SC00000233', '2018-05-09 08:30:00', '2018-05-09 10:30:00', '2018-05-09', 'PH00001', 1);
INSERT INTO projection VALUES ('SC00000234', '2018-05-09 10:45:00', '2018-05-09 12:45:00', '2018-05-09', 'PH00006', 1);
INSERT INTO projection VALUES ('SC00000235', '2018-05-09 13:00:00', '2018-05-09 15:00:00', '2018-05-09', 'PH00001', 1);
INSERT INTO projection VALUES ('SC00000236', '2018-05-09 15:15:00', '2018-05-09 17:15:00', '2018-05-09', 'PH00006', 1);
INSERT INTO projection VALUES ('SC00000237', '2018-05-09 17:30:00', '2018-05-09 19:30:00', '2018-05-09', 'PH00001', 1);
INSERT INTO projection VALUES ('SC00000238', '2018-05-09 19:45:00', '2018-05-09 21:45:00', '2018-05-09', 'PH00006', 1);
INSERT INTO projection VALUES ('SC00000239', '2018-05-09 22:00:00', '2018-05-10 00:00:00', '2018-05-09', 'PH00001', 1);
INSERT INTO projection VALUES ('SC00000240', '2018-05-09 08:30:00', '2018-05-09 10:40:00', '2018-05-09', 'PH00002', 2);
INSERT INTO projection VALUES ('SC00000241', '2018-05-09 10:55:00', '2018-05-09 13:05:00', '2018-05-09', 'PH00002', 2);
INSERT INTO projection VALUES ('SC00000242', '2018-05-09 13:20:00', '2018-05-09 15:30:00', '2018-05-09', 'PH00002', 2);
INSERT INTO projection VALUES ('SC00000243', '2018-05-09 15:45:00', '2018-05-09 17:55:00', '2018-05-09', 'PH00002', 2);
INSERT INTO projection VALUES ('SC00000244', '2018-05-09 18:10:00', '2018-05-09 20:20:00', '2018-05-09', 'PH00002', 2);
INSERT INTO projection VALUES ('SC00000245', '2018-05-09 20:35:00', '2018-05-09 22:45:00', '2018-05-09', 'PH00002', 2);
INSERT INTO projection VALUES ('SC00000246', '2018-05-09 08:30:00', '2018-05-09 10:10:00', '2018-05-09', 'PH00003', 3);
INSERT INTO projection VALUES ('SC00000247', '2018-05-09 10:25:00', '2018-05-09 12:05:00', '2018-05-09', 'PH00003', 3);
INSERT INTO projection VALUES ('SC00000248', '2018-05-09 12:20:00', '2018-05-09 14:00:00', '2018-05-09', 'PH00003', 3);
INSERT INTO projection VALUES ('SC00000249', '2018-05-09 14:15:00', '2018-05-09 15:55:00', '2018-05-09', 'PH00003', 3);
INSERT INTO projection VALUES ('SC00000250', '2018-05-09 16:10:00', '2018-05-09 17:50:00', '2018-05-09', 'PH00003', 3);
INSERT INTO projection VALUES ('SC00000251', '2018-05-09 18:05:00', '2018-05-09 19:45:00', '2018-05-09', 'PH00003', 3);
INSERT INTO projection VALUES ('SC00000252', '2018-05-09 20:00:00', '2018-05-09 21:40:00', '2018-05-09', 'PH00003', 3);
INSERT INTO projection VALUES ('SC00000253', '2018-05-09 21:55:00', '2018-05-09 23:35:00', '2018-05-09', 'PH00003', 3);
INSERT INTO projection VALUES ('SC00000254', '2018-05-09 08:30:00', '2018-05-09 10:10:00', '2018-05-09', 'PH00004', 4);
INSERT INTO projection VALUES ('SC00000255', '2018-05-09 10:25:00', '2018-05-09 12:05:00', '2018-05-09', 'PH00004', 4);
INSERT INTO projection VALUES ('SC00000256', '2018-05-09 12:20:00', '2018-05-09 14:00:00', '2018-05-09', 'PH00004', 4);
INSERT INTO projection VALUES ('SC00000257', '2018-05-09 14:15:00', '2018-05-09 15:55:00', '2018-05-09', 'PH00004', 4);
INSERT INTO projection VALUES ('SC00000258', '2018-05-09 16:10:00', '2018-05-09 17:50:00', '2018-05-09', 'PH00004', 4);
INSERT INTO projection VALUES ('SC00000259', '2018-05-09 18:05:00', '2018-05-09 19:45:00', '2018-05-09', 'PH00004', 4);
INSERT INTO projection VALUES ('SC00000260', '2018-05-09 20:00:00', '2018-05-09 21:40:00', '2018-05-09', 'PH00004', 4);
INSERT INTO projection VALUES ('SC00000261', '2018-05-09 21:55:00', '2018-05-09 23:35:00', '2018-05-09', 'PH00004', 4);
INSERT INTO projection VALUES ('SC00000262', '2018-05-10 08:30:00', '2018-05-10 10:30:00', '2018-05-10', 'PH00001', 1);
INSERT INTO projection VALUES ('SC00000263', '2018-05-10 10:45:00', '2018-05-10 12:45:00', '2018-05-10', 'PH00006', 1);
INSERT INTO projection VALUES ('SC00000264', '2018-05-10 13:00:00', '2018-05-10 15:00:00', '2018-05-10', 'PH00001', 1);
INSERT INTO projection VALUES ('SC00000265', '2018-05-10 15:15:00', '2018-05-10 17:15:00', '2018-05-10', 'PH00006', 1);
INSERT INTO projection VALUES ('SC00000266', '2018-05-10 17:30:00', '2018-05-10 19:30:00', '2018-05-10', 'PH00001', 1);
INSERT INTO projection VALUES ('SC00000267', '2018-05-10 19:45:00', '2018-05-10 21:45:00', '2018-05-10', 'PH00006', 1);
INSERT INTO projection VALUES ('SC00000268', '2018-05-10 22:00:00', '2018-05-11 00:00:00', '2018-05-10', 'PH00001', 1);
INSERT INTO projection VALUES ('SC00000269', '2018-05-10 08:30:00', '2018-05-10 10:40:00', '2018-05-10', 'PH00002', 2);
INSERT INTO projection VALUES ('SC00000270', '2018-05-10 10:55:00', '2018-05-10 13:05:00', '2018-05-10', 'PH00002', 2);
INSERT INTO projection VALUES ('SC00000271', '2018-05-10 13:20:00', '2018-05-10 15:30:00', '2018-05-10', 'PH00002', 2);
INSERT INTO projection VALUES ('SC00000272', '2018-05-10 15:45:00', '2018-05-10 17:55:00', '2018-05-10', 'PH00002', 2);
INSERT INTO projection VALUES ('SC00000273', '2018-05-10 18:10:00', '2018-05-10 20:20:00', '2018-05-10', 'PH00002', 2);
INSERT INTO projection VALUES ('SC00000274', '2018-05-10 20:35:00', '2018-05-10 22:45:00', '2018-05-10', 'PH00002', 2);
INSERT INTO projection VALUES ('SC00000275', '2018-05-10 08:30:00', '2018-05-10 10:10:00', '2018-05-10', 'PH00003', 3);
INSERT INTO projection VALUES ('SC00000276', '2018-05-10 10:25:00', '2018-05-10 12:05:00', '2018-05-10', 'PH00003', 3);
INSERT INTO projection VALUES ('SC00000277', '2018-05-10 12:20:00', '2018-05-10 14:00:00', '2018-05-10', 'PH00003', 3);
INSERT INTO projection VALUES ('SC00000278', '2018-05-10 14:15:00', '2018-05-10 15:55:00', '2018-05-10', 'PH00003', 3);
INSERT INTO projection VALUES ('SC00000279', '2018-05-10 16:10:00', '2018-05-10 17:50:00', '2018-05-10', 'PH00003', 3);
INSERT INTO projection VALUES ('SC00000280', '2018-05-10 18:05:00', '2018-05-10 19:45:00', '2018-05-10', 'PH00003', 3);
INSERT INTO projection VALUES ('SC00000281', '2018-05-10 20:00:00', '2018-05-10 21:40:00', '2018-05-10', 'PH00003', 3);
INSERT INTO projection VALUES ('SC00000282', '2018-05-10 21:55:00', '2018-05-10 23:35:00', '2018-05-10', 'PH00003', 3);
INSERT INTO projection VALUES ('SC00000283', '2018-05-10 08:30:00', '2018-05-10 10:10:00', '2018-05-10', 'PH00004', 4);
INSERT INTO projection VALUES ('SC00000284', '2018-05-10 10:25:00', '2018-05-10 12:05:00', '2018-05-10', 'PH00004', 4);
INSERT INTO projection VALUES ('SC00000285', '2018-05-10 12:20:00', '2018-05-10 14:00:00', '2018-05-10', 'PH00004', 4);
INSERT INTO projection VALUES ('SC00000286', '2018-05-10 14:15:00', '2018-05-10 15:55:00', '2018-05-10', 'PH00004', 4);
INSERT INTO projection VALUES ('SC00000287', '2018-05-10 16:10:00', '2018-05-10 17:50:00', '2018-05-10', 'PH00004', 4);
INSERT INTO projection VALUES ('SC00000288', '2018-05-10 18:05:00', '2018-05-10 19:45:00', '2018-05-10', 'PH00004', 4);
INSERT INTO projection VALUES ('SC00000289', '2018-05-10 20:00:00', '2018-05-10 21:40:00', '2018-05-10', 'PH00004', 4);
INSERT INTO projection VALUES ('SC00000290', '2018-05-10 21:55:00', '2018-05-10 23:35:00', '2018-05-10', 'PH00004', 4);
INSERT INTO projection VALUES ('SC00000291', '2018-05-11 08:30:00', '2018-05-11 10:30:00', '2018-05-11', 'PH00001', 1);
INSERT INTO projection VALUES ('SC00000292', '2018-05-11 10:45:00', '2018-05-11 12:45:00', '2018-05-11', 'PH00006', 1);
INSERT INTO projection VALUES ('SC00000293', '2018-05-11 13:00:00', '2018-05-11 15:00:00', '2018-05-11', 'PH00001', 1);
INSERT INTO projection VALUES ('SC00000294', '2018-05-11 15:15:00', '2018-05-11 17:15:00', '2018-05-11', 'PH00006', 1);
INSERT INTO projection VALUES ('SC00000295', '2018-05-11 17:30:00', '2018-05-11 19:30:00', '2018-05-11', 'PH00001', 1);
INSERT INTO projection VALUES ('SC00000296', '2018-05-11 19:45:00', '2018-05-11 21:45:00', '2018-05-11', 'PH00006', 1);
INSERT INTO projection VALUES ('SC00000297', '2018-05-11 22:00:00', '2018-05-12 00:00:00', '2018-05-11', 'PH00001', 1);
INSERT INTO projection VALUES ('SC00000298', '2018-05-11 08:30:00', '2018-05-11 10:40:00', '2018-05-11', 'PH00002', 2);
INSERT INTO projection VALUES ('SC00000299', '2018-05-11 10:55:00', '2018-05-11 13:05:00', '2018-05-11', 'PH00002', 2);
INSERT INTO projection VALUES ('SC00000300', '2018-05-11 13:20:00', '2018-05-11 15:30:00', '2018-05-11', 'PH00002', 2);
INSERT INTO projection VALUES ('SC00000301', '2018-05-11 15:45:00', '2018-05-11 17:55:00', '2018-05-11', 'PH00002', 2);
INSERT INTO projection VALUES ('SC00000302', '2018-05-11 18:10:00', '2018-05-11 20:20:00', '2018-05-11', 'PH00002', 2);
INSERT INTO projection VALUES ('SC00000303', '2018-05-11 20:35:00', '2018-05-11 22:45:00', '2018-05-11', 'PH00002', 2);
INSERT INTO projection VALUES ('SC00000304', '2018-05-11 08:30:00', '2018-05-11 10:10:00', '2018-05-11', 'PH00003', 3);
INSERT INTO projection VALUES ('SC00000305', '2018-05-11 10:25:00', '2018-05-11 12:05:00', '2018-05-11', 'PH00003', 3);
INSERT INTO projection VALUES ('SC00000306', '2018-05-11 12:20:00', '2018-05-11 14:00:00', '2018-05-11', 'PH00003', 3);
INSERT INTO projection VALUES ('SC00000307', '2018-05-11 14:15:00', '2018-05-11 15:55:00', '2018-05-11', 'PH00003', 3);
INSERT INTO projection VALUES ('SC00000308', '2018-05-11 16:10:00', '2018-05-11 17:50:00', '2018-05-11', 'PH00003', 3);
INSERT INTO projection VALUES ('SC00000309', '2018-05-11 18:05:00', '2018-05-11 19:45:00', '2018-05-11', 'PH00003', 3);
INSERT INTO projection VALUES ('SC00000310', '2018-05-11 20:00:00', '2018-05-11 21:40:00', '2018-05-11', 'PH00003', 3);
INSERT INTO projection VALUES ('SC00000311', '2018-05-11 21:55:00', '2018-05-11 23:35:00', '2018-05-11', 'PH00003', 3);
INSERT INTO projection VALUES ('SC00000312', '2018-05-11 08:30:00', '2018-05-11 10:10:00', '2018-05-11', 'PH00004', 4);
INSERT INTO projection VALUES ('SC00000313', '2018-05-11 10:25:00', '2018-05-11 12:05:00', '2018-05-11', 'PH00004', 4);
INSERT INTO projection VALUES ('SC00000314', '2018-05-11 12:20:00', '2018-05-11 14:00:00', '2018-05-11', 'PH00004', 4);
INSERT INTO projection VALUES ('SC00000315', '2018-05-11 14:15:00', '2018-05-11 15:55:00', '2018-05-11', 'PH00004', 4);
INSERT INTO projection VALUES ('SC00000316', '2018-05-11 16:10:00', '2018-05-11 17:50:00', '2018-05-11', 'PH00004', 4);
INSERT INTO projection VALUES ('SC00000317', '2018-05-11 18:05:00', '2018-05-11 19:45:00', '2018-05-11', 'PH00004', 4);
INSERT INTO projection VALUES ('SC00000318', '2018-05-11 20:00:00', '2018-05-11 21:40:00', '2018-05-11', 'PH00004', 4);
INSERT INTO projection VALUES ('SC00000319', '2018-05-11 21:55:00', '2018-05-11 23:35:00', '2018-05-11', 'PH00004', 4);
INSERT INTO projection VALUES ('SC00000320', '2018-05-12 08:30:00', '2018-05-12 10:30:00', '2018-05-12', 'PH00001', 1);
INSERT INTO projection VALUES ('SC00000321', '2018-05-12 10:45:00', '2018-05-12 12:15:00', '2018-05-12', 'PH00005', 1);
INSERT INTO projection VALUES ('SC00000322', '2018-05-12 12:30:00', '2018-05-12 14:30:00', '2018-05-12', 'PH00001', 1);
INSERT INTO projection VALUES ('SC00000323', '2018-05-12 14:45:00', '2018-05-12 16:15:00', '2018-05-12', 'PH00005', 1);
INSERT INTO projection VALUES ('SC00000324', '2018-05-12 16:30:00', '2018-05-12 18:30:00', '2018-05-12', 'PH00001', 1);
INSERT INTO projection VALUES ('SC00000325', '2018-05-12 18:45:00', '2018-05-12 20:15:00', '2018-05-12', 'PH00005', 1);
INSERT INTO projection VALUES ('SC00000326', '2018-05-12 20:30:00', '2018-05-12 22:30:00', '2018-05-12', 'PH00001', 1);
INSERT INTO projection VALUES ('SC00000327', '2018-05-12 22:45:00', '2018-05-13 00:15:00', '2018-05-12', 'PH00005', 1);
INSERT INTO projection VALUES ('SC00000328', '2018-05-12 08:30:00', '2018-05-12 10:40:00', '2018-05-12', 'PH00002', 2);
INSERT INTO projection VALUES ('SC00000329', '2018-05-12 10:55:00', '2018-05-12 12:55:00', '2018-05-12', 'PH00006', 2);
INSERT INTO projection VALUES ('SC00000330', '2018-05-12 13:10:00', '2018-05-12 15:20:00', '2018-05-12', 'PH00002', 2);
INSERT INTO projection VALUES ('SC00000331', '2018-05-12 15:35:00', '2018-05-12 17:35:00', '2018-05-12', 'PH00006', 2);
INSERT INTO projection VALUES ('SC00000332', '2018-05-12 17:50:00', '2018-05-12 20:00:00', '2018-05-12', 'PH00002', 2);
INSERT INTO projection VALUES ('SC00000333', '2018-05-12 20:15:00', '2018-05-12 22:15:00', '2018-05-12', 'PH00006', 2);
INSERT INTO projection VALUES ('SC00000334', '2018-05-12 08:30:00', '2018-05-12 10:10:00', '2018-05-12', 'PH00003', 3);
INSERT INTO projection VALUES ('SC00000335', '2018-05-12 10:25:00', '2018-05-12 12:05:00', '2018-05-12', 'PH00003', 3);
INSERT INTO projection VALUES ('SC00000336', '2018-05-12 12:20:00', '2018-05-12 14:00:00', '2018-05-12', 'PH00003', 3);
INSERT INTO projection VALUES ('SC00000337', '2018-05-12 14:15:00', '2018-05-12 15:55:00', '2018-05-12', 'PH00003', 3);
INSERT INTO projection VALUES ('SC00000338', '2018-05-12 16:10:00', '2018-05-12 17:50:00', '2018-05-12', 'PH00003', 3);
INSERT INTO projection VALUES ('SC00000339', '2018-05-12 18:05:00', '2018-05-12 19:45:00', '2018-05-12', 'PH00003', 3);
INSERT INTO projection VALUES ('SC00000340', '2018-05-12 20:00:00', '2018-05-12 21:40:00', '2018-05-12', 'PH00003', 3);
INSERT INTO projection VALUES ('SC00000341', '2018-05-12 21:55:00', '2018-05-12 23:35:00', '2018-05-12', 'PH00003', 3);
INSERT INTO projection VALUES ('SC00000342', '2018-05-12 08:30:00', '2018-05-12 10:10:00', '2018-05-12', 'PH00004', 4);
INSERT INTO projection VALUES ('SC00000343', '2018-05-12 10:25:00', '2018-05-12 12:05:00', '2018-05-12', 'PH00004', 4);
INSERT INTO projection VALUES ('SC00000344', '2018-05-12 12:20:00', '2018-05-12 14:00:00', '2018-05-12', 'PH00004', 4);
INSERT INTO projection VALUES ('SC00000345', '2018-05-12 14:15:00', '2018-05-12 15:55:00', '2018-05-12', 'PH00004', 4);
INSERT INTO projection VALUES ('SC00000346', '2018-05-12 16:10:00', '2018-05-12 17:50:00', '2018-05-12', 'PH00004', 4);
INSERT INTO projection VALUES ('SC00000347', '2018-05-12 18:05:00', '2018-05-12 19:45:00', '2018-05-12', 'PH00004', 4);
INSERT INTO projection VALUES ('SC00000348', '2018-05-12 20:00:00', '2018-05-12 21:40:00', '2018-05-12', 'PH00004', 4);
INSERT INTO projection VALUES ('SC00000349', '2018-05-12 21:55:00', '2018-05-12 23:35:00', '2018-05-12', 'PH00004', 4);
INSERT INTO projection VALUES ('SC00000350', '2018-05-13 08:30:00', '2018-05-13 10:30:00', '2018-05-13', 'PH00001', 1);
INSERT INTO projection VALUES ('SC00000351', '2018-05-13 10:45:00', '2018-05-13 12:15:00', '2018-05-13', 'PH00005', 1);
INSERT INTO projection VALUES ('SC00000352', '2018-05-13 12:30:00', '2018-05-13 14:30:00', '2018-05-13', 'PH00001', 1);
INSERT INTO projection VALUES ('SC00000353', '2018-05-13 14:45:00', '2018-05-13 16:15:00', '2018-05-13', 'PH00005', 1);
INSERT INTO projection VALUES ('SC00000354', '2018-05-13 16:30:00', '2018-05-13 18:30:00', '2018-05-13', 'PH00001', 1);
INSERT INTO projection VALUES ('SC00000355', '2018-05-13 18:45:00', '2018-05-13 20:15:00', '2018-05-13', 'PH00005', 1);
INSERT INTO projection VALUES ('SC00000356', '2018-05-13 20:30:00', '2018-05-13 22:30:00', '2018-05-13', 'PH00001', 1);
INSERT INTO projection VALUES ('SC00000357', '2018-05-13 22:45:00', '2018-05-14 00:15:00', '2018-05-13', 'PH00005', 1);
INSERT INTO projection VALUES ('SC00000358', '2018-05-13 08:30:00', '2018-05-13 10:40:00', '2018-05-13', 'PH00002', 2);
INSERT INTO projection VALUES ('SC00000359', '2018-05-13 10:55:00', '2018-05-13 12:55:00', '2018-05-13', 'PH00006', 2);
INSERT INTO projection VALUES ('SC00000360', '2018-05-13 13:10:00', '2018-05-13 15:20:00', '2018-05-13', 'PH00002', 2);
INSERT INTO projection VALUES ('SC00000361', '2018-05-13 15:35:00', '2018-05-13 17:35:00', '2018-05-13', 'PH00006', 2);
INSERT INTO projection VALUES ('SC00000362', '2018-05-13 17:50:00', '2018-05-13 20:00:00', '2018-05-13', 'PH00002', 2);
INSERT INTO projection VALUES ('SC00000363', '2018-05-13 20:15:00', '2018-05-13 22:15:00', '2018-05-13', 'PH00006', 2);
INSERT INTO projection VALUES ('SC00000364', '2018-05-13 08:30:00', '2018-05-13 10:10:00', '2018-05-13', 'PH00003', 3);
INSERT INTO projection VALUES ('SC00000365', '2018-05-13 10:25:00', '2018-05-13 12:05:00', '2018-05-13', 'PH00003', 3);
INSERT INTO projection VALUES ('SC00000366', '2018-05-13 12:20:00', '2018-05-13 14:00:00', '2018-05-13', 'PH00003', 3);
INSERT INTO projection VALUES ('SC00000367', '2018-05-13 14:15:00', '2018-05-13 15:55:00', '2018-05-13', 'PH00003', 3);
INSERT INTO projection VALUES ('SC00000368', '2018-05-13 16:10:00', '2018-05-13 17:50:00', '2018-05-13', 'PH00003', 3);
INSERT INTO projection VALUES ('SC00000369', '2018-05-13 18:05:00', '2018-05-13 19:45:00', '2018-05-13', 'PH00003', 3);
INSERT INTO projection VALUES ('SC00000370', '2018-05-13 20:00:00', '2018-05-13 21:40:00', '2018-05-13', 'PH00003', 3);
INSERT INTO projection VALUES ('SC00000371', '2018-05-13 21:55:00', '2018-05-13 23:35:00', '2018-05-13', 'PH00003', 3);
INSERT INTO projection VALUES ('SC00000372', '2018-05-13 08:30:00', '2018-05-13 10:10:00', '2018-05-13', 'PH00004', 4);
INSERT INTO projection VALUES ('SC00000373', '2018-05-13 10:25:00', '2018-05-13 12:05:00', '2018-05-13', 'PH00004', 4);
INSERT INTO projection VALUES ('SC00000374', '2018-05-13 12:20:00', '2018-05-13 14:00:00', '2018-05-13', 'PH00004', 4);
INSERT INTO projection VALUES ('SC00000375', '2018-05-13 14:15:00', '2018-05-13 15:55:00', '2018-05-13', 'PH00004', 4);
INSERT INTO projection VALUES ('SC00000376', '2018-05-13 16:10:00', '2018-05-13 17:50:00', '2018-05-13', 'PH00004', 4);
INSERT INTO projection VALUES ('SC00000377', '2018-05-13 18:05:00', '2018-05-13 19:45:00', '2018-05-13', 'PH00004', 4);
INSERT INTO projection VALUES ('SC00000378', '2018-05-13 20:00:00', '2018-05-13 21:40:00', '2018-05-13', 'PH00004', 4);
INSERT INTO projection VALUES ('SC00000379', '2018-05-13 21:55:00', '2018-05-13 23:35:00', '2018-05-13', 'PH00004', 4);
INSERT INTO projection VALUES ('SC00000380', '2018-05-14 08:30:00', '2018-05-14 10:30:00', '2018-05-14', 'PH00001', 1);
INSERT INTO projection VALUES ('SC00000381', '2018-05-14 10:45:00', '2018-05-14 12:15:00', '2018-05-14', 'PH00005', 1);
INSERT INTO projection VALUES ('SC00000382', '2018-05-14 12:30:00', '2018-05-14 14:30:00', '2018-05-14', 'PH00001', 1);
INSERT INTO projection VALUES ('SC00000383', '2018-05-14 14:45:00', '2018-05-14 16:15:00', '2018-05-14', 'PH00005', 1);
INSERT INTO projection VALUES ('SC00000384', '2018-05-14 16:30:00', '2018-05-14 18:30:00', '2018-05-14', 'PH00001', 1);
INSERT INTO projection VALUES ('SC00000385', '2018-05-14 18:45:00', '2018-05-14 20:15:00', '2018-05-14', 'PH00005', 1);
INSERT INTO projection VALUES ('SC00000386', '2018-05-14 20:30:00', '2018-05-14 22:30:00', '2018-05-14', 'PH00001', 1);
INSERT INTO projection VALUES ('SC00000387', '2018-05-14 22:45:00', '2018-05-15 00:15:00', '2018-05-14', 'PH00005', 1);
INSERT INTO projection VALUES ('SC00000388', '2018-05-14 08:30:00', '2018-05-14 10:40:00', '2018-05-14', 'PH00002', 2);
INSERT INTO projection VALUES ('SC00000389', '2018-05-14 10:55:00', '2018-05-14 12:55:00', '2018-05-14', 'PH00006', 2);
INSERT INTO projection VALUES ('SC00000390', '2018-05-14 13:10:00', '2018-05-14 15:20:00', '2018-05-14', 'PH00002', 2);
INSERT INTO projection VALUES ('SC00000391', '2018-05-14 15:35:00', '2018-05-14 17:35:00', '2018-05-14', 'PH00006', 2);
INSERT INTO projection VALUES ('SC00000392', '2018-05-14 17:50:00', '2018-05-14 20:00:00', '2018-05-14', 'PH00002', 2);
INSERT INTO projection VALUES ('SC00000393', '2018-05-14 20:15:00', '2018-05-14 22:15:00', '2018-05-14', 'PH00006', 2);
INSERT INTO projection VALUES ('SC00000394', '2018-05-14 08:30:00', '2018-05-14 10:10:00', '2018-05-14', 'PH00003', 3);
INSERT INTO projection VALUES ('SC00000395', '2018-05-14 10:25:00', '2018-05-14 12:05:00', '2018-05-14', 'PH00007', 3);
INSERT INTO projection VALUES ('SC00000396', '2018-05-14 12:20:00', '2018-05-14 14:00:00', '2018-05-14', 'PH00003', 3);
INSERT INTO projection VALUES ('SC00000397', '2018-05-14 14:15:00', '2018-05-14 15:55:00', '2018-05-14', 'PH00007', 3);
INSERT INTO projection VALUES ('SC00000398', '2018-05-14 16:10:00', '2018-05-14 17:50:00', '2018-05-14', 'PH00003', 3);
INSERT INTO projection VALUES ('SC00000399', '2018-05-14 18:05:00', '2018-05-14 19:45:00', '2018-05-14', 'PH00007', 3);
INSERT INTO projection VALUES ('SC00000400', '2018-05-14 20:00:00', '2018-05-14 21:40:00', '2018-05-14', 'PH00003', 3);
INSERT INTO projection VALUES ('SC00000401', '2018-05-14 21:55:00', '2018-05-14 23:35:00', '2018-05-14', 'PH00007', 3);
INSERT INTO projection VALUES ('SC00000402', '2018-05-14 08:30:00', '2018-05-14 10:10:00', '2018-05-14', 'PH00004', 4);
INSERT INTO projection VALUES ('SC00000403', '2018-05-14 10:25:00', '2018-05-14 12:05:00', '2018-05-14', 'PH00004', 4);
INSERT INTO projection VALUES ('SC00000404', '2018-05-14 12:20:00', '2018-05-14 14:00:00', '2018-05-14', 'PH00004', 4);
INSERT INTO projection VALUES ('SC00000405', '2018-05-14 14:15:00', '2018-05-14 15:55:00', '2018-05-14', 'PH00004', 4);
INSERT INTO projection VALUES ('SC00000406', '2018-05-14 16:10:00', '2018-05-14 17:50:00', '2018-05-14', 'PH00004', 4);
INSERT INTO projection VALUES ('SC00000407', '2018-05-14 18:05:00', '2018-05-14 19:45:00', '2018-05-14', 'PH00004', 4);
INSERT INTO projection VALUES ('SC00000408', '2018-05-14 20:00:00', '2018-05-14 21:40:00', '2018-05-14', 'PH00004', 4);
INSERT INTO projection VALUES ('SC00000409', '2018-05-14 21:55:00', '2018-05-14 23:35:00', '2018-05-14', 'PH00004', 4);
INSERT INTO projection VALUES ('SC00000410', '2018-05-15 08:30:00', '2018-05-15 10:30:00', '2018-05-15', 'PH00001', 1);
INSERT INTO projection VALUES ('SC00000411', '2018-05-15 10:45:00', '2018-05-15 12:15:00', '2018-05-15', 'PH00005', 1);
INSERT INTO projection VALUES ('SC00000412', '2018-05-15 12:30:00', '2018-05-15 14:30:00', '2018-05-15', 'PH00001', 1);
INSERT INTO projection VALUES ('SC00000413', '2018-05-15 14:45:00', '2018-05-15 16:15:00', '2018-05-15', 'PH00005', 1);
INSERT INTO projection VALUES ('SC00000414', '2018-05-15 16:30:00', '2018-05-15 18:30:00', '2018-05-15', 'PH00001', 1);
INSERT INTO projection VALUES ('SC00000415', '2018-05-15 18:45:00', '2018-05-15 20:15:00', '2018-05-15', 'PH00005', 1);
INSERT INTO projection VALUES ('SC00000416', '2018-05-15 20:30:00', '2018-05-15 22:30:00', '2018-05-15', 'PH00001', 1);
INSERT INTO projection VALUES ('SC00000417', '2018-05-15 22:45:00', '2018-05-16 00:15:00', '2018-05-15', 'PH00005', 1);
INSERT INTO projection VALUES ('SC00000418', '2018-05-15 08:30:00', '2018-05-15 10:40:00', '2018-05-15', 'PH00002', 2);
INSERT INTO projection VALUES ('SC00000419', '2018-05-15 10:55:00', '2018-05-15 12:55:00', '2018-05-15', 'PH00006', 2);
INSERT INTO projection VALUES ('SC00000420', '2018-05-15 13:10:00', '2018-05-15 15:20:00', '2018-05-15', 'PH00002', 2);
INSERT INTO projection VALUES ('SC00000421', '2018-05-15 15:35:00', '2018-05-15 17:35:00', '2018-05-15', 'PH00006', 2);
INSERT INTO projection VALUES ('SC00000422', '2018-05-15 17:50:00', '2018-05-15 20:00:00', '2018-05-15', 'PH00002', 2);
INSERT INTO projection VALUES ('SC00000423', '2018-05-15 20:15:00', '2018-05-15 22:15:00', '2018-05-15', 'PH00006', 2);
INSERT INTO projection VALUES ('SC00000424', '2018-05-15 08:30:00', '2018-05-15 10:10:00', '2018-05-15', 'PH00003', 3);
INSERT INTO projection VALUES ('SC00000425', '2018-05-15 10:25:00', '2018-05-15 12:05:00', '2018-05-15', 'PH00007', 3);
INSERT INTO projection VALUES ('SC00000426', '2018-05-15 12:20:00', '2018-05-15 14:00:00', '2018-05-15', 'PH00003', 3);
INSERT INTO projection VALUES ('SC00000427', '2018-05-15 14:15:00', '2018-05-15 15:55:00', '2018-05-15', 'PH00007', 3);
INSERT INTO projection VALUES ('SC00000428', '2018-05-15 16:10:00', '2018-05-15 17:50:00', '2018-05-15', 'PH00003', 3);
INSERT INTO projection VALUES ('SC00000429', '2018-05-15 18:05:00', '2018-05-15 19:45:00', '2018-05-15', 'PH00007', 3);
INSERT INTO projection VALUES ('SC00000430', '2018-05-15 20:00:00', '2018-05-15 21:40:00', '2018-05-15', 'PH00003', 3);
INSERT INTO projection VALUES ('SC00000431', '2018-05-15 21:55:00', '2018-05-15 23:35:00', '2018-05-15', 'PH00007', 3);
INSERT INTO projection VALUES ('SC00000432', '2018-05-15 08:30:00', '2018-05-15 10:10:00', '2018-05-15', 'PH00004', 4);
INSERT INTO projection VALUES ('SC00000433', '2018-05-15 10:25:00', '2018-05-15 12:05:00', '2018-05-15', 'PH00004', 4);
INSERT INTO projection VALUES ('SC00000434', '2018-05-15 12:20:00', '2018-05-15 14:00:00', '2018-05-15', 'PH00004', 4);
INSERT INTO projection VALUES ('SC00000435', '2018-05-15 14:15:00', '2018-05-15 15:55:00', '2018-05-15', 'PH00004', 4);
INSERT INTO projection VALUES ('SC00000436', '2018-05-15 16:10:00', '2018-05-15 17:50:00', '2018-05-15', 'PH00004', 4);
INSERT INTO projection VALUES ('SC00000437', '2018-05-15 18:05:00', '2018-05-15 19:45:00', '2018-05-15', 'PH00004', 4);
INSERT INTO projection VALUES ('SC00000438', '2018-05-15 20:00:00', '2018-05-15 21:40:00', '2018-05-15', 'PH00004', 4);
INSERT INTO projection VALUES ('SC00000439', '2018-05-15 21:55:00', '2018-05-15 23:35:00', '2018-05-15', 'PH00004', 4);
INSERT INTO projection VALUES ('SC00000440', '2018-05-16 08:30:00', '2018-05-16 10:30:00', '2018-05-16', 'PH00001', 1);
INSERT INTO projection VALUES ('SC00000441', '2018-05-16 10:45:00', '2018-05-16 12:15:00', '2018-05-16', 'PH00005', 1);
INSERT INTO projection VALUES ('SC00000442', '2018-05-16 12:30:00', '2018-05-16 14:30:00', '2018-05-16', 'PH00001', 1);
INSERT INTO projection VALUES ('SC00000443', '2018-05-16 14:45:00', '2018-05-16 16:15:00', '2018-05-16', 'PH00005', 1);
INSERT INTO projection VALUES ('SC00000444', '2018-05-16 16:30:00', '2018-05-16 18:30:00', '2018-05-16', 'PH00001', 1);
INSERT INTO projection VALUES ('SC00000445', '2018-05-16 18:45:00', '2018-05-16 20:15:00', '2018-05-16', 'PH00005', 1);
INSERT INTO projection VALUES ('SC00000446', '2018-05-16 20:30:00', '2018-05-16 22:30:00', '2018-05-16', 'PH00001', 1);
INSERT INTO projection VALUES ('SC00000447', '2018-05-16 22:45:00', '2018-05-17 00:15:00', '2018-05-16', 'PH00005', 1);
INSERT INTO projection VALUES ('SC00000448', '2018-05-16 08:30:00', '2018-05-16 10:40:00', '2018-05-16', 'PH00002', 2);
INSERT INTO projection VALUES ('SC00000449', '2018-05-16 10:55:00', '2018-05-16 12:55:00', '2018-05-16', 'PH00006', 2);
INSERT INTO projection VALUES ('SC00000450', '2018-05-16 13:10:00', '2018-05-16 15:20:00', '2018-05-16', 'PH00002', 2);
INSERT INTO projection VALUES ('SC00000451', '2018-05-16 15:35:00', '2018-05-16 17:35:00', '2018-05-16', 'PH00006', 2);
INSERT INTO projection VALUES ('SC00000452', '2018-05-16 17:50:00', '2018-05-16 20:00:00', '2018-05-16', 'PH00002', 2);
INSERT INTO projection VALUES ('SC00000453', '2018-05-16 20:15:00', '2018-05-16 22:15:00', '2018-05-16', 'PH00006', 2);
INSERT INTO projection VALUES ('SC00000454', '2018-05-16 08:30:00', '2018-05-16 10:10:00', '2018-05-16', 'PH00003', 3);
INSERT INTO projection VALUES ('SC00000455', '2018-05-16 10:25:00', '2018-05-16 12:05:00', '2018-05-16', 'PH00007', 3);
INSERT INTO projection VALUES ('SC00000456', '2018-05-16 12:20:00', '2018-05-16 14:00:00', '2018-05-16', 'PH00003', 3);
INSERT INTO projection VALUES ('SC00000457', '2018-05-16 14:15:00', '2018-05-16 15:55:00', '2018-05-16', 'PH00007', 3);
INSERT INTO projection VALUES ('SC00000458', '2018-05-16 16:10:00', '2018-05-16 17:50:00', '2018-05-16', 'PH00003', 3);
INSERT INTO projection VALUES ('SC00000459', '2018-05-16 18:05:00', '2018-05-16 19:45:00', '2018-05-16', 'PH00007', 3);
INSERT INTO projection VALUES ('SC00000460', '2018-05-16 20:00:00', '2018-05-16 21:40:00', '2018-05-16', 'PH00003', 3);
INSERT INTO projection VALUES ('SC00000461', '2018-05-16 21:55:00', '2018-05-16 23:35:00', '2018-05-16', 'PH00007', 3);
INSERT INTO projection VALUES ('SC00000462', '2018-05-16 08:30:00', '2018-05-16 10:10:00', '2018-05-16', 'PH00004', 4);
INSERT INTO projection VALUES ('SC00000463', '2018-05-16 10:25:00', '2018-05-16 12:05:00', '2018-05-16', 'PH00004', 4);
INSERT INTO projection VALUES ('SC00000464', '2018-05-16 12:20:00', '2018-05-16 14:00:00', '2018-05-16', 'PH00004', 4);
INSERT INTO projection VALUES ('SC00000465', '2018-05-16 14:15:00', '2018-05-16 15:55:00', '2018-05-16', 'PH00004', 4);
INSERT INTO projection VALUES ('SC00000466', '2018-05-16 16:10:00', '2018-05-16 17:50:00', '2018-05-16', 'PH00004', 4);
INSERT INTO projection VALUES ('SC00000467', '2018-05-16 18:05:00', '2018-05-16 19:45:00', '2018-05-16', 'PH00004', 4);
INSERT INTO projection VALUES ('SC00000468', '2018-05-16 20:00:00', '2018-05-16 21:40:00', '2018-05-16', 'PH00004', 4);
INSERT INTO projection VALUES ('SC00000469', '2018-05-16 21:55:00', '2018-05-16 23:35:00', '2018-05-16', 'PH00004', 4);
INSERT INTO projection VALUES ('SC00000470', '2018-05-17 08:30:00', '2018-05-17 10:30:00', '2018-05-17', 'PH00001', 1);
INSERT INTO projection VALUES ('SC00000471', '2018-05-17 10:45:00', '2018-05-17 12:15:00', '2018-05-17', 'PH00005', 1);
INSERT INTO projection VALUES ('SC00000472', '2018-05-17 12:30:00', '2018-05-17 14:30:00', '2018-05-17', 'PH00001', 1);
INSERT INTO projection VALUES ('SC00000473', '2018-05-17 14:45:00', '2018-05-17 16:15:00', '2018-05-17', 'PH00005', 1);
INSERT INTO projection VALUES ('SC00000474', '2018-05-17 16:30:00', '2018-05-17 18:30:00', '2018-05-17', 'PH00001', 1);
INSERT INTO projection VALUES ('SC00000475', '2018-05-17 18:45:00', '2018-05-17 20:15:00', '2018-05-17', 'PH00005', 1);
INSERT INTO projection VALUES ('SC00000476', '2018-05-17 20:30:00', '2018-05-17 22:30:00', '2018-05-17', 'PH00001', 1);
INSERT INTO projection VALUES ('SC00000477', '2018-05-17 22:45:00', '2018-05-18 00:15:00', '2018-05-17', 'PH00005', 1);
INSERT INTO projection VALUES ('SC00000478', '2018-05-17 08:30:00', '2018-05-17 10:40:00', '2018-05-17', 'PH00002', 2);
INSERT INTO projection VALUES ('SC00000479', '2018-05-17 10:55:00', '2018-05-17 12:55:00', '2018-05-17', 'PH00006', 2);
INSERT INTO projection VALUES ('SC00000480', '2018-05-17 13:10:00', '2018-05-17 15:20:00', '2018-05-17', 'PH00002', 2);
INSERT INTO projection VALUES ('SC00000481', '2018-05-17 15:35:00', '2018-05-17 17:35:00', '2018-05-17', 'PH00006', 2);
INSERT INTO projection VALUES ('SC00000482', '2018-05-17 17:50:00', '2018-05-17 20:00:00', '2018-05-17', 'PH00002', 2);
INSERT INTO projection VALUES ('SC00000483', '2018-05-17 20:15:00', '2018-05-17 22:15:00', '2018-05-17', 'PH00006', 2);
INSERT INTO projection VALUES ('SC00000484', '2018-05-17 08:30:00', '2018-05-17 10:10:00', '2018-05-17', 'PH00003', 3);
INSERT INTO projection VALUES ('SC00000485', '2018-05-17 10:25:00', '2018-05-17 12:05:00', '2018-05-17', 'PH00007', 3);
INSERT INTO projection VALUES ('SC00000486', '2018-05-17 12:20:00', '2018-05-17 14:00:00', '2018-05-17', 'PH00003', 3);
INSERT INTO projection VALUES ('SC00000487', '2018-05-17 14:15:00', '2018-05-17 15:55:00', '2018-05-17', 'PH00007', 3);
INSERT INTO projection VALUES ('SC00000488', '2018-05-17 16:10:00', '2018-05-17 17:50:00', '2018-05-17', 'PH00003', 3);
INSERT INTO projection VALUES ('SC00000489', '2018-05-17 18:05:00', '2018-05-17 19:45:00', '2018-05-17', 'PH00007', 3);
INSERT INTO projection VALUES ('SC00000490', '2018-05-17 20:00:00', '2018-05-17 21:40:00', '2018-05-17', 'PH00003', 3);
INSERT INTO projection VALUES ('SC00000491', '2018-05-17 21:55:00', '2018-05-17 23:35:00', '2018-05-17', 'PH00007', 3);
INSERT INTO projection VALUES ('SC00000492', '2018-05-17 08:30:00', '2018-05-17 10:10:00', '2018-05-17', 'PH00004', 4);
INSERT INTO projection VALUES ('SC00000493', '2018-05-17 10:25:00', '2018-05-17 12:05:00', '2018-05-17', 'PH00004', 4);
INSERT INTO projection VALUES ('SC00000494', '2018-05-17 12:20:00', '2018-05-17 14:00:00', '2018-05-17', 'PH00004', 4);
INSERT INTO projection VALUES ('SC00000495', '2018-05-17 14:15:00', '2018-05-17 15:55:00', '2018-05-17', 'PH00004', 4);
INSERT INTO projection VALUES ('SC00000496', '2018-05-17 16:10:00', '2018-05-17 17:50:00', '2018-05-17', 'PH00004', 4);
INSERT INTO projection VALUES ('SC00000497', '2018-05-17 18:05:00', '2018-05-17 19:45:00', '2018-05-17', 'PH00004', 4);
INSERT INTO projection VALUES ('SC00000498', '2018-05-17 20:00:00', '2018-05-17 21:40:00', '2018-05-17', 'PH00004', 4);
INSERT INTO projection VALUES ('SC00000499', '2018-05-17 21:55:00', '2018-05-17 23:35:00', '2018-05-17', 'PH00004', 4);
INSERT INTO projection VALUES ('SC00000500', '2018-05-18 08:30:00', '2018-05-18 10:30:00', '2018-05-18', 'PH00001', 1);
INSERT INTO projection VALUES ('SC00000501', '2018-05-18 10:45:00', '2018-05-18 12:15:00', '2018-05-18', 'PH00005', 1);
INSERT INTO projection VALUES ('SC00000502', '2018-05-18 12:30:00', '2018-05-18 14:30:00', '2018-05-18', 'PH00001', 1);
INSERT INTO projection VALUES ('SC00000503', '2018-05-18 14:45:00', '2018-05-18 16:15:00', '2018-05-18', 'PH00005', 1);
INSERT INTO projection VALUES ('SC00000504', '2018-05-18 16:30:00', '2018-05-18 18:30:00', '2018-05-18', 'PH00001', 1);
INSERT INTO projection VALUES ('SC00000505', '2018-05-18 18:45:00', '2018-05-18 20:15:00', '2018-05-18', 'PH00005', 1);
INSERT INTO projection VALUES ('SC00000506', '2018-05-18 20:30:00', '2018-05-18 22:30:00', '2018-05-18', 'PH00001', 1);
INSERT INTO projection VALUES ('SC00000507', '2018-05-18 22:45:00', '2018-05-19 00:15:00', '2018-05-18', 'PH00005', 1);
INSERT INTO projection VALUES ('SC00000508', '2018-05-18 08:30:00', '2018-05-18 10:40:00', '2018-05-18', 'PH00002', 2);
INSERT INTO projection VALUES ('SC00000509', '2018-05-18 10:55:00', '2018-05-18 12:55:00', '2018-05-18', 'PH00006', 2);
INSERT INTO projection VALUES ('SC00000510', '2018-05-18 13:10:00', '2018-05-18 15:20:00', '2018-05-18', 'PH00002', 2);
INSERT INTO projection VALUES ('SC00000511', '2018-05-18 15:35:00', '2018-05-18 17:35:00', '2018-05-18', 'PH00006', 2);
INSERT INTO projection VALUES ('SC00000512', '2018-05-18 17:50:00', '2018-05-18 20:00:00', '2018-05-18', 'PH00002', 2);
INSERT INTO projection VALUES ('SC00000513', '2018-05-18 20:15:00', '2018-05-18 22:15:00', '2018-05-18', 'PH00006', 2);
INSERT INTO projection VALUES ('SC00000514', '2018-05-18 08:30:00', '2018-05-18 10:10:00', '2018-05-18', 'PH00003', 3);
INSERT INTO projection VALUES ('SC00000515', '2018-05-18 10:25:00', '2018-05-18 12:05:00', '2018-05-18', 'PH00007', 3);
INSERT INTO projection VALUES ('SC00000516', '2018-05-18 12:20:00', '2018-05-18 14:00:00', '2018-05-18', 'PH00003', 3);
INSERT INTO projection VALUES ('SC00000517', '2018-05-18 14:15:00', '2018-05-18 15:55:00', '2018-05-18', 'PH00007', 3);
INSERT INTO projection VALUES ('SC00000518', '2018-05-18 16:10:00', '2018-05-18 17:50:00', '2018-05-18', 'PH00003', 3);
INSERT INTO projection VALUES ('SC00000519', '2018-05-18 18:05:00', '2018-05-18 19:45:00', '2018-05-18', 'PH00007', 3);
INSERT INTO projection VALUES ('SC00000520', '2018-05-18 20:00:00', '2018-05-18 21:40:00', '2018-05-18', 'PH00003', 3);
INSERT INTO projection VALUES ('SC00000521', '2018-05-18 21:55:00', '2018-05-18 23:35:00', '2018-05-18', 'PH00007', 3);
INSERT INTO projection VALUES ('SC00000522', '2018-05-18 08:30:00', '2018-05-18 10:10:00', '2018-05-18', 'PH00004', 4);
INSERT INTO projection VALUES ('SC00000523', '2018-05-18 10:25:00', '2018-05-18 12:05:00', '2018-05-18', 'PH00004', 4);
INSERT INTO projection VALUES ('SC00000524', '2018-05-18 12:20:00', '2018-05-18 14:00:00', '2018-05-18', 'PH00004', 4);
INSERT INTO projection VALUES ('SC00000525', '2018-05-18 14:15:00', '2018-05-18 15:55:00', '2018-05-18', 'PH00004', 4);
INSERT INTO projection VALUES ('SC00000526', '2018-05-18 16:10:00', '2018-05-18 17:50:00', '2018-05-18', 'PH00004', 4);
INSERT INTO projection VALUES ('SC00000527', '2018-05-18 18:05:00', '2018-05-18 19:45:00', '2018-05-18', 'PH00004', 4);
INSERT INTO projection VALUES ('SC00000528', '2018-05-18 20:00:00', '2018-05-18 21:40:00', '2018-05-18', 'PH00004', 4);
INSERT INTO projection VALUES ('SC00000529', '2018-05-18 21:55:00', '2018-05-18 23:35:00', '2018-05-18', 'PH00004', 4);
INSERT INTO projection VALUES ('SC00000530', '2018-05-19 08:30:00', '2018-05-19 10:30:00', '2018-05-19', 'PH00001', 1);
INSERT INTO projection VALUES ('SC00000531', '2018-05-19 10:45:00', '2018-05-19 12:15:00', '2018-05-19', 'PH00005', 1);
INSERT INTO projection VALUES ('SC00000532', '2018-05-19 12:30:00', '2018-05-19 14:30:00', '2018-05-19', 'PH00001', 1);
INSERT INTO projection VALUES ('SC00000533', '2018-05-19 14:45:00', '2018-05-19 16:15:00', '2018-05-19', 'PH00005', 1);
INSERT INTO projection VALUES ('SC00000534', '2018-05-19 16:30:00', '2018-05-19 18:30:00', '2018-05-19', 'PH00001', 1);
INSERT INTO projection VALUES ('SC00000535', '2018-05-19 18:45:00', '2018-05-19 20:15:00', '2018-05-19', 'PH00005', 1);
INSERT INTO projection VALUES ('SC00000536', '2018-05-19 20:30:00', '2018-05-19 22:30:00', '2018-05-19', 'PH00001', 1);
INSERT INTO projection VALUES ('SC00000537', '2018-05-19 22:45:00', '2018-05-20 00:15:00', '2018-05-19', 'PH00005', 1);
INSERT INTO projection VALUES ('SC00000538', '2018-05-19 08:30:00', '2018-05-19 10:40:00', '2018-05-19', 'PH00002', 2);
INSERT INTO projection VALUES ('SC00000539', '2018-05-19 10:55:00', '2018-05-19 12:55:00', '2018-05-19', 'PH00006', 2);
INSERT INTO projection VALUES ('SC00000540', '2018-05-19 13:10:00', '2018-05-19 15:20:00', '2018-05-19', 'PH00002', 2);
INSERT INTO projection VALUES ('SC00000541', '2018-05-19 15:35:00', '2018-05-19 17:35:00', '2018-05-19', 'PH00006', 2);
INSERT INTO projection VALUES ('SC00000542', '2018-05-19 17:50:00', '2018-05-19 20:00:00', '2018-05-19', 'PH00002', 2);
INSERT INTO projection VALUES ('SC00000543', '2018-05-19 20:15:00', '2018-05-19 22:15:00', '2018-05-19', 'PH00006', 2);
INSERT INTO projection VALUES ('SC00000544', '2018-05-19 08:30:00', '2018-05-19 10:10:00', '2018-05-19', 'PH00003', 3);
INSERT INTO projection VALUES ('SC00000545', '2018-05-19 10:25:00', '2018-05-19 12:05:00', '2018-05-19', 'PH00007', 3);
INSERT INTO projection VALUES ('SC00000546', '2018-05-19 12:20:00', '2018-05-19 14:00:00', '2018-05-19', 'PH00003', 3);
INSERT INTO projection VALUES ('SC00000547', '2018-05-19 14:15:00', '2018-05-19 15:55:00', '2018-05-19', 'PH00007', 3);
INSERT INTO projection VALUES ('SC00000548', '2018-05-19 16:10:00', '2018-05-19 17:50:00', '2018-05-19', 'PH00003', 3);
INSERT INTO projection VALUES ('SC00000549', '2018-05-19 18:05:00', '2018-05-19 19:45:00', '2018-05-19', 'PH00007', 3);
INSERT INTO projection VALUES ('SC00000550', '2018-05-19 20:00:00', '2018-05-19 21:40:00', '2018-05-19', 'PH00003', 3);
INSERT INTO projection VALUES ('SC00000551', '2018-05-19 21:55:00', '2018-05-19 23:35:00', '2018-05-19', 'PH00007', 3);
INSERT INTO projection VALUES ('SC00000552', '2018-05-19 08:30:00', '2018-05-19 10:10:00', '2018-05-19', 'PH00004', 4);
INSERT INTO projection VALUES ('SC00000553', '2018-05-19 10:25:00', '2018-05-19 12:05:00', '2018-05-19', 'PH00004', 4);
INSERT INTO projection VALUES ('SC00000554', '2018-05-19 12:20:00', '2018-05-19 14:00:00', '2018-05-19', 'PH00004', 4);
INSERT INTO projection VALUES ('SC00000555', '2018-05-19 14:15:00', '2018-05-19 15:55:00', '2018-05-19', 'PH00004', 4);
INSERT INTO projection VALUES ('SC00000556', '2018-05-19 16:10:00', '2018-05-19 17:50:00', '2018-05-19', 'PH00004', 4);
INSERT INTO projection VALUES ('SC00000557', '2018-05-19 18:05:00', '2018-05-19 19:45:00', '2018-05-19', 'PH00004', 4);
INSERT INTO projection VALUES ('SC00000558', '2018-05-19 20:00:00', '2018-05-19 21:40:00', '2018-05-19', 'PH00004', 4);
INSERT INTO projection VALUES ('SC00000559', '2018-05-19 21:55:00', '2018-05-19 23:35:00', '2018-05-19', 'PH00004', 4);
INSERT INTO projection VALUES ('SC00000560', '2018-05-20 08:30:00', '2018-05-20 10:30:00', '2018-05-20', 'PH00001', 1);
INSERT INTO projection VALUES ('SC00000561', '2018-05-20 10:45:00', '2018-05-20 12:15:00', '2018-05-20', 'PH00005', 1);
INSERT INTO projection VALUES ('SC00000562', '2018-05-20 12:30:00', '2018-05-20 14:30:00', '2018-05-20', 'PH00001', 1);
INSERT INTO projection VALUES ('SC00000563', '2018-05-20 14:45:00', '2018-05-20 16:15:00', '2018-05-20', 'PH00005', 1);
INSERT INTO projection VALUES ('SC00000564', '2018-05-20 16:30:00', '2018-05-20 18:30:00', '2018-05-20', 'PH00001', 1);
INSERT INTO projection VALUES ('SC00000565', '2018-05-20 18:45:00', '2018-05-20 20:15:00', '2018-05-20', 'PH00005', 1);
INSERT INTO projection VALUES ('SC00000566', '2018-05-20 20:30:00', '2018-05-20 22:30:00', '2018-05-20', 'PH00001', 1);
INSERT INTO projection VALUES ('SC00000567', '2018-05-20 22:45:00', '2018-05-21 00:15:00', '2018-05-20', 'PH00005', 1);
INSERT INTO projection VALUES ('SC00000568', '2018-05-20 08:30:00', '2018-05-20 10:40:00', '2018-05-20', 'PH00002', 2);
INSERT INTO projection VALUES ('SC00000569', '2018-05-20 10:55:00', '2018-05-20 12:55:00', '2018-05-20', 'PH00006', 2);
INSERT INTO projection VALUES ('SC00000570', '2018-05-20 13:10:00', '2018-05-20 15:20:00', '2018-05-20', 'PH00002', 2);
INSERT INTO projection VALUES ('SC00000571', '2018-05-20 15:35:00', '2018-05-20 17:35:00', '2018-05-20', 'PH00006', 2);
INSERT INTO projection VALUES ('SC00000572', '2018-05-20 17:50:00', '2018-05-20 20:00:00', '2018-05-20', 'PH00002', 2);
INSERT INTO projection VALUES ('SC00000573', '2018-05-20 20:15:00', '2018-05-20 22:15:00', '2018-05-20', 'PH00006', 2);
INSERT INTO projection VALUES ('SC00000574', '2018-05-20 08:30:00', '2018-05-20 10:10:00', '2018-05-20', 'PH00003', 3);
INSERT INTO projection VALUES ('SC00000575', '2018-05-20 10:25:00', '2018-05-20 12:05:00', '2018-05-20', 'PH00007', 3);
INSERT INTO projection VALUES ('SC00000576', '2018-05-20 12:20:00', '2018-05-20 14:00:00', '2018-05-20', 'PH00003', 3);
INSERT INTO projection VALUES ('SC00000577', '2018-05-20 14:15:00', '2018-05-20 15:55:00', '2018-05-20', 'PH00007', 3);
INSERT INTO projection VALUES ('SC00000578', '2018-05-20 16:10:00', '2018-05-20 17:50:00', '2018-05-20', 'PH00003', 3);
INSERT INTO projection VALUES ('SC00000579', '2018-05-20 18:05:00', '2018-05-20 19:45:00', '2018-05-20', 'PH00007', 3);
INSERT INTO projection VALUES ('SC00000580', '2018-05-20 20:00:00', '2018-05-20 21:40:00', '2018-05-20', 'PH00003', 3);
INSERT INTO projection VALUES ('SC00000581', '2018-05-20 21:55:00', '2018-05-20 23:35:00', '2018-05-20', 'PH00007', 3);
INSERT INTO projection VALUES ('SC00000582', '2018-05-20 08:30:00', '2018-05-20 10:10:00', '2018-05-20', 'PH00004', 4);
INSERT INTO projection VALUES ('SC00000583', '2018-05-20 10:25:00', '2018-05-20 12:05:00', '2018-05-20', 'PH00004', 4);
INSERT INTO projection VALUES ('SC00000584', '2018-05-20 12:20:00', '2018-05-20 14:00:00', '2018-05-20', 'PH00004', 4);
INSERT INTO projection VALUES ('SC00000585', '2018-05-20 14:15:00', '2018-05-20 15:55:00', '2018-05-20', 'PH00004', 4);
INSERT INTO projection VALUES ('SC00000586', '2018-05-20 16:10:00', '2018-05-20 17:50:00', '2018-05-20', 'PH00004', 4);
INSERT INTO projection VALUES ('SC00000587', '2018-05-20 18:05:00', '2018-05-20 19:45:00', '2018-05-20', 'PH00004', 4);
INSERT INTO projection VALUES ('SC00000588', '2018-05-20 20:00:00', '2018-05-20 21:40:00', '2018-05-20', 'PH00004', 4);
INSERT INTO projection VALUES ('SC00000589', '2018-05-20 21:55:00', '2018-05-20 23:35:00', '2018-05-20', 'PH00004', 4);
INSERT INTO projection VALUES ('SC00000590', '2018-05-21 08:30:00', '2018-05-21 10:30:00', '2018-05-21', 'PH00001', 1);
INSERT INTO projection VALUES ('SC00000591', '2018-05-21 10:45:00', '2018-05-21 12:15:00', '2018-05-21', 'PH00005', 1);
INSERT INTO projection VALUES ('SC00000592', '2018-05-21 12:30:00', '2018-05-21 14:30:00', '2018-05-21', 'PH00001', 1);
INSERT INTO projection VALUES ('SC00000593', '2018-05-21 14:45:00', '2018-05-21 16:15:00', '2018-05-21', 'PH00005', 1);
INSERT INTO projection VALUES ('SC00000594', '2018-05-21 16:30:00', '2018-05-21 18:30:00', '2018-05-21', 'PH00001', 1);
INSERT INTO projection VALUES ('SC00000595', '2018-05-21 18:45:00', '2018-05-21 20:15:00', '2018-05-21', 'PH00005', 1);
INSERT INTO projection VALUES ('SC00000596', '2018-05-21 20:30:00', '2018-05-21 22:30:00', '2018-05-21', 'PH00001', 1);
INSERT INTO projection VALUES ('SC00000597', '2018-05-21 22:45:00', '2018-05-22 00:15:00', '2018-05-21', 'PH00005', 1);
INSERT INTO projection VALUES ('SC00000598', '2018-05-21 08:30:00', '2018-05-21 10:40:00', '2018-05-21', 'PH00002', 2);
INSERT INTO projection VALUES ('SC00000599', '2018-05-21 10:55:00', '2018-05-21 12:55:00', '2018-05-21', 'PH00006', 2);
INSERT INTO projection VALUES ('SC00000600', '2018-05-21 13:10:00', '2018-05-21 15:20:00', '2018-05-21', 'PH00002', 2);
INSERT INTO projection VALUES ('SC00000601', '2018-05-21 15:35:00', '2018-05-21 17:35:00', '2018-05-21', 'PH00006', 2);
INSERT INTO projection VALUES ('SC00000602', '2018-05-21 17:50:00', '2018-05-21 20:00:00', '2018-05-21', 'PH00002', 2);
INSERT INTO projection VALUES ('SC00000603', '2018-05-21 20:15:00', '2018-05-21 22:15:00', '2018-05-21', 'PH00006', 2);
INSERT INTO projection VALUES ('SC00000604', '2018-05-21 08:30:00', '2018-05-21 10:10:00', '2018-05-21', 'PH00003', 3);
INSERT INTO projection VALUES ('SC00000605', '2018-05-21 10:25:00', '2018-05-21 12:05:00', '2018-05-21', 'PH00007', 3);
INSERT INTO projection VALUES ('SC00000606', '2018-05-21 12:20:00', '2018-05-21 14:00:00', '2018-05-21', 'PH00003', 3);
INSERT INTO projection VALUES ('SC00000607', '2018-05-21 14:15:00', '2018-05-21 15:55:00', '2018-05-21', 'PH00007', 3);
INSERT INTO projection VALUES ('SC00000608', '2018-05-21 16:10:00', '2018-05-21 17:50:00', '2018-05-21', 'PH00003', 3);
INSERT INTO projection VALUES ('SC00000609', '2018-05-21 18:05:00', '2018-05-21 19:45:00', '2018-05-21', 'PH00007', 3);
INSERT INTO projection VALUES ('SC00000610', '2018-05-21 20:00:00', '2018-05-21 21:40:00', '2018-05-21', 'PH00003', 3);
INSERT INTO projection VALUES ('SC00000611', '2018-05-21 21:55:00', '2018-05-21 23:35:00', '2018-05-21', 'PH00007', 3);
INSERT INTO projection VALUES ('SC00000612', '2018-05-21 08:30:00', '2018-05-21 10:10:00', '2018-05-21', 'PH00004', 4);
INSERT INTO projection VALUES ('SC00000613', '2018-05-21 10:25:00', '2018-05-21 12:05:00', '2018-05-21', 'PH00004', 4);
INSERT INTO projection VALUES ('SC00000614', '2018-05-21 12:20:00', '2018-05-21 14:00:00', '2018-05-21', 'PH00004', 4);
INSERT INTO projection VALUES ('SC00000615', '2018-05-21 14:15:00', '2018-05-21 15:55:00', '2018-05-21', 'PH00004', 4);
INSERT INTO projection VALUES ('SC00000616', '2018-05-21 16:10:00', '2018-05-21 17:50:00', '2018-05-21', 'PH00004', 4);
INSERT INTO projection VALUES ('SC00000617', '2018-05-21 18:05:00', '2018-05-21 19:45:00', '2018-05-21', 'PH00004', 4);
INSERT INTO projection VALUES ('SC00000618', '2018-05-21 20:00:00', '2018-05-21 21:40:00', '2018-05-21', 'PH00004', 4);
INSERT INTO projection VALUES ('SC00000619', '2018-05-21 21:55:00', '2018-05-21 23:35:00', '2018-05-21', 'PH00004', 4);
INSERT INTO projection VALUES ('SC00000620', '2018-05-22 08:30:00', '2018-05-22 10:30:00', '2018-05-22', 'PH00001', 1);
INSERT INTO projection VALUES ('SC00000621', '2018-05-22 10:45:00', '2018-05-22 12:15:00', '2018-05-22', 'PH00005', 1);
INSERT INTO projection VALUES ('SC00000622', '2018-05-22 12:30:00', '2018-05-22 14:30:00', '2018-05-22', 'PH00001', 1);
INSERT INTO projection VALUES ('SC00000623', '2018-05-22 14:45:00', '2018-05-22 16:15:00', '2018-05-22', 'PH00005', 1);
INSERT INTO projection VALUES ('SC00000624', '2018-05-22 16:30:00', '2018-05-22 18:30:00', '2018-05-22', 'PH00001', 1);
INSERT INTO projection VALUES ('SC00000625', '2018-05-22 18:45:00', '2018-05-22 20:15:00', '2018-05-22', 'PH00005', 1);
INSERT INTO projection VALUES ('SC00000626', '2018-05-22 20:30:00', '2018-05-22 22:30:00', '2018-05-22', 'PH00001', 1);
INSERT INTO projection VALUES ('SC00000627', '2018-05-22 22:45:00', '2018-05-23 00:15:00', '2018-05-22', 'PH00005', 1);
INSERT INTO projection VALUES ('SC00000628', '2018-05-22 08:30:00', '2018-05-22 10:40:00', '2018-05-22', 'PH00002', 2);
INSERT INTO projection VALUES ('SC00000629', '2018-05-22 10:55:00', '2018-05-22 12:55:00', '2018-05-22', 'PH00006', 2);
INSERT INTO projection VALUES ('SC00000630', '2018-05-22 13:10:00', '2018-05-22 15:20:00', '2018-05-22', 'PH00002', 2);
INSERT INTO projection VALUES ('SC00000631', '2018-05-22 15:35:00', '2018-05-22 17:35:00', '2018-05-22', 'PH00006', 2);
INSERT INTO projection VALUES ('SC00000632', '2018-05-22 17:50:00', '2018-05-22 20:00:00', '2018-05-22', 'PH00002', 2);
INSERT INTO projection VALUES ('SC00000633', '2018-05-22 20:15:00', '2018-05-22 22:15:00', '2018-05-22', 'PH00006', 2);
INSERT INTO projection VALUES ('SC00000634', '2018-05-22 08:30:00', '2018-05-22 10:10:00', '2018-05-22', 'PH00003', 3);
INSERT INTO projection VALUES ('SC00000635', '2018-05-22 10:25:00', '2018-05-22 12:05:00', '2018-05-22', 'PH00007', 3);
INSERT INTO projection VALUES ('SC00000636', '2018-05-22 12:20:00', '2018-05-22 14:00:00', '2018-05-22', 'PH00003', 3);
INSERT INTO projection VALUES ('SC00000637', '2018-05-22 14:15:00', '2018-05-22 15:55:00', '2018-05-22', 'PH00007', 3);
INSERT INTO projection VALUES ('SC00000638', '2018-05-22 16:10:00', '2018-05-22 17:50:00', '2018-05-22', 'PH00003', 3);
INSERT INTO projection VALUES ('SC00000639', '2018-05-22 18:05:00', '2018-05-22 19:45:00', '2018-05-22', 'PH00007', 3);
INSERT INTO projection VALUES ('SC00000640', '2018-05-22 20:00:00', '2018-05-22 21:40:00', '2018-05-22', 'PH00003', 3);
INSERT INTO projection VALUES ('SC00000641', '2018-05-22 21:55:00', '2018-05-22 23:35:00', '2018-05-22', 'PH00007', 3);
INSERT INTO projection VALUES ('SC00000642', '2018-05-22 08:30:00', '2018-05-22 10:10:00', '2018-05-22', 'PH00004', 4);
INSERT INTO projection VALUES ('SC00000643', '2018-05-22 10:25:00', '2018-05-22 12:05:00', '2018-05-22', 'PH00004', 4);
INSERT INTO projection VALUES ('SC00000644', '2018-05-22 12:20:00', '2018-05-22 14:00:00', '2018-05-22', 'PH00004', 4);
INSERT INTO projection VALUES ('SC00000645', '2018-05-22 14:15:00', '2018-05-22 15:55:00', '2018-05-22', 'PH00004', 4);
INSERT INTO projection VALUES ('SC00000646', '2018-05-22 16:10:00', '2018-05-22 17:50:00', '2018-05-22', 'PH00004', 4);
INSERT INTO projection VALUES ('SC00000647', '2018-05-22 18:05:00', '2018-05-22 19:45:00', '2018-05-22', 'PH00004', 4);
INSERT INTO projection VALUES ('SC00000648', '2018-05-22 20:00:00', '2018-05-22 21:40:00', '2018-05-22', 'PH00004', 4);
INSERT INTO projection VALUES ('SC00000649', '2018-05-22 21:55:00', '2018-05-22 23:35:00', '2018-05-22', 'PH00004', 4);
INSERT INTO projection VALUES ('SC00000650', '2018-05-23 08:30:00', '2018-05-23 10:30:00', '2018-05-23', 'PH00001', 1);
INSERT INTO projection VALUES ('SC00000651', '2018-05-23 10:45:00', '2018-05-23 12:15:00', '2018-05-23', 'PH00005', 1);
INSERT INTO projection VALUES ('SC00000652', '2018-05-23 12:30:00', '2018-05-23 14:30:00', '2018-05-23', 'PH00001', 1);
INSERT INTO projection VALUES ('SC00000653', '2018-05-23 14:45:00', '2018-05-23 16:15:00', '2018-05-23', 'PH00005', 1);
INSERT INTO projection VALUES ('SC00000654', '2018-05-23 16:30:00', '2018-05-23 18:30:00', '2018-05-23', 'PH00001', 1);
INSERT INTO projection VALUES ('SC00000655', '2018-05-23 18:45:00', '2018-05-23 20:15:00', '2018-05-23', 'PH00005', 1);
INSERT INTO projection VALUES ('SC00000656', '2018-05-23 20:30:00', '2018-05-23 22:30:00', '2018-05-23', 'PH00001', 1);
INSERT INTO projection VALUES ('SC00000657', '2018-05-23 22:45:00', '2018-05-24 00:15:00', '2018-05-23', 'PH00005', 1);
INSERT INTO projection VALUES ('SC00000658', '2018-05-23 08:30:00', '2018-05-23 10:40:00', '2018-05-23', 'PH00002', 2);
INSERT INTO projection VALUES ('SC00000659', '2018-05-23 10:55:00', '2018-05-23 12:55:00', '2018-05-23', 'PH00006', 2);
INSERT INTO projection VALUES ('SC00000660', '2018-05-23 13:10:00', '2018-05-23 15:20:00', '2018-05-23', 'PH00002', 2);
INSERT INTO projection VALUES ('SC00000661', '2018-05-23 15:35:00', '2018-05-23 17:35:00', '2018-05-23', 'PH00006', 2);
INSERT INTO projection VALUES ('SC00000662', '2018-05-23 17:50:00', '2018-05-23 20:00:00', '2018-05-23', 'PH00002', 2);
INSERT INTO projection VALUES ('SC00000663', '2018-05-23 20:15:00', '2018-05-23 22:15:00', '2018-05-23', 'PH00006', 2);
INSERT INTO projection VALUES ('SC00000664', '2018-05-23 08:30:00', '2018-05-23 10:10:00', '2018-05-23', 'PH00003', 3);
INSERT INTO projection VALUES ('SC00000665', '2018-05-23 10:25:00', '2018-05-23 12:05:00', '2018-05-23', 'PH00007', 3);
INSERT INTO projection VALUES ('SC00000666', '2018-05-23 12:20:00', '2018-05-23 14:00:00', '2018-05-23', 'PH00003', 3);
INSERT INTO projection VALUES ('SC00000667', '2018-05-23 14:15:00', '2018-05-23 15:55:00', '2018-05-23', 'PH00007', 3);
INSERT INTO projection VALUES ('SC00000668', '2018-05-23 16:10:00', '2018-05-23 17:50:00', '2018-05-23', 'PH00003', 3);
INSERT INTO projection VALUES ('SC00000669', '2018-05-23 18:05:00', '2018-05-23 19:45:00', '2018-05-23', 'PH00007', 3);
INSERT INTO projection VALUES ('SC00000670', '2018-05-23 20:00:00', '2018-05-23 21:40:00', '2018-05-23', 'PH00003', 3);
INSERT INTO projection VALUES ('SC00000671', '2018-05-23 21:55:00', '2018-05-23 23:35:00', '2018-05-23', 'PH00007', 3);
INSERT INTO projection VALUES ('SC00000672', '2018-05-23 08:30:00', '2018-05-23 10:10:00', '2018-05-23', 'PH00004', 4);
INSERT INTO projection VALUES ('SC00000673', '2018-05-23 10:25:00', '2018-05-23 12:05:00', '2018-05-23', 'PH00004', 4);
INSERT INTO projection VALUES ('SC00000674', '2018-05-23 12:20:00', '2018-05-23 14:00:00', '2018-05-23', 'PH00004', 4);
INSERT INTO projection VALUES ('SC00000675', '2018-05-23 14:15:00', '2018-05-23 15:55:00', '2018-05-23', 'PH00004', 4);
INSERT INTO projection VALUES ('SC00000676', '2018-05-23 16:10:00', '2018-05-23 17:50:00', '2018-05-23', 'PH00004', 4);
INSERT INTO projection VALUES ('SC00000677', '2018-05-23 18:05:00', '2018-05-23 19:45:00', '2018-05-23', 'PH00004', 4);
INSERT INTO projection VALUES ('SC00000678', '2018-05-23 20:00:00', '2018-05-23 21:40:00', '2018-05-23', 'PH00004', 4);
INSERT INTO projection VALUES ('SC00000679', '2018-05-23 21:55:00', '2018-05-23 23:35:00', '2018-05-23', 'PH00004', 4);
INSERT INTO projection VALUES ('SC00000680', '2018-05-24 08:30:00', '2018-05-24 10:30:00', '2018-05-24', 'PH00001', 1);
INSERT INTO projection VALUES ('SC00000681', '2018-05-24 10:45:00', '2018-05-24 12:15:00', '2018-05-24', 'PH00005', 1);
INSERT INTO projection VALUES ('SC00000682', '2018-05-24 12:30:00', '2018-05-24 14:30:00', '2018-05-24', 'PH00001', 1);
INSERT INTO projection VALUES ('SC00000683', '2018-05-24 14:45:00', '2018-05-24 16:15:00', '2018-05-24', 'PH00005', 1);
INSERT INTO projection VALUES ('SC00000684', '2018-05-24 16:30:00', '2018-05-24 18:30:00', '2018-05-24', 'PH00001', 1);
INSERT INTO projection VALUES ('SC00000685', '2018-05-24 18:45:00', '2018-05-24 20:15:00', '2018-05-24', 'PH00005', 1);
INSERT INTO projection VALUES ('SC00000686', '2018-05-24 20:30:00', '2018-05-24 22:30:00', '2018-05-24', 'PH00001', 1);
INSERT INTO projection VALUES ('SC00000687', '2018-05-24 22:45:00', '2018-05-25 00:15:00', '2018-05-24', 'PH00005', 1);
INSERT INTO projection VALUES ('SC00000688', '2018-05-24 08:30:00', '2018-05-24 10:40:00', '2018-05-24', 'PH00002', 2);
INSERT INTO projection VALUES ('SC00000689', '2018-05-24 10:55:00', '2018-05-24 12:55:00', '2018-05-24', 'PH00006', 2);
INSERT INTO projection VALUES ('SC00000690', '2018-05-24 13:10:00', '2018-05-24 15:20:00', '2018-05-24', 'PH00002', 2);
INSERT INTO projection VALUES ('SC00000691', '2018-05-24 15:35:00', '2018-05-24 17:35:00', '2018-05-24', 'PH00006', 2);
INSERT INTO projection VALUES ('SC00000692', '2018-05-24 17:50:00', '2018-05-24 20:00:00', '2018-05-24', 'PH00002', 2);
INSERT INTO projection VALUES ('SC00000693', '2018-05-24 20:15:00', '2018-05-24 22:15:00', '2018-05-24', 'PH00006', 2);
INSERT INTO projection VALUES ('SC00000694', '2018-05-24 08:30:00', '2018-05-24 10:10:00', '2018-05-24', 'PH00003', 3);
INSERT INTO projection VALUES ('SC00000695', '2018-05-24 10:25:00', '2018-05-24 12:05:00', '2018-05-24', 'PH00007', 3);
INSERT INTO projection VALUES ('SC00000696', '2018-05-24 12:20:00', '2018-05-24 14:00:00', '2018-05-24', 'PH00003', 3);
INSERT INTO projection VALUES ('SC00000697', '2018-05-24 14:15:00', '2018-05-24 15:55:00', '2018-05-24', 'PH00007', 3);
INSERT INTO projection VALUES ('SC00000698', '2018-05-24 16:10:00', '2018-05-24 17:50:00', '2018-05-24', 'PH00003', 3);
INSERT INTO projection VALUES ('SC00000699', '2018-05-24 18:05:00', '2018-05-24 19:45:00', '2018-05-24', 'PH00007', 3);
INSERT INTO projection VALUES ('SC00000700', '2018-05-24 20:00:00', '2018-05-24 21:40:00', '2018-05-24', 'PH00003', 3);
INSERT INTO projection VALUES ('SC00000701', '2018-05-24 21:55:00', '2018-05-24 23:35:00', '2018-05-24', 'PH00007', 3);
INSERT INTO projection VALUES ('SC00000702', '2018-05-24 08:30:00', '2018-05-24 10:10:00', '2018-05-24', 'PH00004', 4);
INSERT INTO projection VALUES ('SC00000703', '2018-05-24 10:25:00', '2018-05-24 12:05:00', '2018-05-24', 'PH00004', 4);
INSERT INTO projection VALUES ('SC00000704', '2018-05-24 12:20:00', '2018-05-24 14:00:00', '2018-05-24', 'PH00004', 4);
INSERT INTO projection VALUES ('SC00000705', '2018-05-24 14:15:00', '2018-05-24 15:55:00', '2018-05-24', 'PH00004', 4);
INSERT INTO projection VALUES ('SC00000706', '2018-05-24 16:10:00', '2018-05-24 17:50:00', '2018-05-24', 'PH00004', 4);
INSERT INTO projection VALUES ('SC00000707', '2018-05-24 18:05:00', '2018-05-24 19:45:00', '2018-05-24', 'PH00004', 4);
INSERT INTO projection VALUES ('SC00000708', '2018-05-24 20:00:00', '2018-05-24 21:40:00', '2018-05-24', 'PH00004', 4);
INSERT INTO projection VALUES ('SC00000709', '2018-05-24 21:55:00', '2018-05-24 23:35:00', '2018-05-24', 'PH00004', 4);
INSERT INTO projection VALUES ('SC00000710', '2018-05-25 08:30:00', '2018-05-25 10:30:00', '2018-05-25', 'PH00001', 1);
INSERT INTO projection VALUES ('SC00000711', '2018-05-25 10:45:00', '2018-05-25 12:15:00', '2018-05-25', 'PH00005', 1);
INSERT INTO projection VALUES ('SC00000712', '2018-05-25 12:30:00', '2018-05-25 14:30:00', '2018-05-25', 'PH00001', 1);
INSERT INTO projection VALUES ('SC00000713', '2018-05-25 14:45:00', '2018-05-25 16:15:00', '2018-05-25', 'PH00005', 1);
INSERT INTO projection VALUES ('SC00000714', '2018-05-25 16:30:00', '2018-05-25 18:30:00', '2018-05-25', 'PH00001', 1);
INSERT INTO projection VALUES ('SC00000715', '2018-05-25 18:45:00', '2018-05-25 20:15:00', '2018-05-25', 'PH00005', 1);
INSERT INTO projection VALUES ('SC00000716', '2018-05-25 20:30:00', '2018-05-25 22:30:00', '2018-05-25', 'PH00001', 1);
INSERT INTO projection VALUES ('SC00000717', '2018-05-25 22:45:00', '2018-05-26 00:15:00', '2018-05-25', 'PH00005', 1);
INSERT INTO projection VALUES ('SC00000718', '2018-05-25 08:30:00', '2018-05-25 10:40:00', '2018-05-25', 'PH00002', 2);
INSERT INTO projection VALUES ('SC00000719', '2018-05-25 10:55:00', '2018-05-25 12:55:00', '2018-05-25', 'PH00006', 2);
INSERT INTO projection VALUES ('SC00000720', '2018-05-25 13:10:00', '2018-05-25 15:20:00', '2018-05-25', 'PH00002', 2);
INSERT INTO projection VALUES ('SC00000721', '2018-05-25 15:35:00', '2018-05-25 17:35:00', '2018-05-25', 'PH00006', 2);
INSERT INTO projection VALUES ('SC00000722', '2018-05-25 17:50:00', '2018-05-25 20:00:00', '2018-05-25', 'PH00002', 2);
INSERT INTO projection VALUES ('SC00000723', '2018-05-25 20:15:00', '2018-05-25 22:15:00', '2018-05-25', 'PH00006', 2);
INSERT INTO projection VALUES ('SC00000724', '2018-05-25 08:30:00', '2018-05-25 10:10:00', '2018-05-25', 'PH00003', 3);
INSERT INTO projection VALUES ('SC00000725', '2018-05-25 10:25:00', '2018-05-25 12:05:00', '2018-05-25', 'PH00007', 3);
INSERT INTO projection VALUES ('SC00000726', '2018-05-25 12:20:00', '2018-05-25 14:00:00', '2018-05-25', 'PH00003', 3);
INSERT INTO projection VALUES ('SC00000727', '2018-05-25 14:15:00', '2018-05-25 15:55:00', '2018-05-25', 'PH00007', 3);
INSERT INTO projection VALUES ('SC00000728', '2018-05-25 16:10:00', '2018-05-25 17:50:00', '2018-05-25', 'PH00003', 3);
INSERT INTO projection VALUES ('SC00000729', '2018-05-25 18:05:00', '2018-05-25 19:45:00', '2018-05-25', 'PH00007', 3);
INSERT INTO projection VALUES ('SC00000730', '2018-05-25 20:00:00', '2018-05-25 21:40:00', '2018-05-25', 'PH00003', 3);
INSERT INTO projection VALUES ('SC00000731', '2018-05-25 21:55:00', '2018-05-25 23:35:00', '2018-05-25', 'PH00007', 3);
INSERT INTO projection VALUES ('SC00000732', '2018-05-25 08:30:00', '2018-05-25 10:10:00', '2018-05-25', 'PH00004', 4);
INSERT INTO projection VALUES ('SC00000733', '2018-05-25 10:25:00', '2018-05-25 12:05:00', '2018-05-25', 'PH00004', 4);
INSERT INTO projection VALUES ('SC00000734', '2018-05-25 12:20:00', '2018-05-25 14:00:00', '2018-05-25', 'PH00004', 4);
INSERT INTO projection VALUES ('SC00000735', '2018-05-25 14:15:00', '2018-05-25 15:55:00', '2018-05-25', 'PH00004', 4);
INSERT INTO projection VALUES ('SC00000736', '2018-05-25 16:10:00', '2018-05-25 17:50:00', '2018-05-25', 'PH00004', 4);
INSERT INTO projection VALUES ('SC00000737', '2018-05-25 18:05:00', '2018-05-25 19:45:00', '2018-05-25', 'PH00004', 4);
INSERT INTO projection VALUES ('SC00000738', '2018-05-25 20:00:00', '2018-05-25 21:40:00', '2018-05-25', 'PH00004', 4);
INSERT INTO projection VALUES ('SC00000739', '2018-05-25 21:55:00', '2018-05-25 23:35:00', '2018-05-25', 'PH00004', 4);
INSERT INTO projection VALUES ('SC00000740', '2018-05-26 08:30:00', '2018-05-26 10:30:00', '2018-05-26', 'PH00001', 1);
INSERT INTO projection VALUES ('SC00000741', '2018-05-26 10:45:00', '2018-05-26 12:15:00', '2018-05-26', 'PH00005', 1);
INSERT INTO projection VALUES ('SC00000742', '2018-05-26 12:30:00', '2018-05-26 14:30:00', '2018-05-26', 'PH00001', 1);
INSERT INTO projection VALUES ('SC00000743', '2018-05-26 14:45:00', '2018-05-26 16:15:00', '2018-05-26', 'PH00005', 1);
INSERT INTO projection VALUES ('SC00000744', '2018-05-26 16:30:00', '2018-05-26 18:30:00', '2018-05-26', 'PH00001', 1);
INSERT INTO projection VALUES ('SC00000745', '2018-05-26 18:45:00', '2018-05-26 20:15:00', '2018-05-26', 'PH00005', 1);
INSERT INTO projection VALUES ('SC00000746', '2018-05-26 20:30:00', '2018-05-26 22:30:00', '2018-05-26', 'PH00001', 1);
INSERT INTO projection VALUES ('SC00000747', '2018-05-26 22:45:00', '2018-05-27 00:15:00', '2018-05-26', 'PH00005', 1);
INSERT INTO projection VALUES ('SC00000748', '2018-05-26 08:30:00', '2018-05-26 10:40:00', '2018-05-26', 'PH00002', 2);
INSERT INTO projection VALUES ('SC00000749', '2018-05-26 10:55:00', '2018-05-26 12:55:00', '2018-05-26', 'PH00006', 2);
INSERT INTO projection VALUES ('SC00000750', '2018-05-26 13:10:00', '2018-05-26 15:20:00', '2018-05-26', 'PH00002', 2);
INSERT INTO projection VALUES ('SC00000751', '2018-05-26 15:35:00', '2018-05-26 17:35:00', '2018-05-26', 'PH00006', 2);
INSERT INTO projection VALUES ('SC00000752', '2018-05-26 17:50:00', '2018-05-26 20:00:00', '2018-05-26', 'PH00002', 2);
INSERT INTO projection VALUES ('SC00000753', '2018-05-26 20:15:00', '2018-05-26 22:15:00', '2018-05-26', 'PH00006', 2);
INSERT INTO projection VALUES ('SC00000754', '2018-05-26 08:30:00', '2018-05-26 10:10:00', '2018-05-26', 'PH00003', 3);
INSERT INTO projection VALUES ('SC00000755', '2018-05-26 10:25:00', '2018-05-26 12:05:00', '2018-05-26', 'PH00007', 3);
INSERT INTO projection VALUES ('SC00000756', '2018-05-26 12:20:00', '2018-05-26 14:00:00', '2018-05-26', 'PH00003', 3);
INSERT INTO projection VALUES ('SC00000757', '2018-05-26 14:15:00', '2018-05-26 15:55:00', '2018-05-26', 'PH00007', 3);
INSERT INTO projection VALUES ('SC00000758', '2018-05-26 16:10:00', '2018-05-26 17:50:00', '2018-05-26', 'PH00003', 3);
INSERT INTO projection VALUES ('SC00000759', '2018-05-26 18:05:00', '2018-05-26 19:45:00', '2018-05-26', 'PH00007', 3);
INSERT INTO projection VALUES ('SC00000760', '2018-05-26 20:00:00', '2018-05-26 21:40:00', '2018-05-26', 'PH00003', 3);
INSERT INTO projection VALUES ('SC00000761', '2018-05-26 21:55:00', '2018-05-26 23:35:00', '2018-05-26', 'PH00007', 3);
INSERT INTO projection VALUES ('SC00000762', '2018-05-26 08:30:00', '2018-05-26 10:10:00', '2018-05-26', 'PH00004', 4);
INSERT INTO projection VALUES ('SC00000763', '2018-05-26 10:25:00', '2018-05-26 12:05:00', '2018-05-26', 'PH00004', 4);
INSERT INTO projection VALUES ('SC00000764', '2018-05-26 12:20:00', '2018-05-26 14:00:00', '2018-05-26', 'PH00004', 4);
INSERT INTO projection VALUES ('SC00000765', '2018-05-26 14:15:00', '2018-05-26 15:55:00', '2018-05-26', 'PH00004', 4);
INSERT INTO projection VALUES ('SC00000766', '2018-05-26 16:10:00', '2018-05-26 17:50:00', '2018-05-26', 'PH00004', 4);
INSERT INTO projection VALUES ('SC00000767', '2018-05-26 18:05:00', '2018-05-26 19:45:00', '2018-05-26', 'PH00004', 4);
INSERT INTO projection VALUES ('SC00000768', '2018-05-26 20:00:00', '2018-05-26 21:40:00', '2018-05-26', 'PH00004', 4);
INSERT INTO projection VALUES ('SC00000769', '2018-05-26 21:55:00', '2018-05-26 23:35:00', '2018-05-26', 'PH00004', 4);
INSERT INTO projection VALUES ('SC00000770', '2018-05-27 08:30:00', '2018-05-27 10:30:00', '2018-05-27', 'PH00001', 1);
INSERT INTO projection VALUES ('SC00000771', '2018-05-27 10:45:00', '2018-05-27 12:15:00', '2018-05-27', 'PH00005', 1);
INSERT INTO projection VALUES ('SC00000772', '2018-05-27 12:30:00', '2018-05-27 14:30:00', '2018-05-27', 'PH00001', 1);
INSERT INTO projection VALUES ('SC00000773', '2018-05-27 14:45:00', '2018-05-27 16:15:00', '2018-05-27', 'PH00005', 1);
INSERT INTO projection VALUES ('SC00000774', '2018-05-27 16:30:00', '2018-05-27 18:30:00', '2018-05-27', 'PH00001', 1);
INSERT INTO projection VALUES ('SC00000775', '2018-05-27 18:45:00', '2018-05-27 20:15:00', '2018-05-27', 'PH00005', 1);
INSERT INTO projection VALUES ('SC00000776', '2018-05-27 20:30:00', '2018-05-27 22:30:00', '2018-05-27', 'PH00001', 1);
INSERT INTO projection VALUES ('SC00000777', '2018-05-27 22:45:00', '2018-05-28 00:15:00', '2018-05-27', 'PH00005', 1);
INSERT INTO projection VALUES ('SC00000778', '2018-05-27 08:30:00', '2018-05-27 10:40:00', '2018-05-27', 'PH00002', 2);
INSERT INTO projection VALUES ('SC00000779', '2018-05-27 10:55:00', '2018-05-27 12:55:00', '2018-05-27', 'PH00006', 2);
INSERT INTO projection VALUES ('SC00000780', '2018-05-27 13:10:00', '2018-05-27 15:20:00', '2018-05-27', 'PH00002', 2);
INSERT INTO projection VALUES ('SC00000781', '2018-05-27 15:35:00', '2018-05-27 17:35:00', '2018-05-27', 'PH00006', 2);
INSERT INTO projection VALUES ('SC00000782', '2018-05-27 17:50:00', '2018-05-27 20:00:00', '2018-05-27', 'PH00002', 2);
INSERT INTO projection VALUES ('SC00000783', '2018-05-27 20:15:00', '2018-05-27 22:15:00', '2018-05-27', 'PH00006', 2);
INSERT INTO projection VALUES ('SC00000784', '2018-05-27 08:30:00', '2018-05-27 10:10:00', '2018-05-27', 'PH00003', 3);
INSERT INTO projection VALUES ('SC00000785', '2018-05-27 10:25:00', '2018-05-27 12:05:00', '2018-05-27', 'PH00007', 3);
INSERT INTO projection VALUES ('SC00000786', '2018-05-27 12:20:00', '2018-05-27 14:00:00', '2018-05-27', 'PH00003', 3);
INSERT INTO projection VALUES ('SC00000787', '2018-05-27 14:15:00', '2018-05-27 15:55:00', '2018-05-27', 'PH00007', 3);
INSERT INTO projection VALUES ('SC00000788', '2018-05-27 16:10:00', '2018-05-27 17:50:00', '2018-05-27', 'PH00003', 3);
INSERT INTO projection VALUES ('SC00000789', '2018-05-27 18:05:00', '2018-05-27 19:45:00', '2018-05-27', 'PH00007', 3);
INSERT INTO projection VALUES ('SC00000790', '2018-05-27 20:00:00', '2018-05-27 21:40:00', '2018-05-27', 'PH00003', 3);
INSERT INTO projection VALUES ('SC00000791', '2018-05-27 21:55:00', '2018-05-27 23:35:00', '2018-05-27', 'PH00007', 3);
INSERT INTO projection VALUES ('SC00000792', '2018-05-27 08:30:00', '2018-05-27 10:10:00', '2018-05-27', 'PH00004', 4);
INSERT INTO projection VALUES ('SC00000793', '2018-05-27 10:25:00', '2018-05-27 12:05:00', '2018-05-27', 'PH00004', 4);
INSERT INTO projection VALUES ('SC00000794', '2018-05-27 12:20:00', '2018-05-27 14:00:00', '2018-05-27', 'PH00004', 4);
INSERT INTO projection VALUES ('SC00000795', '2018-05-27 14:15:00', '2018-05-27 15:55:00', '2018-05-27', 'PH00004', 4);
INSERT INTO projection VALUES ('SC00000796', '2018-05-27 16:10:00', '2018-05-27 17:50:00', '2018-05-27', 'PH00004', 4);
INSERT INTO projection VALUES ('SC00000797', '2018-05-27 18:05:00', '2018-05-27 19:45:00', '2018-05-27', 'PH00004', 4);
INSERT INTO projection VALUES ('SC00000798', '2018-05-27 20:00:00', '2018-05-27 21:40:00', '2018-05-27', 'PH00004', 4);
INSERT INTO projection VALUES ('SC00000799', '2018-05-27 21:55:00', '2018-05-27 23:35:00', '2018-05-27', 'PH00004', 4);
INSERT INTO projection VALUES ('SC00000800', '2018-05-28 08:30:00', '2018-05-28 10:30:00', '2018-05-28', 'PH00001', 1);
INSERT INTO projection VALUES ('SC00000801', '2018-05-28 10:45:00', '2018-05-28 12:15:00', '2018-05-28', 'PH00005', 1);
INSERT INTO projection VALUES ('SC00000802', '2018-05-28 12:30:00', '2018-05-28 14:30:00', '2018-05-28', 'PH00001', 1);
INSERT INTO projection VALUES ('SC00000803', '2018-05-28 14:45:00', '2018-05-28 16:15:00', '2018-05-28', 'PH00005', 1);
INSERT INTO projection VALUES ('SC00000804', '2018-05-28 16:30:00', '2018-05-28 18:30:00', '2018-05-28', 'PH00001', 1);
INSERT INTO projection VALUES ('SC00000805', '2018-05-28 18:45:00', '2018-05-28 20:15:00', '2018-05-28', 'PH00005', 1);
INSERT INTO projection VALUES ('SC00000806', '2018-05-28 20:30:00', '2018-05-28 22:30:00', '2018-05-28', 'PH00001', 1);
INSERT INTO projection VALUES ('SC00000807', '2018-05-28 22:45:00', '2018-05-29 00:15:00', '2018-05-28', 'PH00005', 1);
INSERT INTO projection VALUES ('SC00000808', '2018-05-28 08:30:00', '2018-05-28 10:40:00', '2018-05-28', 'PH00002', 2);
INSERT INTO projection VALUES ('SC00000809', '2018-05-28 10:55:00', '2018-05-28 12:55:00', '2018-05-28', 'PH00006', 2);
INSERT INTO projection VALUES ('SC00000810', '2018-05-28 13:10:00', '2018-05-28 15:20:00', '2018-05-28', 'PH00002', 2);
INSERT INTO projection VALUES ('SC00000811', '2018-05-28 15:35:00', '2018-05-28 17:35:00', '2018-05-28', 'PH00006', 2);
INSERT INTO projection VALUES ('SC00000812', '2018-05-28 17:50:00', '2018-05-28 20:00:00', '2018-05-28', 'PH00002', 2);
INSERT INTO projection VALUES ('SC00000813', '2018-05-28 20:15:00', '2018-05-28 22:15:00', '2018-05-28', 'PH00006', 2);
INSERT INTO projection VALUES ('SC00000814', '2018-05-28 08:30:00', '2018-05-28 10:10:00', '2018-05-28', 'PH00003', 3);
INSERT INTO projection VALUES ('SC00000815', '2018-05-28 10:25:00', '2018-05-28 12:05:00', '2018-05-28', 'PH00007', 3);
INSERT INTO projection VALUES ('SC00000816', '2018-05-28 12:20:00', '2018-05-28 14:00:00', '2018-05-28', 'PH00003', 3);
INSERT INTO projection VALUES ('SC00000817', '2018-05-28 14:15:00', '2018-05-28 15:55:00', '2018-05-28', 'PH00007', 3);
INSERT INTO projection VALUES ('SC00000818', '2018-05-28 16:10:00', '2018-05-28 17:50:00', '2018-05-28', 'PH00003', 3);
INSERT INTO projection VALUES ('SC00000819', '2018-05-28 18:05:00', '2018-05-28 19:45:00', '2018-05-28', 'PH00007', 3);
INSERT INTO projection VALUES ('SC00000820', '2018-05-28 20:00:00', '2018-05-28 21:40:00', '2018-05-28', 'PH00003', 3);
INSERT INTO projection VALUES ('SC00000821', '2018-05-28 21:55:00', '2018-05-28 23:35:00', '2018-05-28', 'PH00007', 3);
INSERT INTO projection VALUES ('SC00000822', '2018-05-28 08:30:00', '2018-05-28 10:10:00', '2018-05-28', 'PH00004', 4);
INSERT INTO projection VALUES ('SC00000823', '2018-05-28 10:25:00', '2018-05-28 12:05:00', '2018-05-28', 'PH00004', 4);
INSERT INTO projection VALUES ('SC00000824', '2018-05-28 12:20:00', '2018-05-28 14:00:00', '2018-05-28', 'PH00004', 4);
INSERT INTO projection VALUES ('SC00000825', '2018-05-28 14:15:00', '2018-05-28 15:55:00', '2018-05-28', 'PH00004', 4);
INSERT INTO projection VALUES ('SC00000826', '2018-05-28 16:10:00', '2018-05-28 17:50:00', '2018-05-28', 'PH00004', 4);
INSERT INTO projection VALUES ('SC00000827', '2018-05-28 18:05:00', '2018-05-28 19:45:00', '2018-05-28', 'PH00004', 4);
INSERT INTO projection VALUES ('SC00000828', '2018-05-28 20:00:00', '2018-05-28 21:40:00', '2018-05-28', 'PH00004', 4);
INSERT INTO projection VALUES ('SC00000829', '2018-05-28 21:55:00', '2018-05-28 23:35:00', '2018-05-28', 'PH00004', 4);
INSERT INTO projection VALUES ('SC00000830', '2018-05-29 08:30:00', '2018-05-29 10:30:00', '2018-05-29', 'PH00001', 1);
INSERT INTO projection VALUES ('SC00000831', '2018-05-29 10:45:00', '2018-05-29 12:15:00', '2018-05-29', 'PH00005', 1);
INSERT INTO projection VALUES ('SC00000832', '2018-05-29 12:30:00', '2018-05-29 14:30:00', '2018-05-29', 'PH00001', 1);
INSERT INTO projection VALUES ('SC00000833', '2018-05-29 14:45:00', '2018-05-29 16:15:00', '2018-05-29', 'PH00005', 1);
INSERT INTO projection VALUES ('SC00000834', '2018-05-29 16:30:00', '2018-05-29 18:30:00', '2018-05-29', 'PH00001', 1);
INSERT INTO projection VALUES ('SC00000835', '2018-05-29 18:45:00', '2018-05-29 20:15:00', '2018-05-29', 'PH00005', 1);
INSERT INTO projection VALUES ('SC00000836', '2018-05-29 20:30:00', '2018-05-29 22:30:00', '2018-05-29', 'PH00001', 1);
INSERT INTO projection VALUES ('SC00000837', '2018-05-29 22:45:00', '2018-05-30 00:15:00', '2018-05-29', 'PH00005', 1);
INSERT INTO projection VALUES ('SC00000838', '2018-05-29 08:30:00', '2018-05-29 10:40:00', '2018-05-29', 'PH00002', 2);
INSERT INTO projection VALUES ('SC00000839', '2018-05-29 10:55:00', '2018-05-29 12:55:00', '2018-05-29', 'PH00006', 2);
INSERT INTO projection VALUES ('SC00000840', '2018-05-29 13:10:00', '2018-05-29 15:20:00', '2018-05-29', 'PH00002', 2);
INSERT INTO projection VALUES ('SC00000841', '2018-05-29 15:35:00', '2018-05-29 17:35:00', '2018-05-29', 'PH00006', 2);
INSERT INTO projection VALUES ('SC00000842', '2018-05-29 17:50:00', '2018-05-29 20:00:00', '2018-05-29', 'PH00002', 2);
INSERT INTO projection VALUES ('SC00000843', '2018-05-29 20:15:00', '2018-05-29 22:15:00', '2018-05-29', 'PH00006', 2);
INSERT INTO projection VALUES ('SC00000844', '2018-05-29 08:30:00', '2018-05-29 10:10:00', '2018-05-29', 'PH00003', 3);
INSERT INTO projection VALUES ('SC00000845', '2018-05-29 10:25:00', '2018-05-29 12:05:00', '2018-05-29', 'PH00007', 3);
INSERT INTO projection VALUES ('SC00000846', '2018-05-29 12:20:00', '2018-05-29 14:00:00', '2018-05-29', 'PH00003', 3);
INSERT INTO projection VALUES ('SC00000847', '2018-05-29 14:15:00', '2018-05-29 15:55:00', '2018-05-29', 'PH00007', 3);
INSERT INTO projection VALUES ('SC00000848', '2018-05-29 16:10:00', '2018-05-29 17:50:00', '2018-05-29', 'PH00003', 3);
INSERT INTO projection VALUES ('SC00000849', '2018-05-29 18:05:00', '2018-05-29 19:45:00', '2018-05-29', 'PH00007', 3);
INSERT INTO projection VALUES ('SC00000850', '2018-05-29 20:00:00', '2018-05-29 21:40:00', '2018-05-29', 'PH00003', 3);
INSERT INTO projection VALUES ('SC00000851', '2018-05-29 21:55:00', '2018-05-29 23:35:00', '2018-05-29', 'PH00007', 3);
INSERT INTO projection VALUES ('SC00000852', '2018-05-29 08:30:00', '2018-05-29 10:10:00', '2018-05-29', 'PH00004', 4);
INSERT INTO projection VALUES ('SC00000853', '2018-05-29 10:25:00', '2018-05-29 12:05:00', '2018-05-29', 'PH00004', 4);
INSERT INTO projection VALUES ('SC00000854', '2018-05-29 12:20:00', '2018-05-29 14:00:00', '2018-05-29', 'PH00004', 4);
INSERT INTO projection VALUES ('SC00000855', '2018-05-29 14:15:00', '2018-05-29 15:55:00', '2018-05-29', 'PH00004', 4);
INSERT INTO projection VALUES ('SC00000856', '2018-05-29 16:10:00', '2018-05-29 17:50:00', '2018-05-29', 'PH00004', 4);
INSERT INTO projection VALUES ('SC00000857', '2018-05-29 18:05:00', '2018-05-29 19:45:00', '2018-05-29', 'PH00004', 4);
INSERT INTO projection VALUES ('SC00000858', '2018-05-29 20:00:00', '2018-05-29 21:40:00', '2018-05-29', 'PH00004', 4);
INSERT INTO projection VALUES ('SC00000859', '2018-05-29 21:55:00', '2018-05-29 23:35:00', '2018-05-29', 'PH00004', 4);
INSERT INTO projection VALUES ('SC00000860', '2018-05-30 08:30:00', '2018-05-30 10:30:00', '2018-05-30', 'PH00001', 1);
INSERT INTO projection VALUES ('SC00000861', '2018-05-30 10:45:00', '2018-05-30 12:15:00', '2018-05-30', 'PH00005', 1);
INSERT INTO projection VALUES ('SC00000862', '2018-05-30 12:30:00', '2018-05-30 14:30:00', '2018-05-30', 'PH00001', 1);
INSERT INTO projection VALUES ('SC00000863', '2018-05-30 14:45:00', '2018-05-30 16:15:00', '2018-05-30', 'PH00005', 1);
INSERT INTO projection VALUES ('SC00000864', '2018-05-30 16:30:00', '2018-05-30 18:30:00', '2018-05-30', 'PH00001', 1);
INSERT INTO projection VALUES ('SC00000865', '2018-05-30 18:45:00', '2018-05-30 20:15:00', '2018-05-30', 'PH00005', 1);
INSERT INTO projection VALUES ('SC00000866', '2018-05-30 20:30:00', '2018-05-30 22:30:00', '2018-05-30', 'PH00001', 1);
INSERT INTO projection VALUES ('SC00000867', '2018-05-30 22:45:00', '2018-05-31 00:15:00', '2018-05-30', 'PH00005', 1);
INSERT INTO projection VALUES ('SC00000868', '2018-05-30 08:30:00', '2018-05-30 10:40:00', '2018-05-30', 'PH00002', 2);
INSERT INTO projection VALUES ('SC00000869', '2018-05-30 10:55:00', '2018-05-30 12:55:00', '2018-05-30', 'PH00006', 2);
INSERT INTO projection VALUES ('SC00000870', '2018-05-30 13:10:00', '2018-05-30 15:20:00', '2018-05-30', 'PH00002', 2);
INSERT INTO projection VALUES ('SC00000871', '2018-05-30 15:35:00', '2018-05-30 17:35:00', '2018-05-30', 'PH00006', 2);
INSERT INTO projection VALUES ('SC00000872', '2018-05-30 17:50:00', '2018-05-30 20:00:00', '2018-05-30', 'PH00002', 2);
INSERT INTO projection VALUES ('SC00000873', '2018-05-30 20:15:00', '2018-05-30 22:15:00', '2018-05-30', 'PH00006', 2);
INSERT INTO projection VALUES ('SC00000874', '2018-05-30 08:30:00', '2018-05-30 10:10:00', '2018-05-30', 'PH00003', 3);
INSERT INTO projection VALUES ('SC00000875', '2018-05-30 10:25:00', '2018-05-30 12:05:00', '2018-05-30', 'PH00007', 3);
INSERT INTO projection VALUES ('SC00000876', '2018-05-30 12:20:00', '2018-05-30 14:00:00', '2018-05-30', 'PH00003', 3);
INSERT INTO projection VALUES ('SC00000877', '2018-05-30 14:15:00', '2018-05-30 15:55:00', '2018-05-30', 'PH00007', 3);
INSERT INTO projection VALUES ('SC00000878', '2018-05-30 16:10:00', '2018-05-30 17:50:00', '2018-05-30', 'PH00003', 3);
INSERT INTO projection VALUES ('SC00000879', '2018-05-30 18:05:00', '2018-05-30 19:45:00', '2018-05-30', 'PH00007', 3);
INSERT INTO projection VALUES ('SC00000880', '2018-05-30 20:00:00', '2018-05-30 21:40:00', '2018-05-30', 'PH00003', 3);
INSERT INTO projection VALUES ('SC00000881', '2018-05-30 21:55:00', '2018-05-30 23:35:00', '2018-05-30', 'PH00007', 3);
INSERT INTO projection VALUES ('SC00000882', '2018-05-30 08:30:00', '2018-05-30 10:10:00', '2018-05-30', 'PH00004', 4);
INSERT INTO projection VALUES ('SC00000883', '2018-05-30 10:25:00', '2018-05-30 12:05:00', '2018-05-30', 'PH00004', 4);
INSERT INTO projection VALUES ('SC00000884', '2018-05-30 12:20:00', '2018-05-30 14:00:00', '2018-05-30', 'PH00004', 4);
INSERT INTO projection VALUES ('SC00000885', '2018-05-30 14:15:00', '2018-05-30 15:55:00', '2018-05-30', 'PH00004', 4);
INSERT INTO projection VALUES ('SC00000886', '2018-05-30 16:10:00', '2018-05-30 17:50:00', '2018-05-30', 'PH00004', 4);
INSERT INTO projection VALUES ('SC00000887', '2018-05-30 18:05:00', '2018-05-30 19:45:00', '2018-05-30', 'PH00004', 4);
INSERT INTO projection VALUES ('SC00000888', '2018-05-30 20:00:00', '2018-05-30 21:40:00', '2018-05-30', 'PH00004', 4);
INSERT INTO projection VALUES ('SC00000889', '2018-05-30 21:55:00', '2018-05-30 23:35:00', '2018-05-30', 'PH00004', 4);
INSERT INTO projection VALUES ('SC00000890', '2018-05-31 08:30:00', '2018-05-31 10:30:00', '2018-05-31', 'PH00001', 1);
INSERT INTO projection VALUES ('SC00000891', '2018-05-31 10:45:00', '2018-05-31 12:15:00', '2018-05-31', 'PH00005', 1);
INSERT INTO projection VALUES ('SC00000892', '2018-05-31 12:30:00', '2018-05-31 14:40:00', '2018-05-31', 'PH00002', 1);
INSERT INTO projection VALUES ('SC00000893', '2018-05-31 14:55:00', '2018-05-31 16:55:00', '2018-05-31', 'PH00001', 1);
INSERT INTO projection VALUES ('SC00000894', '2018-05-31 17:10:00', '2018-05-31 18:40:00', '2018-05-31', 'PH00005', 1);
INSERT INTO projection VALUES ('SC00000895', '2018-05-31 18:55:00', '2018-05-31 21:05:00', '2018-05-31', 'PH00002', 1);
INSERT INTO projection VALUES ('SC00000896', '2018-05-31 21:20:00', '2018-05-31 23:20:00', '2018-05-31', 'PH00001', 1);
INSERT INTO projection VALUES ('SC00000897', '2018-05-31 08:30:00', '2018-05-31 10:40:00', '2018-05-31', 'PH00002', 2);
INSERT INTO projection VALUES ('SC00000898', '2018-05-31 10:55:00', '2018-05-31 12:55:00', '2018-05-31', 'PH00006', 2);
INSERT INTO projection VALUES ('SC00000899', '2018-05-31 13:10:00', '2018-05-31 14:50:00', '2018-05-31', 'PH00003', 2);
INSERT INTO projection VALUES ('SC00000900', '2018-05-31 15:05:00', '2018-05-31 17:15:00', '2018-05-31', 'PH00002', 2);
INSERT INTO projection VALUES ('SC00000901', '2018-05-31 17:30:00', '2018-05-31 19:30:00', '2018-05-31', 'PH00006', 2);
INSERT INTO projection VALUES ('SC00000902', '2018-05-31 19:45:00', '2018-05-31 21:25:00', '2018-05-31', 'PH00003', 2);
INSERT INTO projection VALUES ('SC00000903', '2018-05-31 21:40:00', '2018-05-31 23:50:00', '2018-05-31', 'PH00002', 2);
INSERT INTO projection VALUES ('SC00000904', '2018-05-31 08:30:00', '2018-05-31 10:10:00', '2018-05-31', 'PH00003', 3);
INSERT INTO projection VALUES ('SC00000905', '2018-05-31 10:25:00', '2018-05-31 12:05:00', '2018-05-31', 'PH00007', 3);
INSERT INTO projection VALUES ('SC00000906', '2018-05-31 12:20:00', '2018-05-31 14:00:00', '2018-05-31', 'PH00003', 3);
INSERT INTO projection VALUES ('SC00000907', '2018-05-31 14:15:00', '2018-05-31 15:55:00', '2018-05-31', 'PH00007', 3);
INSERT INTO projection VALUES ('SC00000908', '2018-05-31 16:10:00', '2018-05-31 17:50:00', '2018-05-31', 'PH00003', 3);
INSERT INTO projection VALUES ('SC00000909', '2018-05-31 18:05:00', '2018-05-31 19:45:00', '2018-05-31', 'PH00007', 3);
INSERT INTO projection VALUES ('SC00000910', '2018-05-31 20:00:00', '2018-05-31 21:40:00', '2018-05-31', 'PH00003', 3);
INSERT INTO projection VALUES ('SC00000911', '2018-05-31 21:55:00', '2018-05-31 23:35:00', '2018-05-31', 'PH00007', 3);
INSERT INTO projection VALUES ('SC00000912', '2018-05-31 08:30:00', '2018-05-31 10:10:00', '2018-05-31', 'PH00004', 4);
INSERT INTO projection VALUES ('SC00000913', '2018-05-31 10:25:00', '2018-05-31 12:25:00', '2018-05-31', 'PH00001', 4);
INSERT INTO projection VALUES ('SC00000914', '2018-05-31 12:40:00', '2018-05-31 14:20:00', '2018-05-31', 'PH00004', 4);
INSERT INTO projection VALUES ('SC00000915', '2018-05-31 14:35:00', '2018-05-31 16:35:00', '2018-05-31', 'PH00001', 4);
INSERT INTO projection VALUES ('SC00000916', '2018-05-31 16:50:00', '2018-05-31 18:30:00', '2018-05-31', 'PH00004', 4);
INSERT INTO projection VALUES ('SC00000917', '2018-05-31 18:45:00', '2018-05-31 20:45:00', '2018-05-31', 'PH00001', 4);
INSERT INTO projection VALUES ('SC00000918', '2018-05-31 21:00:00', '2018-05-31 22:40:00', '2018-05-31', 'PH00004', 4);
INSERT INTO projection VALUES ('SC00000919', '2018-06-01 08:30:00', '2018-06-01 10:00:00', '2018-06-01', 'PH00005', 1);
INSERT INTO projection VALUES ('SC00000920', '2018-06-01 10:15:00', '2018-06-01 11:55:00', '2018-06-01', 'PH00003', 1);
INSERT INTO projection VALUES ('SC00000921', '2018-06-01 12:10:00', '2018-06-01 13:40:00', '2018-06-01', 'PH00005', 1);
INSERT INTO projection VALUES ('SC00000922', '2018-06-01 13:55:00', '2018-06-01 15:35:00', '2018-06-01', 'PH00003', 1);
INSERT INTO projection VALUES ('SC00000923', '2018-06-01 15:50:00', '2018-06-01 17:20:00', '2018-06-01', 'PH00005', 1);
INSERT INTO projection VALUES ('SC00000924', '2018-06-01 17:35:00', '2018-06-01 19:15:00', '2018-06-01', 'PH00003', 1);
INSERT INTO projection VALUES ('SC00000925', '2018-06-01 19:30:00', '2018-06-01 21:00:00', '2018-06-01', 'PH00005', 1);
INSERT INTO projection VALUES ('SC00000926', '2018-06-01 21:15:00', '2018-06-01 22:55:00', '2018-06-01', 'PH00003', 1);
INSERT INTO projection VALUES ('SC00000927', '2018-06-01 08:30:00', '2018-06-01 10:10:00', '2018-06-01', 'PH00007', 2);
INSERT INTO projection VALUES ('SC00000928', '2018-06-01 10:25:00', '2018-06-01 12:05:00', '2018-06-01', 'PH00004', 2);
INSERT INTO projection VALUES ('SC00000929', '2018-06-01 12:20:00', '2018-06-01 14:00:00', '2018-06-01', 'PH00007', 2);
INSERT INTO projection VALUES ('SC00000930', '2018-06-01 14:15:00', '2018-06-01 15:55:00', '2018-06-01', 'PH00004', 2);
INSERT INTO projection VALUES ('SC00000931', '2018-06-01 16:10:00', '2018-06-01 17:50:00', '2018-06-01', 'PH00007', 2);
INSERT INTO projection VALUES ('SC00000932', '2018-06-01 18:05:00', '2018-06-01 19:45:00', '2018-06-01', 'PH00004', 2);
INSERT INTO projection VALUES ('SC00000933', '2018-06-01 20:00:00', '2018-06-01 21:40:00', '2018-06-01', 'PH00007', 2);
INSERT INTO projection VALUES ('SC00000934', '2018-06-01 21:55:00', '2018-06-01 23:35:00', '2018-06-01', 'PH00004', 2);
INSERT INTO projection VALUES ('SC00000935', '2018-06-01 08:30:00', '2018-06-01 10:30:00', '2018-06-01', 'PH00001', 3);
INSERT INTO projection VALUES ('SC00000936', '2018-06-01 10:45:00', '2018-06-01 12:45:00', '2018-06-01', 'PH00006', 3);
INSERT INTO projection VALUES ('SC00000937', '2018-06-01 13:00:00', '2018-06-01 15:00:00', '2018-06-01', 'PH00001', 3);
INSERT INTO projection VALUES ('SC00000938', '2018-06-01 15:15:00', '2018-06-01 17:15:00', '2018-06-01', 'PH00006', 3);
INSERT INTO projection VALUES ('SC00000939', '2018-06-01 17:30:00', '2018-06-01 19:30:00', '2018-06-01', 'PH00001', 3);
INSERT INTO projection VALUES ('SC00000940', '2018-06-01 19:45:00', '2018-06-01 21:45:00', '2018-06-01', 'PH00006', 3);
INSERT INTO projection VALUES ('SC00000941', '2018-06-01 22:00:00', '2018-06-02 00:00:00', '2018-06-01', 'PH00001', 3);
INSERT INTO projection VALUES ('SC00000942', '2018-06-01 08:30:00', '2018-06-01 10:40:00', '2018-06-01', 'PH00002', 4);
INSERT INTO projection VALUES ('SC00000943', '2018-06-01 10:55:00', '2018-06-01 13:05:00', '2018-06-01', 'PH00002', 4);
INSERT INTO projection VALUES ('SC00000944', '2018-06-01 13:20:00', '2018-06-01 15:30:00', '2018-06-01', 'PH00002', 4);
INSERT INTO projection VALUES ('SC00000945', '2018-06-01 15:45:00', '2018-06-01 17:55:00', '2018-06-01', 'PH00002', 4);
INSERT INTO projection VALUES ('SC00000946', '2018-06-01 18:10:00', '2018-06-01 20:20:00', '2018-06-01', 'PH00002', 4);
INSERT INTO projection VALUES ('SC00000947', '2018-06-01 20:35:00', '2018-06-01 22:45:00', '2018-06-01', 'PH00002', 4);
INSERT INTO projection VALUES ('SC00000948', '2018-06-02 08:30:00', '2018-06-02 10:00:00', '2018-06-02', 'PH00005', 1);
INSERT INTO projection VALUES ('SC00000949', '2018-06-02 10:15:00', '2018-06-02 11:55:00', '2018-06-02', 'PH00003', 1);
INSERT INTO projection VALUES ('SC00000950', '2018-06-02 12:10:00', '2018-06-02 13:40:00', '2018-06-02', 'PH00005', 1);
INSERT INTO projection VALUES ('SC00000951', '2018-06-02 13:55:00', '2018-06-02 15:35:00', '2018-06-02', 'PH00003', 1);
INSERT INTO projection VALUES ('SC00000952', '2018-06-02 15:50:00', '2018-06-02 17:20:00', '2018-06-02', 'PH00005', 1);
INSERT INTO projection VALUES ('SC00000953', '2018-06-02 17:35:00', '2018-06-02 19:15:00', '2018-06-02', 'PH00003', 1);
INSERT INTO projection VALUES ('SC00000954', '2018-06-02 19:30:00', '2018-06-02 21:00:00', '2018-06-02', 'PH00005', 1);
INSERT INTO projection VALUES ('SC00000955', '2018-06-02 21:15:00', '2018-06-02 22:55:00', '2018-06-02', 'PH00003', 1);
INSERT INTO projection VALUES ('SC00000956', '2018-06-02 08:30:00', '2018-06-02 10:10:00', '2018-06-02', 'PH00007', 2);
INSERT INTO projection VALUES ('SC00000957', '2018-06-02 10:25:00', '2018-06-02 12:05:00', '2018-06-02', 'PH00004', 2);
INSERT INTO projection VALUES ('SC00000958', '2018-06-02 12:20:00', '2018-06-02 14:00:00', '2018-06-02', 'PH00007', 2);
INSERT INTO projection VALUES ('SC00000959', '2018-06-02 14:15:00', '2018-06-02 15:55:00', '2018-06-02', 'PH00004', 2);
INSERT INTO projection VALUES ('SC00000960', '2018-06-02 16:10:00', '2018-06-02 17:50:00', '2018-06-02', 'PH00007', 2);
INSERT INTO projection VALUES ('SC00000961', '2018-06-02 18:05:00', '2018-06-02 19:45:00', '2018-06-02', 'PH00004', 2);
INSERT INTO projection VALUES ('SC00000962', '2018-06-02 20:00:00', '2018-06-02 21:40:00', '2018-06-02', 'PH00007', 2);
INSERT INTO projection VALUES ('SC00000963', '2018-06-02 21:55:00', '2018-06-02 23:35:00', '2018-06-02', 'PH00004', 2);
INSERT INTO projection VALUES ('SC00000964', '2018-06-02 08:30:00', '2018-06-02 10:30:00', '2018-06-02', 'PH00001', 3);
INSERT INTO projection VALUES ('SC00000965', '2018-06-02 10:45:00', '2018-06-02 12:45:00', '2018-06-02', 'PH00006', 3);
INSERT INTO projection VALUES ('SC00000966', '2018-06-02 13:00:00', '2018-06-02 15:00:00', '2018-06-02', 'PH00001', 3);
INSERT INTO projection VALUES ('SC00000967', '2018-06-02 15:15:00', '2018-06-02 17:15:00', '2018-06-02', 'PH00006', 3);
INSERT INTO projection VALUES ('SC00000968', '2018-06-02 17:30:00', '2018-06-02 19:30:00', '2018-06-02', 'PH00001', 3);
INSERT INTO projection VALUES ('SC00000969', '2018-06-02 19:45:00', '2018-06-02 21:45:00', '2018-06-02', 'PH00006', 3);
INSERT INTO projection VALUES ('SC00000970', '2018-06-02 22:00:00', '2018-06-03 00:00:00', '2018-06-02', 'PH00001', 3);
INSERT INTO projection VALUES ('SC00000971', '2018-06-02 08:30:00', '2018-06-02 10:40:00', '2018-06-02', 'PH00002', 4);
INSERT INTO projection VALUES ('SC00000972', '2018-06-02 10:55:00', '2018-06-02 13:05:00', '2018-06-02', 'PH00002', 4);
INSERT INTO projection VALUES ('SC00000973', '2018-06-02 13:20:00', '2018-06-02 15:30:00', '2018-06-02', 'PH00002', 4);
INSERT INTO projection VALUES ('SC00000974', '2018-06-02 15:45:00', '2018-06-02 17:55:00', '2018-06-02', 'PH00002', 4);
INSERT INTO projection VALUES ('SC00000975', '2018-06-02 18:10:00', '2018-06-02 20:20:00', '2018-06-02', 'PH00002', 4);
INSERT INTO projection VALUES ('SC00000976', '2018-06-02 20:35:00', '2018-06-02 22:45:00', '2018-06-02', 'PH00002', 4);
INSERT INTO projection VALUES ('SC00000977', '2018-06-03 08:30:00', '2018-06-03 10:00:00', '2018-06-03', 'PH00005', 1);
INSERT INTO projection VALUES ('SC00000978', '2018-06-03 10:15:00', '2018-06-03 11:55:00', '2018-06-03', 'PH00003', 1);
INSERT INTO projection VALUES ('SC00000979', '2018-06-03 12:10:00', '2018-06-03 13:40:00', '2018-06-03', 'PH00005', 1);
INSERT INTO projection VALUES ('SC00000980', '2018-06-03 13:55:00', '2018-06-03 15:35:00', '2018-06-03', 'PH00003', 1);
INSERT INTO projection VALUES ('SC00000981', '2018-06-03 15:50:00', '2018-06-03 17:20:00', '2018-06-03', 'PH00005', 1);
INSERT INTO projection VALUES ('SC00000982', '2018-06-03 17:35:00', '2018-06-03 19:15:00', '2018-06-03', 'PH00003', 1);
INSERT INTO projection VALUES ('SC00000983', '2018-06-03 19:30:00', '2018-06-03 21:00:00', '2018-06-03', 'PH00005', 1);
INSERT INTO projection VALUES ('SC00000984', '2018-06-03 21:15:00', '2018-06-03 22:55:00', '2018-06-03', 'PH00003', 1);
INSERT INTO projection VALUES ('SC00000985', '2018-06-03 08:30:00', '2018-06-03 10:10:00', '2018-06-03', 'PH00007', 2);
INSERT INTO projection VALUES ('SC00000986', '2018-06-03 10:25:00', '2018-06-03 12:05:00', '2018-06-03', 'PH00004', 2);
INSERT INTO projection VALUES ('SC00000987', '2018-06-03 12:20:00', '2018-06-03 14:00:00', '2018-06-03', 'PH00007', 2);
INSERT INTO projection VALUES ('SC00000988', '2018-06-03 14:15:00', '2018-06-03 15:55:00', '2018-06-03', 'PH00004', 2);
INSERT INTO projection VALUES ('SC00000989', '2018-06-03 16:10:00', '2018-06-03 17:50:00', '2018-06-03', 'PH00007', 2);
INSERT INTO projection VALUES ('SC00000990', '2018-06-03 18:05:00', '2018-06-03 19:45:00', '2018-06-03', 'PH00004', 2);
INSERT INTO projection VALUES ('SC00000991', '2018-06-03 20:00:00', '2018-06-03 21:40:00', '2018-06-03', 'PH00007', 2);
INSERT INTO projection VALUES ('SC00000992', '2018-06-03 21:55:00', '2018-06-03 23:35:00', '2018-06-03', 'PH00004', 2);
INSERT INTO projection VALUES ('SC00000993', '2018-06-03 08:30:00', '2018-06-03 10:30:00', '2018-06-03', 'PH00001', 3);
INSERT INTO projection VALUES ('SC00000994', '2018-06-03 10:45:00', '2018-06-03 12:45:00', '2018-06-03', 'PH00006', 3);
INSERT INTO projection VALUES ('SC00000995', '2018-06-03 13:00:00', '2018-06-03 15:00:00', '2018-06-03', 'PH00001', 3);
INSERT INTO projection VALUES ('SC00000996', '2018-06-03 15:15:00', '2018-06-03 17:15:00', '2018-06-03', 'PH00006', 3);
INSERT INTO projection VALUES ('SC00000997', '2018-06-03 17:30:00', '2018-06-03 19:30:00', '2018-06-03', 'PH00001', 3);
INSERT INTO projection VALUES ('SC00000998', '2018-06-03 19:45:00', '2018-06-03 21:45:00', '2018-06-03', 'PH00006', 3);
INSERT INTO projection VALUES ('SC00000999', '2018-06-03 22:00:00', '2018-06-04 00:00:00', '2018-06-03', 'PH00001', 3);
INSERT INTO projection VALUES ('SC00001000', '2018-06-03 08:30:00', '2018-06-03 10:40:00', '2018-06-03', 'PH00002', 4);
INSERT INTO projection VALUES ('SC00001001', '2018-06-03 10:55:00', '2018-06-03 13:05:00', '2018-06-03', 'PH00002', 4);
INSERT INTO projection VALUES ('SC00001002', '2018-06-03 13:20:00', '2018-06-03 15:30:00', '2018-06-03', 'PH00002', 4);
INSERT INTO projection VALUES ('SC00001003', '2018-06-03 15:45:00', '2018-06-03 17:55:00', '2018-06-03', 'PH00002', 4);
INSERT INTO projection VALUES ('SC00001004', '2018-06-03 18:10:00', '2018-06-03 20:20:00', '2018-06-03', 'PH00002', 4);
INSERT INTO projection VALUES ('SC00001005', '2018-06-03 20:35:00', '2018-06-03 22:45:00', '2018-06-03', 'PH00002', 4);
INSERT INTO projection VALUES ('SC00001006', '2018-06-04 08:30:00', '2018-06-04 10:00:00', '2018-06-04', 'PH00005', 1);
INSERT INTO projection VALUES ('SC00001007', '2018-06-04 10:15:00', '2018-06-04 11:55:00', '2018-06-04', 'PH00003', 1);
INSERT INTO projection VALUES ('SC00001008', '2018-06-04 12:10:00', '2018-06-04 13:40:00', '2018-06-04', 'PH00005', 1);
INSERT INTO projection VALUES ('SC00001009', '2018-06-04 13:55:00', '2018-06-04 15:35:00', '2018-06-04', 'PH00003', 1);
INSERT INTO projection VALUES ('SC00001010', '2018-06-04 15:50:00', '2018-06-04 17:20:00', '2018-06-04', 'PH00005', 1);
INSERT INTO projection VALUES ('SC00001011', '2018-06-04 17:35:00', '2018-06-04 19:15:00', '2018-06-04', 'PH00003', 1);
INSERT INTO projection VALUES ('SC00001012', '2018-06-04 19:30:00', '2018-06-04 21:00:00', '2018-06-04', 'PH00005', 1);
INSERT INTO projection VALUES ('SC00001013', '2018-06-04 21:15:00', '2018-06-04 22:55:00', '2018-06-04', 'PH00003', 1);
INSERT INTO projection VALUES ('SC00001014', '2018-06-04 08:30:00', '2018-06-04 10:10:00', '2018-06-04', 'PH00007', 2);
INSERT INTO projection VALUES ('SC00001015', '2018-06-04 10:25:00', '2018-06-04 12:05:00', '2018-06-04', 'PH00004', 2);
INSERT INTO projection VALUES ('SC00001016', '2018-06-04 12:20:00', '2018-06-04 14:00:00', '2018-06-04', 'PH00007', 2);
INSERT INTO projection VALUES ('SC00001017', '2018-06-04 14:15:00', '2018-06-04 15:55:00', '2018-06-04', 'PH00004', 2);
INSERT INTO projection VALUES ('SC00001018', '2018-06-04 16:10:00', '2018-06-04 17:50:00', '2018-06-04', 'PH00007', 2);
INSERT INTO projection VALUES ('SC00001019', '2018-06-04 18:05:00', '2018-06-04 19:45:00', '2018-06-04', 'PH00004', 2);
INSERT INTO projection VALUES ('SC00001020', '2018-06-04 20:00:00', '2018-06-04 21:40:00', '2018-06-04', 'PH00007', 2);
INSERT INTO projection VALUES ('SC00001021', '2018-06-04 21:55:00', '2018-06-04 23:35:00', '2018-06-04', 'PH00004', 2);
INSERT INTO projection VALUES ('SC00001022', '2018-06-04 08:30:00', '2018-06-04 10:30:00', '2018-06-04', 'PH00001', 3);
INSERT INTO projection VALUES ('SC00001023', '2018-06-04 10:45:00', '2018-06-04 12:45:00', '2018-06-04', 'PH00006', 3);
INSERT INTO projection VALUES ('SC00001024', '2018-06-04 13:00:00', '2018-06-04 15:00:00', '2018-06-04', 'PH00001', 3);
INSERT INTO projection VALUES ('SC00001025', '2018-06-04 15:15:00', '2018-06-04 17:15:00', '2018-06-04', 'PH00006', 3);
INSERT INTO projection VALUES ('SC00001026', '2018-06-04 17:30:00', '2018-06-04 19:30:00', '2018-06-04', 'PH00001', 3);
INSERT INTO projection VALUES ('SC00001027', '2018-06-04 19:45:00', '2018-06-04 21:45:00', '2018-06-04', 'PH00006', 3);
INSERT INTO projection VALUES ('SC00001028', '2018-06-04 22:00:00', '2018-06-05 00:00:00', '2018-06-04', 'PH00001', 3);
INSERT INTO projection VALUES ('SC00001029', '2018-06-04 08:30:00', '2018-06-04 10:40:00', '2018-06-04', 'PH00002', 4);
INSERT INTO projection VALUES ('SC00001030', '2018-06-04 10:55:00', '2018-06-04 13:05:00', '2018-06-04', 'PH00002', 4);
INSERT INTO projection VALUES ('SC00001031', '2018-06-04 13:20:00', '2018-06-04 15:30:00', '2018-06-04', 'PH00002', 4);
INSERT INTO projection VALUES ('SC00001032', '2018-06-04 15:45:00', '2018-06-04 17:55:00', '2018-06-04', 'PH00002', 4);
INSERT INTO projection VALUES ('SC00001033', '2018-06-04 18:10:00', '2018-06-04 20:20:00', '2018-06-04', 'PH00002', 4);
INSERT INTO projection VALUES ('SC00001034', '2018-06-04 20:35:00', '2018-06-04 22:45:00', '2018-06-04', 'PH00002', 4);
INSERT INTO projection VALUES ('SC00001035', '2018-06-05 08:30:00', '2018-06-05 10:00:00', '2018-06-05', 'PH00005', 1);
INSERT INTO projection VALUES ('SC00001036', '2018-06-05 10:15:00', '2018-06-05 11:55:00', '2018-06-05', 'PH00003', 1);
INSERT INTO projection VALUES ('SC00001037', '2018-06-05 12:10:00', '2018-06-05 13:40:00', '2018-06-05', 'PH00005', 1);
INSERT INTO projection VALUES ('SC00001038', '2018-06-05 13:55:00', '2018-06-05 15:35:00', '2018-06-05', 'PH00003', 1);
INSERT INTO projection VALUES ('SC00001039', '2018-06-05 15:50:00', '2018-06-05 17:20:00', '2018-06-05', 'PH00005', 1);
INSERT INTO projection VALUES ('SC00001040', '2018-06-05 17:35:00', '2018-06-05 19:15:00', '2018-06-05', 'PH00003', 1);
INSERT INTO projection VALUES ('SC00001041', '2018-06-05 19:30:00', '2018-06-05 21:00:00', '2018-06-05', 'PH00005', 1);
INSERT INTO projection VALUES ('SC00001042', '2018-06-05 21:15:00', '2018-06-05 22:55:00', '2018-06-05', 'PH00003', 1);
INSERT INTO projection VALUES ('SC00001043', '2018-06-05 08:30:00', '2018-06-05 10:10:00', '2018-06-05', 'PH00007', 2);
INSERT INTO projection VALUES ('SC00001044', '2018-06-05 10:25:00', '2018-06-05 12:05:00', '2018-06-05', 'PH00004', 2);
INSERT INTO projection VALUES ('SC00001045', '2018-06-05 12:20:00', '2018-06-05 14:00:00', '2018-06-05', 'PH00007', 2);
INSERT INTO projection VALUES ('SC00001046', '2018-06-05 14:15:00', '2018-06-05 15:55:00', '2018-06-05', 'PH00004', 2);
INSERT INTO projection VALUES ('SC00001047', '2018-06-05 16:10:00', '2018-06-05 17:50:00', '2018-06-05', 'PH00007', 2);
INSERT INTO projection VALUES ('SC00001048', '2018-06-05 18:05:00', '2018-06-05 19:45:00', '2018-06-05', 'PH00004', 2);
INSERT INTO projection VALUES ('SC00001049', '2018-06-05 20:00:00', '2018-06-05 21:40:00', '2018-06-05', 'PH00007', 2);
INSERT INTO projection VALUES ('SC00001050', '2018-06-05 21:55:00', '2018-06-05 23:35:00', '2018-06-05', 'PH00004', 2);
INSERT INTO projection VALUES ('SC00001051', '2018-06-05 08:30:00', '2018-06-05 10:30:00', '2018-06-05', 'PH00001', 3);
INSERT INTO projection VALUES ('SC00001052', '2018-06-05 10:45:00', '2018-06-05 12:45:00', '2018-06-05', 'PH00006', 3);
INSERT INTO projection VALUES ('SC00001053', '2018-06-05 13:00:00', '2018-06-05 15:00:00', '2018-06-05', 'PH00001', 3);
INSERT INTO projection VALUES ('SC00001054', '2018-06-05 15:15:00', '2018-06-05 17:15:00', '2018-06-05', 'PH00006', 3);
INSERT INTO projection VALUES ('SC00001055', '2018-06-05 17:30:00', '2018-06-05 19:30:00', '2018-06-05', 'PH00001', 3);
INSERT INTO projection VALUES ('SC00001056', '2018-06-05 19:45:00', '2018-06-05 21:45:00', '2018-06-05', 'PH00006', 3);
INSERT INTO projection VALUES ('SC00001057', '2018-06-05 22:00:00', '2018-06-06 00:00:00', '2018-06-05', 'PH00001', 3);
INSERT INTO projection VALUES ('SC00001058', '2018-06-05 08:30:00', '2018-06-05 10:40:00', '2018-06-05', 'PH00002', 4);
INSERT INTO projection VALUES ('SC00001059', '2018-06-05 10:55:00', '2018-06-05 13:05:00', '2018-06-05', 'PH00002', 4);
INSERT INTO projection VALUES ('SC00001060', '2018-06-05 13:20:00', '2018-06-05 15:30:00', '2018-06-05', 'PH00002', 4);
INSERT INTO projection VALUES ('SC00001061', '2018-06-05 15:45:00', '2018-06-05 17:55:00', '2018-06-05', 'PH00002', 4);
INSERT INTO projection VALUES ('SC00001062', '2018-06-05 18:10:00', '2018-06-05 20:20:00', '2018-06-05', 'PH00002', 4);
INSERT INTO projection VALUES ('SC00001063', '2018-06-05 20:35:00', '2018-06-05 22:45:00', '2018-06-05', 'PH00002', 4);
INSERT INTO projection VALUES ('SC00001064', '2018-06-06 08:30:00', '2018-06-06 10:00:00', '2018-06-06', 'PH00005', 1);
INSERT INTO projection VALUES ('SC00001065', '2018-06-06 10:15:00', '2018-06-06 12:25:00', '2018-06-06', 'PH00002', 1);
INSERT INTO projection VALUES ('SC00001066', '2018-06-06 12:40:00', '2018-06-06 14:10:00', '2018-06-06', 'PH00005', 1);
INSERT INTO projection VALUES ('SC00001067', '2018-06-06 14:25:00', '2018-06-06 16:35:00', '2018-06-06', 'PH00002', 1);
INSERT INTO projection VALUES ('SC00001068', '2018-06-06 16:50:00', '2018-06-06 18:20:00', '2018-06-06', 'PH00005', 1);
INSERT INTO projection VALUES ('SC00001069', '2018-06-06 18:35:00', '2018-06-06 20:45:00', '2018-06-06', 'PH00002', 1);
INSERT INTO projection VALUES ('SC00001070', '2018-06-06 21:00:00', '2018-06-06 22:30:00', '2018-06-06', 'PH00005', 1);
INSERT INTO projection VALUES ('SC00001071', '2018-06-06 08:30:00', '2018-06-06 10:10:00', '2018-06-06', 'PH00007', 2);
INSERT INTO projection VALUES ('SC00001072', '2018-06-06 10:25:00', '2018-06-06 12:05:00', '2018-06-06', 'PH00003', 2);
INSERT INTO projection VALUES ('SC00001073', '2018-06-06 12:20:00', '2018-06-06 14:00:00', '2018-06-06', 'PH00007', 2);
INSERT INTO projection VALUES ('SC00001074', '2018-06-06 14:15:00', '2018-06-06 15:55:00', '2018-06-06', 'PH00003', 2);
INSERT INTO projection VALUES ('SC00001075', '2018-06-06 16:10:00', '2018-06-06 17:50:00', '2018-06-06', 'PH00007', 2);
INSERT INTO projection VALUES ('SC00001076', '2018-06-06 18:05:00', '2018-06-06 19:45:00', '2018-06-06', 'PH00003', 2);
INSERT INTO projection VALUES ('SC00001077', '2018-06-06 20:00:00', '2018-06-06 21:40:00', '2018-06-06', 'PH00007', 2);
INSERT INTO projection VALUES ('SC00001078', '2018-06-06 21:55:00', '2018-06-06 23:35:00', '2018-06-06', 'PH00003', 2);
INSERT INTO projection VALUES ('SC00001079', '2018-06-06 08:30:00', '2018-06-06 10:00:00', '2018-06-06', 'PH00015', 3);
INSERT INTO projection VALUES ('SC00001080', '2018-06-06 10:15:00', '2018-06-06 11:55:00', '2018-06-06', 'PH00004', 3);
INSERT INTO projection VALUES ('SC00001081', '2018-06-06 12:10:00', '2018-06-06 13:40:00', '2018-06-06', 'PH00015', 3);
INSERT INTO projection VALUES ('SC00001082', '2018-06-06 13:55:00', '2018-06-06 15:35:00', '2018-06-06', 'PH00004', 3);
INSERT INTO projection VALUES ('SC00001083', '2018-06-06 15:50:00', '2018-06-06 17:20:00', '2018-06-06', 'PH00015', 3);
INSERT INTO projection VALUES ('SC00001084', '2018-06-06 17:35:00', '2018-06-06 19:15:00', '2018-06-06', 'PH00004', 3);
INSERT INTO projection VALUES ('SC00001085', '2018-06-06 19:30:00', '2018-06-06 21:00:00', '2018-06-06', 'PH00015', 3);
INSERT INTO projection VALUES ('SC00001086', '2018-06-06 21:15:00', '2018-06-06 22:55:00', '2018-06-06', 'PH00004', 3);
INSERT INTO projection VALUES ('SC00001087', '2018-06-06 08:30:00', '2018-06-06 10:30:00', '2018-06-06', 'PH00001', 4);
INSERT INTO projection VALUES ('SC00001088', '2018-06-06 10:45:00', '2018-06-06 12:45:00', '2018-06-06', 'PH00006', 4);
INSERT INTO projection VALUES ('SC00001089', '2018-06-06 13:00:00', '2018-06-06 15:00:00', '2018-06-06', 'PH00001', 4);
INSERT INTO projection VALUES ('SC00001090', '2018-06-06 15:15:00', '2018-06-06 17:15:00', '2018-06-06', 'PH00006', 4);
INSERT INTO projection VALUES ('SC00001091', '2018-06-06 17:30:00', '2018-06-06 19:30:00', '2018-06-06', 'PH00001', 4);
INSERT INTO projection VALUES ('SC00001092', '2018-06-06 19:45:00', '2018-06-06 21:45:00', '2018-06-06', 'PH00006', 4);
INSERT INTO projection VALUES ('SC00001093', '2018-06-06 22:00:00', '2018-06-07 00:00:00', '2018-06-06', 'PH00001', 4);
INSERT INTO projection VALUES ('SC00001094', '2018-06-07 08:30:00', '2018-06-07 10:00:00', '2018-06-07', 'PH00005', 1);
INSERT INTO projection VALUES ('SC00001095', '2018-06-07 10:15:00', '2018-06-07 12:25:00', '2018-06-07', 'PH00002', 1);
INSERT INTO projection VALUES ('SC00001096', '2018-06-07 12:40:00', '2018-06-07 14:10:00', '2018-06-07', 'PH00005', 1);
INSERT INTO projection VALUES ('SC00001097', '2018-06-07 14:25:00', '2018-06-07 16:35:00', '2018-06-07', 'PH00002', 1);
INSERT INTO projection VALUES ('SC00001098', '2018-06-07 16:50:00', '2018-06-07 18:20:00', '2018-06-07', 'PH00005', 1);
INSERT INTO projection VALUES ('SC00001099', '2018-06-07 18:35:00', '2018-06-07 20:45:00', '2018-06-07', 'PH00002', 1);
INSERT INTO projection VALUES ('SC00001100', '2018-06-07 21:00:00', '2018-06-07 22:30:00', '2018-06-07', 'PH00005', 1);
INSERT INTO projection VALUES ('SC00001101', '2018-06-07 08:30:00', '2018-06-07 10:10:00', '2018-06-07', 'PH00007', 2);
INSERT INTO projection VALUES ('SC00001102', '2018-06-07 10:25:00', '2018-06-07 12:05:00', '2018-06-07', 'PH00003', 2);
INSERT INTO projection VALUES ('SC00001103', '2018-06-07 12:20:00', '2018-06-07 14:00:00', '2018-06-07', 'PH00007', 2);
INSERT INTO projection VALUES ('SC00001104', '2018-06-07 14:15:00', '2018-06-07 15:55:00', '2018-06-07', 'PH00003', 2);
INSERT INTO projection VALUES ('SC00001105', '2018-06-07 16:10:00', '2018-06-07 17:50:00', '2018-06-07', 'PH00007', 2);
INSERT INTO projection VALUES ('SC00001106', '2018-06-07 18:05:00', '2018-06-07 19:45:00', '2018-06-07', 'PH00003', 2);
INSERT INTO projection VALUES ('SC00001107', '2018-06-07 20:00:00', '2018-06-07 21:40:00', '2018-06-07', 'PH00007', 2);
INSERT INTO projection VALUES ('SC00001108', '2018-06-07 21:55:00', '2018-06-07 23:35:00', '2018-06-07', 'PH00003', 2);
INSERT INTO projection VALUES ('SC00001109', '2018-06-07 08:30:00', '2018-06-07 10:00:00', '2018-06-07', 'PH00015', 3);
INSERT INTO projection VALUES ('SC00001110', '2018-06-07 10:15:00', '2018-06-07 11:55:00', '2018-06-07', 'PH00004', 3);
INSERT INTO projection VALUES ('SC00001111', '2018-06-07 12:10:00', '2018-06-07 13:40:00', '2018-06-07', 'PH00015', 3);
INSERT INTO projection VALUES ('SC00001112', '2018-06-07 13:55:00', '2018-06-07 15:35:00', '2018-06-07', 'PH00004', 3);
INSERT INTO projection VALUES ('SC00001113', '2018-06-07 15:50:00', '2018-06-07 17:20:00', '2018-06-07', 'PH00015', 3);
INSERT INTO projection VALUES ('SC00001114', '2018-06-07 17:35:00', '2018-06-07 19:15:00', '2018-06-07', 'PH00004', 3);
INSERT INTO projection VALUES ('SC00001115', '2018-06-07 19:30:00', '2018-06-07 21:00:00', '2018-06-07', 'PH00015', 3);
INSERT INTO projection VALUES ('SC00001116', '2018-06-07 21:15:00', '2018-06-07 22:55:00', '2018-06-07', 'PH00004', 3);
INSERT INTO projection VALUES ('SC00001117', '2018-06-07 08:30:00', '2018-06-07 10:30:00', '2018-06-07', 'PH00001', 4);
INSERT INTO projection VALUES ('SC00001118', '2018-06-07 10:45:00', '2018-06-07 12:45:00', '2018-06-07', 'PH00006', 4);
INSERT INTO projection VALUES ('SC00001119', '2018-06-07 13:00:00', '2018-06-07 15:00:00', '2018-06-07', 'PH00001', 4);
INSERT INTO projection VALUES ('SC00001120', '2018-06-07 15:15:00', '2018-06-07 17:15:00', '2018-06-07', 'PH00006', 4);
INSERT INTO projection VALUES ('SC00001121', '2018-06-07 17:30:00', '2018-06-07 19:30:00', '2018-06-07', 'PH00001', 4);
INSERT INTO projection VALUES ('SC00001122', '2018-06-07 19:45:00', '2018-06-07 21:45:00', '2018-06-07', 'PH00006', 4);
INSERT INTO projection VALUES ('SC00001123', '2018-06-07 22:00:00', '2018-06-08 00:00:00', '2018-06-07', 'PH00001', 4);
INSERT INTO projection VALUES ('SC00001124', '2018-06-08 08:30:00', '2018-06-08 10:00:00', '2018-06-08', 'PH00005', 1);
INSERT INTO projection VALUES ('SC00001125', '2018-06-08 10:15:00', '2018-06-08 12:15:00', '2018-06-08', 'PH00001', 1);
INSERT INTO projection VALUES ('SC00001126', '2018-06-08 12:30:00', '2018-06-08 14:30:00', '2018-06-08', 'PH00006', 1);
INSERT INTO projection VALUES ('SC00001127', '2018-06-08 14:45:00', '2018-06-08 16:15:00', '2018-06-08', 'PH00005', 1);
INSERT INTO projection VALUES ('SC00001128', '2018-06-08 16:30:00', '2018-06-08 18:30:00', '2018-06-08', 'PH00001', 1);
INSERT INTO projection VALUES ('SC00001129', '2018-06-08 18:45:00', '2018-06-08 20:45:00', '2018-06-08', 'PH00006', 1);
INSERT INTO projection VALUES ('SC00001130', '2018-06-08 21:00:00', '2018-06-08 22:30:00', '2018-06-08', 'PH00005', 1);
INSERT INTO projection VALUES ('SC00001131', '2018-06-08 08:30:00', '2018-06-08 10:10:00', '2018-06-08', 'PH00007', 2);
INSERT INTO projection VALUES ('SC00001132', '2018-06-08 10:25:00', '2018-06-08 12:35:00', '2018-06-08', 'PH00002', 2);
INSERT INTO projection VALUES ('SC00001133', '2018-06-08 12:50:00', '2018-06-08 14:30:00', '2018-06-08', 'PH00007', 2);
INSERT INTO projection VALUES ('SC00001134', '2018-06-08 14:45:00', '2018-06-08 16:55:00', '2018-06-08', 'PH00002', 2);
INSERT INTO projection VALUES ('SC00001135', '2018-06-08 17:10:00', '2018-06-08 18:50:00', '2018-06-08', 'PH00007', 2);
INSERT INTO projection VALUES ('SC00001136', '2018-06-08 19:05:00', '2018-06-08 21:15:00', '2018-06-08', 'PH00002', 2);
INSERT INTO projection VALUES ('SC00001137', '2018-06-08 21:30:00', '2018-06-08 23:10:00', '2018-06-08', 'PH00007', 2);
INSERT INTO projection VALUES ('SC00001138', '2018-06-08 08:30:00', '2018-06-08 10:00:00', '2018-06-08', 'PH00009', 3);
INSERT INTO projection VALUES ('SC00001139', '2018-06-08 10:15:00', '2018-06-08 11:55:00', '2018-06-08', 'PH00003', 3);
INSERT INTO projection VALUES ('SC00001140', '2018-06-08 12:10:00', '2018-06-08 13:40:00', '2018-06-08', 'PH00009', 3);
INSERT INTO projection VALUES ('SC00001141', '2018-06-08 13:55:00', '2018-06-08 15:35:00', '2018-06-08', 'PH00003', 3);
INSERT INTO projection VALUES ('SC00001142', '2018-06-08 15:50:00', '2018-06-08 17:20:00', '2018-06-08', 'PH00009', 3);
INSERT INTO projection VALUES ('SC00001143', '2018-06-08 17:35:00', '2018-06-08 19:15:00', '2018-06-08', 'PH00003', 3);
INSERT INTO projection VALUES ('SC00001144', '2018-06-08 19:30:00', '2018-06-08 21:00:00', '2018-06-08', 'PH00009', 3);
INSERT INTO projection VALUES ('SC00001145', '2018-06-08 21:15:00', '2018-06-08 22:55:00', '2018-06-08', 'PH00003', 3);
INSERT INTO projection VALUES ('SC00001146', '2018-06-08 08:30:00', '2018-06-08 10:00:00', '2018-06-08', 'PH00015', 4);
INSERT INTO projection VALUES ('SC00001147', '2018-06-08 10:15:00', '2018-06-08 11:55:00', '2018-06-08', 'PH00004', 4);
INSERT INTO projection VALUES ('SC00001148', '2018-06-08 12:10:00', '2018-06-08 13:40:00', '2018-06-08', 'PH00015', 4);
INSERT INTO projection VALUES ('SC00001149', '2018-06-08 13:55:00', '2018-06-08 15:35:00', '2018-06-08', 'PH00004', 4);
INSERT INTO projection VALUES ('SC00001150', '2018-06-08 15:50:00', '2018-06-08 17:20:00', '2018-06-08', 'PH00015', 4);
INSERT INTO projection VALUES ('SC00001151', '2018-06-08 17:35:00', '2018-06-08 19:15:00', '2018-06-08', 'PH00004', 4);
INSERT INTO projection VALUES ('SC00001152', '2018-06-08 19:30:00', '2018-06-08 21:00:00', '2018-06-08', 'PH00015', 4);
INSERT INTO projection VALUES ('SC00001153', '2018-06-08 21:15:00', '2018-06-08 22:55:00', '2018-06-08', 'PH00004', 4);
INSERT INTO projection VALUES ('SC00001154', '2018-06-09 08:30:00', '2018-06-09 10:00:00', '2018-06-09', 'PH00005', 1);
INSERT INTO projection VALUES ('SC00001155', '2018-06-09 10:15:00', '2018-06-09 12:15:00', '2018-06-09', 'PH00001', 1);
INSERT INTO projection VALUES ('SC00001156', '2018-06-09 12:30:00', '2018-06-09 14:30:00', '2018-06-09', 'PH00006', 1);
INSERT INTO projection VALUES ('SC00001157', '2018-06-09 14:45:00', '2018-06-09 16:15:00', '2018-06-09', 'PH00005', 1);
INSERT INTO projection VALUES ('SC00001158', '2018-06-09 16:30:00', '2018-06-09 18:30:00', '2018-06-09', 'PH00001', 1);
INSERT INTO projection VALUES ('SC00001159', '2018-06-09 18:45:00', '2018-06-09 20:45:00', '2018-06-09', 'PH00006', 1);
INSERT INTO projection VALUES ('SC00001160', '2018-06-09 21:00:00', '2018-06-09 22:30:00', '2018-06-09', 'PH00005', 1);
INSERT INTO projection VALUES ('SC00001161', '2018-06-09 08:30:00', '2018-06-09 10:10:00', '2018-06-09', 'PH00007', 2);
INSERT INTO projection VALUES ('SC00001162', '2018-06-09 10:25:00', '2018-06-09 12:35:00', '2018-06-09', 'PH00002', 2);
INSERT INTO projection VALUES ('SC00001163', '2018-06-09 12:50:00', '2018-06-09 14:30:00', '2018-06-09', 'PH00007', 2);
INSERT INTO projection VALUES ('SC00001164', '2018-06-09 14:45:00', '2018-06-09 16:55:00', '2018-06-09', 'PH00002', 2);
INSERT INTO projection VALUES ('SC00001165', '2018-06-09 17:10:00', '2018-06-09 18:50:00', '2018-06-09', 'PH00007', 2);
INSERT INTO projection VALUES ('SC00001166', '2018-06-09 19:05:00', '2018-06-09 21:15:00', '2018-06-09', 'PH00002', 2);
INSERT INTO projection VALUES ('SC00001167', '2018-06-09 21:30:00', '2018-06-09 23:10:00', '2018-06-09', 'PH00007', 2);
INSERT INTO projection VALUES ('SC00001168', '2018-06-09 08:30:00', '2018-06-09 10:00:00', '2018-06-09', 'PH00009', 3);
INSERT INTO projection VALUES ('SC00001169', '2018-06-09 10:15:00', '2018-06-09 11:55:00', '2018-06-09', 'PH00003', 3);
INSERT INTO projection VALUES ('SC00001170', '2018-06-09 12:10:00', '2018-06-09 13:40:00', '2018-06-09', 'PH00009', 3);
INSERT INTO projection VALUES ('SC00001171', '2018-06-09 13:55:00', '2018-06-09 15:35:00', '2018-06-09', 'PH00003', 3);
INSERT INTO projection VALUES ('SC00001172', '2018-06-09 15:50:00', '2018-06-09 17:20:00', '2018-06-09', 'PH00009', 3);
INSERT INTO projection VALUES ('SC00001173', '2018-06-09 17:35:00', '2018-06-09 19:15:00', '2018-06-09', 'PH00003', 3);
INSERT INTO projection VALUES ('SC00001174', '2018-06-09 19:30:00', '2018-06-09 21:00:00', '2018-06-09', 'PH00009', 3);
INSERT INTO projection VALUES ('SC00001175', '2018-06-09 21:15:00', '2018-06-09 22:55:00', '2018-06-09', 'PH00003', 3);
INSERT INTO projection VALUES ('SC00001176', '2018-06-09 08:30:00', '2018-06-09 10:00:00', '2018-06-09', 'PH00015', 4);
INSERT INTO projection VALUES ('SC00001177', '2018-06-09 10:15:00', '2018-06-09 11:55:00', '2018-06-09', 'PH00004', 4);
INSERT INTO projection VALUES ('SC00001178', '2018-06-09 12:10:00', '2018-06-09 13:40:00', '2018-06-09', 'PH00015', 4);
INSERT INTO projection VALUES ('SC00001179', '2018-06-09 13:55:00', '2018-06-09 15:35:00', '2018-06-09', 'PH00004', 4);
INSERT INTO projection VALUES ('SC00001180', '2018-06-09 15:50:00', '2018-06-09 17:20:00', '2018-06-09', 'PH00015', 4);
INSERT INTO projection VALUES ('SC00001181', '2018-06-09 17:35:00', '2018-06-09 19:15:00', '2018-06-09', 'PH00004', 4);
INSERT INTO projection VALUES ('SC00001182', '2018-06-09 19:30:00', '2018-06-09 21:00:00', '2018-06-09', 'PH00015', 4);
INSERT INTO projection VALUES ('SC00001183', '2018-06-09 21:15:00', '2018-06-09 22:55:00', '2018-06-09', 'PH00004', 4);
INSERT INTO projection VALUES ('SC00001184', '2018-06-10 08:30:00', '2018-06-10 10:00:00', '2018-06-10', 'PH00005', 1);
INSERT INTO projection VALUES ('SC00001185', '2018-06-10 10:15:00', '2018-06-10 12:15:00', '2018-06-10', 'PH00001', 1);
INSERT INTO projection VALUES ('SC00001186', '2018-06-10 12:30:00', '2018-06-10 14:30:00', '2018-06-10', 'PH00006', 1);
INSERT INTO projection VALUES ('SC00001187', '2018-06-10 14:45:00', '2018-06-10 16:15:00', '2018-06-10', 'PH00005', 1);
INSERT INTO projection VALUES ('SC00001188', '2018-06-10 16:30:00', '2018-06-10 18:30:00', '2018-06-10', 'PH00001', 1);
INSERT INTO projection VALUES ('SC00001189', '2018-06-10 18:45:00', '2018-06-10 20:45:00', '2018-06-10', 'PH00006', 1);
INSERT INTO projection VALUES ('SC00001190', '2018-06-10 21:00:00', '2018-06-10 22:30:00', '2018-06-10', 'PH00005', 1);
INSERT INTO projection VALUES ('SC00001191', '2018-06-10 08:30:00', '2018-06-10 10:10:00', '2018-06-10', 'PH00007', 2);
INSERT INTO projection VALUES ('SC00001192', '2018-06-10 10:25:00', '2018-06-10 12:35:00', '2018-06-10', 'PH00002', 2);
INSERT INTO projection VALUES ('SC00001193', '2018-06-10 12:50:00', '2018-06-10 14:30:00', '2018-06-10', 'PH00007', 2);
INSERT INTO projection VALUES ('SC00001194', '2018-06-10 14:45:00', '2018-06-10 16:55:00', '2018-06-10', 'PH00002', 2);
INSERT INTO projection VALUES ('SC00001195', '2018-06-10 17:10:00', '2018-06-10 18:50:00', '2018-06-10', 'PH00007', 2);
INSERT INTO projection VALUES ('SC00001196', '2018-06-10 19:05:00', '2018-06-10 21:15:00', '2018-06-10', 'PH00002', 2);
INSERT INTO projection VALUES ('SC00001197', '2018-06-10 21:30:00', '2018-06-10 23:10:00', '2018-06-10', 'PH00007', 2);
INSERT INTO projection VALUES ('SC00001198', '2018-06-10 08:30:00', '2018-06-10 10:00:00', '2018-06-10', 'PH00009', 3);
INSERT INTO projection VALUES ('SC00001199', '2018-06-10 10:15:00', '2018-06-10 11:55:00', '2018-06-10', 'PH00003', 3);
INSERT INTO projection VALUES ('SC00001200', '2018-06-10 12:10:00', '2018-06-10 13:40:00', '2018-06-10', 'PH00009', 3);
INSERT INTO projection VALUES ('SC00001201', '2018-06-10 13:55:00', '2018-06-10 15:35:00', '2018-06-10', 'PH00003', 3);
INSERT INTO projection VALUES ('SC00001202', '2018-06-10 15:50:00', '2018-06-10 17:20:00', '2018-06-10', 'PH00009', 3);
INSERT INTO projection VALUES ('SC00001203', '2018-06-10 17:35:00', '2018-06-10 19:15:00', '2018-06-10', 'PH00003', 3);
INSERT INTO projection VALUES ('SC00001204', '2018-06-10 19:30:00', '2018-06-10 21:00:00', '2018-06-10', 'PH00009', 3);
INSERT INTO projection VALUES ('SC00001205', '2018-06-10 21:15:00', '2018-06-10 22:55:00', '2018-06-10', 'PH00003', 3);
INSERT INTO projection VALUES ('SC00001206', '2018-06-10 08:30:00', '2018-06-10 10:00:00', '2018-06-10', 'PH00015', 4);
INSERT INTO projection VALUES ('SC00001207', '2018-06-10 10:15:00', '2018-06-10 11:55:00', '2018-06-10', 'PH00004', 4);
INSERT INTO projection VALUES ('SC00001208', '2018-06-10 12:10:00', '2018-06-10 13:40:00', '2018-06-10', 'PH00015', 4);
INSERT INTO projection VALUES ('SC00001209', '2018-06-10 13:55:00', '2018-06-10 15:35:00', '2018-06-10', 'PH00004', 4);
INSERT INTO projection VALUES ('SC00001210', '2018-06-10 15:50:00', '2018-06-10 17:20:00', '2018-06-10', 'PH00015', 4);
INSERT INTO projection VALUES ('SC00001211', '2018-06-10 17:35:00', '2018-06-10 19:15:00', '2018-06-10', 'PH00004', 4);
INSERT INTO projection VALUES ('SC00001212', '2018-06-10 19:30:00', '2018-06-10 21:00:00', '2018-06-10', 'PH00015', 4);
INSERT INTO projection VALUES ('SC00001213', '2018-06-10 21:15:00', '2018-06-10 22:55:00', '2018-06-10', 'PH00004', 4);
INSERT INTO projection VALUES ('SC00001214', '2018-06-11 08:30:00', '2018-06-11 10:00:00', '2018-06-11', 'PH00005', 1);
INSERT INTO projection VALUES ('SC00001215', '2018-06-11 10:15:00', '2018-06-11 12:15:00', '2018-06-11', 'PH00001', 1);
INSERT INTO projection VALUES ('SC00001216', '2018-06-11 12:30:00', '2018-06-11 14:00:00', '2018-06-11', 'PH00005', 1);
INSERT INTO projection VALUES ('SC00001217', '2018-06-11 14:15:00', '2018-06-11 15:45:00', '2018-06-11', 'PH00005', 1);
INSERT INTO projection VALUES ('SC00001218', '2018-06-11 16:00:00', '2018-06-11 18:00:00', '2018-06-11', 'PH00001', 1);
INSERT INTO projection VALUES ('SC00001219', '2018-06-11 18:15:00', '2018-06-11 19:45:00', '2018-06-11', 'PH00005', 1);
INSERT INTO projection VALUES ('SC00001220', '2018-06-11 20:00:00', '2018-06-11 21:30:00', '2018-06-11', 'PH00005', 1);
INSERT INTO projection VALUES ('SC00001221', '2018-06-11 21:45:00', '2018-06-11 23:45:00', '2018-06-11', 'PH00001', 1);
INSERT INTO projection VALUES ('SC00001222', '2018-06-11 08:30:00', '2018-06-11 10:10:00', '2018-06-11', 'PH00007', 2);
INSERT INTO projection VALUES ('SC00001223', '2018-06-11 10:25:00', '2018-06-11 12:35:00', '2018-06-11', 'PH00002', 2);
INSERT INTO projection VALUES ('SC00001224', '2018-06-11 12:50:00', '2018-06-11 14:50:00', '2018-06-11', 'PH00006', 2);
INSERT INTO projection VALUES ('SC00001225', '2018-06-11 15:05:00', '2018-06-11 16:45:00', '2018-06-11', 'PH00007', 2);
INSERT INTO projection VALUES ('SC00001226', '2018-06-11 17:00:00', '2018-06-11 19:10:00', '2018-06-11', 'PH00002', 2);
INSERT INTO projection VALUES ('SC00001227', '2018-06-11 19:25:00', '2018-06-11 21:25:00', '2018-06-11', 'PH00006', 2);
INSERT INTO projection VALUES ('SC00001228', '2018-06-11 21:40:00', '2018-06-11 23:20:00', '2018-06-11', 'PH00007', 2);
INSERT INTO projection VALUES ('SC00001229', '2018-06-11 08:30:00', '2018-06-11 10:00:00', '2018-06-11', 'PH00009', 3);
INSERT INTO projection VALUES ('SC00001230', '2018-06-11 10:15:00', '2018-06-11 11:55:00', '2018-06-11', 'PH00003', 3);
INSERT INTO projection VALUES ('SC00001231', '2018-06-11 12:10:00', '2018-06-11 13:40:00', '2018-06-11', 'PH00009', 3);
INSERT INTO projection VALUES ('SC00001232', '2018-06-11 13:55:00', '2018-06-11 15:35:00', '2018-06-11', 'PH00003', 3);
INSERT INTO projection VALUES ('SC00001233', '2018-06-11 15:50:00', '2018-06-11 17:20:00', '2018-06-11', 'PH00009', 3);
INSERT INTO projection VALUES ('SC00001234', '2018-06-11 17:35:00', '2018-06-11 19:15:00', '2018-06-11', 'PH00003', 3);
INSERT INTO projection VALUES ('SC00001235', '2018-06-11 19:30:00', '2018-06-11 21:00:00', '2018-06-11', 'PH00009', 3);
INSERT INTO projection VALUES ('SC00001236', '2018-06-11 21:15:00', '2018-06-11 22:55:00', '2018-06-11', 'PH00003', 3);
INSERT INTO projection VALUES ('SC00001237', '2018-06-11 08:30:00', '2018-06-11 10:00:00', '2018-06-11', 'PH00015', 4);
INSERT INTO projection VALUES ('SC00001238', '2018-06-11 10:15:00', '2018-06-11 11:55:00', '2018-06-11', 'PH00004', 4);
INSERT INTO projection VALUES ('SC00001239', '2018-06-11 12:10:00', '2018-06-11 13:40:00', '2018-06-11', 'PH00015', 4);
INSERT INTO projection VALUES ('SC00001240', '2018-06-11 13:55:00', '2018-06-11 15:35:00', '2018-06-11', 'PH00004', 4);
INSERT INTO projection VALUES ('SC00001241', '2018-06-11 15:50:00', '2018-06-11 17:20:00', '2018-06-11', 'PH00015', 4);
INSERT INTO projection VALUES ('SC00001242', '2018-06-11 17:35:00', '2018-06-11 19:15:00', '2018-06-11', 'PH00004', 4);
INSERT INTO projection VALUES ('SC00001243', '2018-06-11 19:30:00', '2018-06-11 21:00:00', '2018-06-11', 'PH00015', 4);
INSERT INTO projection VALUES ('SC00001244', '2018-06-11 21:15:00', '2018-06-11 22:55:00', '2018-06-11', 'PH00004', 4);
INSERT INTO projection VALUES ('SC00001245', '2018-06-12 08:30:00', '2018-06-12 10:10:00', '2018-06-12', 'PH00007', 1);
INSERT INTO projection VALUES ('SC00001246', '2018-06-12 10:25:00', '2018-06-12 12:35:00', '2018-06-12', 'PH00002', 1);
INSERT INTO projection VALUES ('SC00001247', '2018-06-12 12:50:00', '2018-06-12 14:50:00', '2018-06-12', 'PH00006', 1);
INSERT INTO projection VALUES ('SC00001248', '2018-06-12 15:05:00', '2018-06-12 16:45:00', '2018-06-12', 'PH00007', 1);
INSERT INTO projection VALUES ('SC00001249', '2018-06-12 17:00:00', '2018-06-12 19:10:00', '2018-06-12', 'PH00002', 1);
INSERT INTO projection VALUES ('SC00001250', '2018-06-12 19:25:00', '2018-06-12 21:25:00', '2018-06-12', 'PH00006', 1);
INSERT INTO projection VALUES ('SC00001251', '2018-06-12 21:40:00', '2018-06-12 23:20:00', '2018-06-12', 'PH00007', 1);
INSERT INTO projection VALUES ('SC00001252', '2018-06-12 08:30:00', '2018-06-12 10:00:00', '2018-06-12', 'PH00009', 2);
INSERT INTO projection VALUES ('SC00001253', '2018-06-12 10:15:00', '2018-06-12 11:55:00', '2018-06-12', 'PH00003', 2);
INSERT INTO projection VALUES ('SC00001254', '2018-06-12 12:10:00', '2018-06-12 13:40:00', '2018-06-12', 'PH00009', 2);
INSERT INTO projection VALUES ('SC00001255', '2018-06-12 13:55:00', '2018-06-12 15:35:00', '2018-06-12', 'PH00003', 2);
INSERT INTO projection VALUES ('SC00001256', '2018-06-12 15:50:00', '2018-06-12 17:20:00', '2018-06-12', 'PH00009', 2);
INSERT INTO projection VALUES ('SC00001257', '2018-06-12 17:35:00', '2018-06-12 19:15:00', '2018-06-12', 'PH00003', 2);
INSERT INTO projection VALUES ('SC00001258', '2018-06-12 19:30:00', '2018-06-12 21:00:00', '2018-06-12', 'PH00009', 2);
INSERT INTO projection VALUES ('SC00001259', '2018-06-12 21:15:00', '2018-06-12 22:55:00', '2018-06-12', 'PH00003', 2);
INSERT INTO projection VALUES ('SC00001260', '2018-06-12 08:30:00', '2018-06-12 10:00:00', '2018-06-12', 'PH00015', 3);
INSERT INTO projection VALUES ('SC00001261', '2018-06-12 10:15:00', '2018-06-12 11:55:00', '2018-06-12', 'PH00004', 3);
INSERT INTO projection VALUES ('SC00001262', '2018-06-12 12:10:00', '2018-06-12 13:40:00', '2018-06-12', 'PH00015', 3);
INSERT INTO projection VALUES ('SC00001263', '2018-06-12 13:55:00', '2018-06-12 15:35:00', '2018-06-12', 'PH00004', 3);
INSERT INTO projection VALUES ('SC00001264', '2018-06-12 15:50:00', '2018-06-12 17:20:00', '2018-06-12', 'PH00015', 3);
INSERT INTO projection VALUES ('SC00001265', '2018-06-12 17:35:00', '2018-06-12 19:15:00', '2018-06-12', 'PH00004', 3);
INSERT INTO projection VALUES ('SC00001266', '2018-06-12 19:30:00', '2018-06-12 21:00:00', '2018-06-12', 'PH00015', 3);
INSERT INTO projection VALUES ('SC00001267', '2018-06-12 21:15:00', '2018-06-12 22:55:00', '2018-06-12', 'PH00004', 3);
INSERT INTO projection VALUES ('SC00001268', '2018-06-12 08:30:00', '2018-06-12 10:30:00', '2018-06-12', 'PH00001', 4);
INSERT INTO projection VALUES ('SC00001269', '2018-06-12 10:45:00', '2018-06-12 12:15:00', '2018-06-12', 'PH00005', 4);
INSERT INTO projection VALUES ('SC00001270', '2018-06-12 12:30:00', '2018-06-12 14:30:00', '2018-06-12', 'PH00001', 4);
INSERT INTO projection VALUES ('SC00001271', '2018-06-12 14:45:00', '2018-06-12 16:15:00', '2018-06-12', 'PH00005', 4);
INSERT INTO projection VALUES ('SC00001272', '2018-06-12 16:30:00', '2018-06-12 18:30:00', '2018-06-12', 'PH00001', 4);
INSERT INTO projection VALUES ('SC00001273', '2018-06-12 18:45:00', '2018-06-12 20:15:00', '2018-06-12', 'PH00005', 4);
INSERT INTO projection VALUES ('SC00001274', '2018-06-12 20:30:00', '2018-06-12 22:30:00', '2018-06-12', 'PH00001', 4);
INSERT INTO projection VALUES ('SC00001275', '2018-06-12 22:45:00', '2018-06-13 00:15:00', '2018-06-12', 'PH00005', 4);
INSERT INTO projection VALUES ('SC00001276', '2018-06-13 08:30:00', '2018-06-13 10:10:00', '2018-06-13', 'PH00007', 1);
INSERT INTO projection VALUES ('SC00001277', '2018-06-13 10:25:00', '2018-06-13 12:35:00', '2018-06-13', 'PH00002', 1);
INSERT INTO projection VALUES ('SC00001278', '2018-06-13 12:50:00', '2018-06-13 14:50:00', '2018-06-13', 'PH00006', 1);
INSERT INTO projection VALUES ('SC00001279', '2018-06-13 15:05:00', '2018-06-13 16:45:00', '2018-06-13', 'PH00007', 1);
INSERT INTO projection VALUES ('SC00001280', '2018-06-13 17:00:00', '2018-06-13 19:10:00', '2018-06-13', 'PH00002', 1);
INSERT INTO projection VALUES ('SC00001281', '2018-06-13 19:25:00', '2018-06-13 21:25:00', '2018-06-13', 'PH00006', 1);
INSERT INTO projection VALUES ('SC00001282', '2018-06-13 21:40:00', '2018-06-13 23:20:00', '2018-06-13', 'PH00007', 1);
INSERT INTO projection VALUES ('SC00001283', '2018-06-13 08:30:00', '2018-06-13 10:00:00', '2018-06-13', 'PH00009', 2);
INSERT INTO projection VALUES ('SC00001284', '2018-06-13 10:15:00', '2018-06-13 11:55:00', '2018-06-13', 'PH00003', 2);
INSERT INTO projection VALUES ('SC00001285', '2018-06-13 12:10:00', '2018-06-13 13:50:00', '2018-06-13', 'PH00007', 2);
INSERT INTO projection VALUES ('SC00001286', '2018-06-13 14:05:00', '2018-06-13 15:35:00', '2018-06-13', 'PH00009', 2);
INSERT INTO projection VALUES ('SC00001287', '2018-06-13 15:50:00', '2018-06-13 17:30:00', '2018-06-13', 'PH00003', 2);
INSERT INTO projection VALUES ('SC00001288', '2018-06-13 17:45:00', '2018-06-13 19:25:00', '2018-06-13', 'PH00007', 2);
INSERT INTO projection VALUES ('SC00001289', '2018-06-13 19:40:00', '2018-06-13 21:10:00', '2018-06-13', 'PH00009', 2);
INSERT INTO projection VALUES ('SC00001290', '2018-06-13 21:25:00', '2018-06-13 23:05:00', '2018-06-13', 'PH00003', 2);
INSERT INTO projection VALUES ('SC00001291', '2018-06-13 08:30:00', '2018-06-13 10:00:00', '2018-06-13', 'PH00015', 3);
INSERT INTO projection VALUES ('SC00001292', '2018-06-13 10:15:00', '2018-06-13 11:55:00', '2018-06-13', 'PH00004', 3);
INSERT INTO projection VALUES ('SC00001293', '2018-06-13 12:10:00', '2018-06-13 13:40:00', '2018-06-13', 'PH00015', 3);
INSERT INTO projection VALUES ('SC00001294', '2018-06-13 13:55:00', '2018-06-13 15:35:00', '2018-06-13', 'PH00004', 3);
INSERT INTO projection VALUES ('SC00001295', '2018-06-13 15:50:00', '2018-06-13 17:20:00', '2018-06-13', 'PH00015', 3);
INSERT INTO projection VALUES ('SC00001296', '2018-06-13 17:35:00', '2018-06-13 19:15:00', '2018-06-13', 'PH00004', 3);
INSERT INTO projection VALUES ('SC00001297', '2018-06-13 19:30:00', '2018-06-13 21:00:00', '2018-06-13', 'PH00015', 3);
INSERT INTO projection VALUES ('SC00001298', '2018-06-13 21:15:00', '2018-06-13 22:55:00', '2018-06-13', 'PH00004', 3);
INSERT INTO projection VALUES ('SC00001299', '2018-06-13 08:30:00', '2018-06-13 10:30:00', '2018-06-13', 'PH00001', 4);
INSERT INTO projection VALUES ('SC00001300', '2018-06-13 10:45:00', '2018-06-13 12:15:00', '2018-06-13', 'PH00005', 4);
INSERT INTO projection VALUES ('SC00001301', '2018-06-13 12:30:00', '2018-06-13 14:30:00', '2018-06-13', 'PH00001', 4);
INSERT INTO projection VALUES ('SC00001302', '2018-06-13 14:45:00', '2018-06-13 16:15:00', '2018-06-13', 'PH00005', 4);
INSERT INTO projection VALUES ('SC00001303', '2018-06-13 16:30:00', '2018-06-13 18:30:00', '2018-06-13', 'PH00001', 4);
INSERT INTO projection VALUES ('SC00001304', '2018-06-13 18:45:00', '2018-06-13 20:15:00', '2018-06-13', 'PH00005', 4);
INSERT INTO projection VALUES ('SC00001305', '2018-06-13 20:30:00', '2018-06-13 22:30:00', '2018-06-13', 'PH00001', 4);
INSERT INTO projection VALUES ('SC00001306', '2018-06-13 22:45:00', '2018-06-14 00:15:00', '2018-06-13', 'PH00005', 4);
INSERT INTO projection VALUES ('SC00001307', '2018-06-14 08:30:00', '2018-06-14 10:00:00', '2018-06-14', 'PH00009', 1);
INSERT INTO projection VALUES ('SC00001308', '2018-06-14 10:15:00', '2018-06-14 11:55:00', '2018-06-14', 'PH00003', 1);
INSERT INTO projection VALUES ('SC00001309', '2018-06-14 12:10:00', '2018-06-14 13:50:00', '2018-06-14', 'PH00007', 1);
INSERT INTO projection VALUES ('SC00001310', '2018-06-14 14:05:00', '2018-06-14 15:35:00', '2018-06-14', 'PH00009', 1);
INSERT INTO projection VALUES ('SC00001311', '2018-06-14 15:50:00', '2018-06-14 17:30:00', '2018-06-14', 'PH00003', 1);
INSERT INTO projection VALUES ('SC00001312', '2018-06-14 17:45:00', '2018-06-14 19:25:00', '2018-06-14', 'PH00007', 1);
INSERT INTO projection VALUES ('SC00001313', '2018-06-14 19:40:00', '2018-06-14 21:10:00', '2018-06-14', 'PH00009', 1);
INSERT INTO projection VALUES ('SC00001314', '2018-06-14 21:25:00', '2018-06-14 23:05:00', '2018-06-14', 'PH00003', 1);
INSERT INTO projection VALUES ('SC00001315', '2018-06-14 08:30:00', '2018-06-14 10:00:00', '2018-06-14', 'PH00015', 2);
INSERT INTO projection VALUES ('SC00001316', '2018-06-14 10:15:00', '2018-06-14 11:55:00', '2018-06-14', 'PH00004', 2);
INSERT INTO projection VALUES ('SC00001317', '2018-06-14 12:10:00', '2018-06-14 13:40:00', '2018-06-14', 'PH00015', 2);
INSERT INTO projection VALUES ('SC00001318', '2018-06-14 13:55:00', '2018-06-14 15:35:00', '2018-06-14', 'PH00004', 2);
INSERT INTO projection VALUES ('SC00001319', '2018-06-14 15:50:00', '2018-06-14 17:20:00', '2018-06-14', 'PH00015', 2);
INSERT INTO projection VALUES ('SC00001320', '2018-06-14 17:35:00', '2018-06-14 19:15:00', '2018-06-14', 'PH00004', 2);
INSERT INTO projection VALUES ('SC00001321', '2018-06-14 19:30:00', '2018-06-14 21:00:00', '2018-06-14', 'PH00015', 2);
INSERT INTO projection VALUES ('SC00001322', '2018-06-14 21:15:00', '2018-06-14 22:55:00', '2018-06-14', 'PH00004', 2);
INSERT INTO projection VALUES ('SC00001323', '2018-06-14 08:30:00', '2018-06-14 10:30:00', '2018-06-14', 'PH00001', 3);
INSERT INTO projection VALUES ('SC00001324', '2018-06-14 10:45:00', '2018-06-14 12:15:00', '2018-06-14', 'PH00005', 3);
INSERT INTO projection VALUES ('SC00001325', '2018-06-14 12:30:00', '2018-06-14 14:30:00', '2018-06-14', 'PH00001', 3);
INSERT INTO projection VALUES ('SC00001326', '2018-06-14 14:45:00', '2018-06-14 16:15:00', '2018-06-14', 'PH00005', 3);
INSERT INTO projection VALUES ('SC00001327', '2018-06-14 16:30:00', '2018-06-14 18:30:00', '2018-06-14', 'PH00001', 3);
INSERT INTO projection VALUES ('SC00001328', '2018-06-14 18:45:00', '2018-06-14 20:15:00', '2018-06-14', 'PH00005', 3);
INSERT INTO projection VALUES ('SC00001329', '2018-06-14 20:30:00', '2018-06-14 22:30:00', '2018-06-14', 'PH00001', 3);
INSERT INTO projection VALUES ('SC00001330', '2018-06-14 22:45:00', '2018-06-15 00:15:00', '2018-06-14', 'PH00005', 3);
INSERT INTO projection VALUES ('SC00001331', '2018-06-14 08:30:00', '2018-06-14 10:40:00', '2018-06-14', 'PH00002', 4);
INSERT INTO projection VALUES ('SC00001332', '2018-06-14 10:55:00', '2018-06-14 12:55:00', '2018-06-14', 'PH00006', 4);
INSERT INTO projection VALUES ('SC00001333', '2018-06-14 13:10:00', '2018-06-14 15:20:00', '2018-06-14', 'PH00002', 4);
INSERT INTO projection VALUES ('SC00001334', '2018-06-14 15:35:00', '2018-06-14 17:35:00', '2018-06-14', 'PH00006', 4);
INSERT INTO projection VALUES ('SC00001335', '2018-06-14 17:50:00', '2018-06-14 20:00:00', '2018-06-14', 'PH00002', 4);
INSERT INTO projection VALUES ('SC00001336', '2018-06-14 20:15:00', '2018-06-14 22:15:00', '2018-06-14', 'PH00006', 4);
INSERT INTO projection VALUES ('SC00001337', '2018-06-15 08:30:00', '2018-06-15 10:00:00', '2018-06-15', 'PH00009', 1);
INSERT INTO projection VALUES ('SC00001338', '2018-06-15 10:15:00', '2018-06-15 11:55:00', '2018-06-15', 'PH00003', 1);
INSERT INTO projection VALUES ('SC00001339', '2018-06-15 12:10:00', '2018-06-15 13:50:00', '2018-06-15', 'PH00007', 1);
INSERT INTO projection VALUES ('SC00001340', '2018-06-15 14:05:00', '2018-06-15 15:35:00', '2018-06-15', 'PH00009', 1);
INSERT INTO projection VALUES ('SC00001341', '2018-06-15 15:50:00', '2018-06-15 17:30:00', '2018-06-15', 'PH00003', 1);
INSERT INTO projection VALUES ('SC00001342', '2018-06-15 17:45:00', '2018-06-15 19:25:00', '2018-06-15', 'PH00007', 1);
INSERT INTO projection VALUES ('SC00001343', '2018-06-15 19:40:00', '2018-06-15 21:10:00', '2018-06-15', 'PH00009', 1);
INSERT INTO projection VALUES ('SC00001344', '2018-06-15 21:25:00', '2018-06-15 23:05:00', '2018-06-15', 'PH00003', 1);
INSERT INTO projection VALUES ('SC00001345', '2018-06-15 08:30:00', '2018-06-15 10:00:00', '2018-06-15', 'PH00015', 2);
INSERT INTO projection VALUES ('SC00001346', '2018-06-15 10:15:00', '2018-06-15 11:55:00', '2018-06-15', 'PH00004', 2);
INSERT INTO projection VALUES ('SC00001347', '2018-06-15 12:10:00', '2018-06-15 13:40:00', '2018-06-15', 'PH00015', 2);
INSERT INTO projection VALUES ('SC00001348', '2018-06-15 13:55:00', '2018-06-15 15:35:00', '2018-06-15', 'PH00004', 2);
INSERT INTO projection VALUES ('SC00001349', '2018-06-15 15:50:00', '2018-06-15 17:20:00', '2018-06-15', 'PH00015', 2);
INSERT INTO projection VALUES ('SC00001350', '2018-06-15 17:35:00', '2018-06-15 19:15:00', '2018-06-15', 'PH00004', 2);
INSERT INTO projection VALUES ('SC00001351', '2018-06-15 19:30:00', '2018-06-15 21:00:00', '2018-06-15', 'PH00015', 2);
INSERT INTO projection VALUES ('SC00001352', '2018-06-15 21:15:00', '2018-06-15 22:55:00', '2018-06-15', 'PH00004', 2);
INSERT INTO projection VALUES ('SC00001353', '2018-06-15 08:30:00', '2018-06-15 10:30:00', '2018-06-15', 'PH00001', 3);
INSERT INTO projection VALUES ('SC00001354', '2018-06-15 10:45:00', '2018-06-15 12:15:00', '2018-06-15', 'PH00005', 3);
INSERT INTO projection VALUES ('SC00001355', '2018-06-15 12:30:00', '2018-06-15 14:30:00', '2018-06-15', 'PH00001', 3);
INSERT INTO projection VALUES ('SC00001356', '2018-06-15 14:45:00', '2018-06-15 16:15:00', '2018-06-15', 'PH00005', 3);
INSERT INTO projection VALUES ('SC00001357', '2018-06-15 16:30:00', '2018-06-15 18:30:00', '2018-06-15', 'PH00001', 3);
INSERT INTO projection VALUES ('SC00001358', '2018-06-15 18:45:00', '2018-06-15 20:15:00', '2018-06-15', 'PH00005', 3);
INSERT INTO projection VALUES ('SC00001359', '2018-06-15 20:30:00', '2018-06-15 22:30:00', '2018-06-15', 'PH00001', 3);
INSERT INTO projection VALUES ('SC00001360', '2018-06-15 22:45:00', '2018-06-16 00:15:00', '2018-06-15', 'PH00005', 3);
INSERT INTO projection VALUES ('SC00001361', '2018-06-15 08:30:00', '2018-06-15 10:40:00', '2018-06-15', 'PH00002', 4);
INSERT INTO projection VALUES ('SC00001362', '2018-06-15 10:55:00', '2018-06-15 12:55:00', '2018-06-15', 'PH00006', 4);
INSERT INTO projection VALUES ('SC00001363', '2018-06-15 13:10:00', '2018-06-15 15:20:00', '2018-06-15', 'PH00002', 4);
INSERT INTO projection VALUES ('SC00001364', '2018-06-15 15:35:00', '2018-06-15 17:35:00', '2018-06-15', 'PH00006', 4);
INSERT INTO projection VALUES ('SC00001365', '2018-06-15 17:50:00', '2018-06-15 20:00:00', '2018-06-15', 'PH00002', 4);
INSERT INTO projection VALUES ('SC00001366', '2018-06-15 20:15:00', '2018-06-15 22:15:00', '2018-06-15', 'PH00006', 4);
INSERT INTO projection VALUES ('SC00001367', '2018-06-16 08:30:00', '2018-06-16 10:00:00', '2018-06-16', 'PH00009', 1);
INSERT INTO projection VALUES ('SC00001368', '2018-06-16 10:15:00', '2018-06-16 11:55:00', '2018-06-16', 'PH00003', 1);
INSERT INTO projection VALUES ('SC00001369', '2018-06-16 12:10:00', '2018-06-16 13:50:00', '2018-06-16', 'PH00007', 1);
INSERT INTO projection VALUES ('SC00001370', '2018-06-16 14:05:00', '2018-06-16 15:35:00', '2018-06-16', 'PH00009', 1);
INSERT INTO projection VALUES ('SC00001371', '2018-06-16 15:50:00', '2018-06-16 17:30:00', '2018-06-16', 'PH00003', 1);
INSERT INTO projection VALUES ('SC00001372', '2018-06-16 17:45:00', '2018-06-16 19:25:00', '2018-06-16', 'PH00007', 1);
INSERT INTO projection VALUES ('SC00001373', '2018-06-16 19:40:00', '2018-06-16 21:10:00', '2018-06-16', 'PH00009', 1);
INSERT INTO projection VALUES ('SC00001374', '2018-06-16 21:25:00', '2018-06-16 23:05:00', '2018-06-16', 'PH00003', 1);
INSERT INTO projection VALUES ('SC00001375', '2018-06-16 08:30:00', '2018-06-16 10:00:00', '2018-06-16', 'PH00015', 2);
INSERT INTO projection VALUES ('SC00001376', '2018-06-16 10:15:00', '2018-06-16 11:55:00', '2018-06-16', 'PH00004', 2);
INSERT INTO projection VALUES ('SC00001377', '2018-06-16 12:10:00', '2018-06-16 13:40:00', '2018-06-16', 'PH00015', 2);
INSERT INTO projection VALUES ('SC00001378', '2018-06-16 13:55:00', '2018-06-16 15:35:00', '2018-06-16', 'PH00004', 2);
INSERT INTO projection VALUES ('SC00001379', '2018-06-16 15:50:00', '2018-06-16 17:20:00', '2018-06-16', 'PH00015', 2);
INSERT INTO projection VALUES ('SC00001380', '2018-06-16 17:35:00', '2018-06-16 19:15:00', '2018-06-16', 'PH00004', 2);
INSERT INTO projection VALUES ('SC00001381', '2018-06-16 19:30:00', '2018-06-16 21:00:00', '2018-06-16', 'PH00015', 2);
INSERT INTO projection VALUES ('SC00001382', '2018-06-16 21:15:00', '2018-06-16 22:55:00', '2018-06-16', 'PH00004', 2);
INSERT INTO projection VALUES ('SC00001383', '2018-06-16 08:30:00', '2018-06-16 10:30:00', '2018-06-16', 'PH00001', 3);
INSERT INTO projection VALUES ('SC00001384', '2018-06-16 10:45:00', '2018-06-16 12:15:00', '2018-06-16', 'PH00005', 3);
INSERT INTO projection VALUES ('SC00001385', '2018-06-16 12:30:00', '2018-06-16 14:30:00', '2018-06-16', 'PH00001', 3);
INSERT INTO projection VALUES ('SC00001386', '2018-06-16 14:45:00', '2018-06-16 16:15:00', '2018-06-16', 'PH00005', 3);
INSERT INTO projection VALUES ('SC00001387', '2018-06-16 16:30:00', '2018-06-16 18:30:00', '2018-06-16', 'PH00001', 3);
INSERT INTO projection VALUES ('SC00001388', '2018-06-16 18:45:00', '2018-06-16 20:15:00', '2018-06-16', 'PH00005', 3);
INSERT INTO projection VALUES ('SC00001389', '2018-06-16 20:30:00', '2018-06-16 22:30:00', '2018-06-16', 'PH00001', 3);
INSERT INTO projection VALUES ('SC00001390', '2018-06-16 22:45:00', '2018-06-17 00:15:00', '2018-06-16', 'PH00005', 3);
INSERT INTO projection VALUES ('SC00001391', '2018-06-16 08:30:00', '2018-06-16 10:40:00', '2018-06-16', 'PH00002', 4);
INSERT INTO projection VALUES ('SC00001392', '2018-06-16 10:55:00', '2018-06-16 12:55:00', '2018-06-16', 'PH00006', 4);
INSERT INTO projection VALUES ('SC00001393', '2018-06-16 13:10:00', '2018-06-16 15:20:00', '2018-06-16', 'PH00002', 4);
INSERT INTO projection VALUES ('SC00001394', '2018-06-16 15:35:00', '2018-06-16 17:35:00', '2018-06-16', 'PH00006', 4);
INSERT INTO projection VALUES ('SC00001395', '2018-06-16 17:50:00', '2018-06-16 20:00:00', '2018-06-16', 'PH00002', 4);
INSERT INTO projection VALUES ('SC00001396', '2018-06-16 20:15:00', '2018-06-16 22:15:00', '2018-06-16', 'PH00006', 4);
INSERT INTO projection VALUES ('SC00001397', '2018-06-17 08:30:00', '2018-06-17 10:00:00', '2018-06-17', 'PH00009', 1);
INSERT INTO projection VALUES ('SC00001398', '2018-06-17 10:15:00', '2018-06-17 12:15:00', '2018-06-17', 'PH00001', 1);
INSERT INTO projection VALUES ('SC00001399', '2018-06-17 12:30:00', '2018-06-17 14:00:00', '2018-06-17', 'PH00005', 1);
INSERT INTO projection VALUES ('SC00001400', '2018-06-17 14:15:00', '2018-06-17 15:45:00', '2018-06-17', 'PH00009', 1);
INSERT INTO projection VALUES ('SC00001401', '2018-06-17 16:00:00', '2018-06-17 18:00:00', '2018-06-17', 'PH00001', 1);
INSERT INTO projection VALUES ('SC00001402', '2018-06-17 18:15:00', '2018-06-17 19:45:00', '2018-06-17', 'PH00005', 1);
INSERT INTO projection VALUES ('SC00001403', '2018-06-17 20:00:00', '2018-06-17 21:30:00', '2018-06-17', 'PH00009', 1);
INSERT INTO projection VALUES ('SC00001404', '2018-06-17 21:45:00', '2018-06-17 23:45:00', '2018-06-17', 'PH00001', 1);
INSERT INTO projection VALUES ('SC00001405', '2018-06-17 08:30:00', '2018-06-17 10:10:00', '2018-06-17', 'PH00012', 2);
INSERT INTO projection VALUES ('SC00001406', '2018-06-17 10:25:00', '2018-06-17 12:35:00', '2018-06-17', 'PH00002', 2);
INSERT INTO projection VALUES ('SC00001407', '2018-06-17 12:50:00', '2018-06-17 14:50:00', '2018-06-17', 'PH00006', 2);
INSERT INTO projection VALUES ('SC00001408', '2018-06-17 15:05:00', '2018-06-17 16:45:00', '2018-06-17', 'PH00012', 2);
INSERT INTO projection VALUES ('SC00001409', '2018-06-17 17:00:00', '2018-06-17 19:10:00', '2018-06-17', 'PH00002', 2);
INSERT INTO projection VALUES ('SC00001410', '2018-06-17 19:25:00', '2018-06-17 21:25:00', '2018-06-17', 'PH00006', 2);
INSERT INTO projection VALUES ('SC00001411', '2018-06-17 21:40:00', '2018-06-17 23:20:00', '2018-06-17', 'PH00012', 2);
INSERT INTO projection VALUES ('SC00001412', '2018-06-17 08:30:00', '2018-06-17 10:10:00', '2018-06-17', 'PH00014', 3);
INSERT INTO projection VALUES ('SC00001413', '2018-06-17 10:25:00', '2018-06-17 12:05:00', '2018-06-17', 'PH00003', 3);
INSERT INTO projection VALUES ('SC00001414', '2018-06-17 12:20:00', '2018-06-17 14:00:00', '2018-06-17', 'PH00014', 3);
INSERT INTO projection VALUES ('SC00001415', '2018-06-17 14:15:00', '2018-06-17 15:55:00', '2018-06-17', 'PH00003', 3);
INSERT INTO projection VALUES ('SC00001416', '2018-06-17 16:10:00', '2018-06-17 17:50:00', '2018-06-17', 'PH00014', 3);
INSERT INTO projection VALUES ('SC00001417', '2018-06-17 18:05:00', '2018-06-17 19:45:00', '2018-06-17', 'PH00003', 3);
INSERT INTO projection VALUES ('SC00001418', '2018-06-17 20:00:00', '2018-06-17 21:40:00', '2018-06-17', 'PH00014', 3);
INSERT INTO projection VALUES ('SC00001419', '2018-06-17 21:55:00', '2018-06-17 23:35:00', '2018-06-17', 'PH00003', 3);
INSERT INTO projection VALUES ('SC00001420', '2018-06-17 08:30:00', '2018-06-17 10:00:00', '2018-06-17', 'PH00015', 4);
INSERT INTO projection VALUES ('SC00001421', '2018-06-17 10:15:00', '2018-06-17 11:55:00', '2018-06-17', 'PH00004', 4);
INSERT INTO projection VALUES ('SC00001422', '2018-06-17 12:10:00', '2018-06-17 13:40:00', '2018-06-17', 'PH00015', 4);
INSERT INTO projection VALUES ('SC00001423', '2018-06-17 13:55:00', '2018-06-17 15:35:00', '2018-06-17', 'PH00004', 4);
INSERT INTO projection VALUES ('SC00001424', '2018-06-17 15:50:00', '2018-06-17 17:20:00', '2018-06-17', 'PH00015', 4);
INSERT INTO projection VALUES ('SC00001425', '2018-06-17 17:35:00', '2018-06-17 19:15:00', '2018-06-17', 'PH00004', 4);
INSERT INTO projection VALUES ('SC00001426', '2018-06-17 19:30:00', '2018-06-17 21:00:00', '2018-06-17', 'PH00015', 4);
INSERT INTO projection VALUES ('SC00001427', '2018-06-17 21:15:00', '2018-06-17 22:55:00', '2018-06-17', 'PH00004', 4);
INSERT INTO projection VALUES ('SC00001428', '2018-06-18 08:30:00', '2018-06-18 10:00:00', '2018-06-18', 'PH00009', 1);
INSERT INTO projection VALUES ('SC00001429', '2018-06-18 10:15:00', '2018-06-18 12:15:00', '2018-06-18', 'PH00001', 1);
INSERT INTO projection VALUES ('SC00001430', '2018-06-18 12:30:00', '2018-06-18 14:00:00', '2018-06-18', 'PH00005', 1);
INSERT INTO projection VALUES ('SC00001431', '2018-06-18 14:15:00', '2018-06-18 15:45:00', '2018-06-18', 'PH00009', 1);
INSERT INTO projection VALUES ('SC00001432', '2018-06-18 16:00:00', '2018-06-18 18:00:00', '2018-06-18', 'PH00001', 1);
INSERT INTO projection VALUES ('SC00001433', '2018-06-18 18:15:00', '2018-06-18 19:45:00', '2018-06-18', 'PH00005', 1);
INSERT INTO projection VALUES ('SC00001434', '2018-06-18 20:00:00', '2018-06-18 21:30:00', '2018-06-18', 'PH00009', 1);
INSERT INTO projection VALUES ('SC00001435', '2018-06-18 21:45:00', '2018-06-18 23:45:00', '2018-06-18', 'PH00001', 1);
INSERT INTO projection VALUES ('SC00001436', '2018-06-18 08:30:00', '2018-06-18 10:10:00', '2018-06-18', 'PH00012', 2);
INSERT INTO projection VALUES ('SC00001437', '2018-06-18 10:25:00', '2018-06-18 12:35:00', '2018-06-18', 'PH00002', 2);
INSERT INTO projection VALUES ('SC00001438', '2018-06-18 12:50:00', '2018-06-18 14:50:00', '2018-06-18', 'PH00006', 2);
INSERT INTO projection VALUES ('SC00001439', '2018-06-18 15:05:00', '2018-06-18 16:45:00', '2018-06-18', 'PH00012', 2);
INSERT INTO projection VALUES ('SC00001440', '2018-06-18 17:00:00', '2018-06-18 19:10:00', '2018-06-18', 'PH00002', 2);
INSERT INTO projection VALUES ('SC00001441', '2018-06-18 19:25:00', '2018-06-18 21:25:00', '2018-06-18', 'PH00006', 2);
INSERT INTO projection VALUES ('SC00001442', '2018-06-18 21:40:00', '2018-06-18 23:20:00', '2018-06-18', 'PH00012', 2);
INSERT INTO projection VALUES ('SC00001443', '2018-06-18 08:30:00', '2018-06-18 10:10:00', '2018-06-18', 'PH00014', 3);
INSERT INTO projection VALUES ('SC00001444', '2018-06-18 10:25:00', '2018-06-18 12:05:00', '2018-06-18', 'PH00003', 3);
INSERT INTO projection VALUES ('SC00001445', '2018-06-18 12:20:00', '2018-06-18 14:00:00', '2018-06-18', 'PH00014', 3);
INSERT INTO projection VALUES ('SC00001446', '2018-06-18 14:15:00', '2018-06-18 15:55:00', '2018-06-18', 'PH00003', 3);
INSERT INTO projection VALUES ('SC00001447', '2018-06-18 16:10:00', '2018-06-18 17:50:00', '2018-06-18', 'PH00014', 3);
INSERT INTO projection VALUES ('SC00001448', '2018-06-18 18:05:00', '2018-06-18 19:45:00', '2018-06-18', 'PH00003', 3);
INSERT INTO projection VALUES ('SC00001449', '2018-06-18 20:00:00', '2018-06-18 21:40:00', '2018-06-18', 'PH00014', 3);
INSERT INTO projection VALUES ('SC00001450', '2018-06-18 21:55:00', '2018-06-18 23:35:00', '2018-06-18', 'PH00003', 3);
INSERT INTO projection VALUES ('SC00001451', '2018-06-18 08:30:00', '2018-06-18 10:00:00', '2018-06-18', 'PH00015', 4);
INSERT INTO projection VALUES ('SC00001452', '2018-06-18 10:15:00', '2018-06-18 11:55:00', '2018-06-18', 'PH00004', 4);
INSERT INTO projection VALUES ('SC00001453', '2018-06-18 12:10:00', '2018-06-18 13:40:00', '2018-06-18', 'PH00015', 4);
INSERT INTO projection VALUES ('SC00001454', '2018-06-18 13:55:00', '2018-06-18 15:35:00', '2018-06-18', 'PH00004', 4);
INSERT INTO projection VALUES ('SC00001455', '2018-06-18 15:50:00', '2018-06-18 17:20:00', '2018-06-18', 'PH00015', 4);
INSERT INTO projection VALUES ('SC00001456', '2018-06-18 17:35:00', '2018-06-18 19:15:00', '2018-06-18', 'PH00004', 4);
INSERT INTO projection VALUES ('SC00001457', '2018-06-18 19:30:00', '2018-06-18 21:00:00', '2018-06-18', 'PH00015', 4);
INSERT INTO projection VALUES ('SC00001458', '2018-06-18 21:15:00', '2018-06-18 22:55:00', '2018-06-18', 'PH00004', 4);
INSERT INTO projection VALUES ('SC00001459', '2018-06-19 08:30:00', '2018-06-19 10:00:00', '2018-06-19', 'PH00009', 1);
INSERT INTO projection VALUES ('SC00001460', '2018-06-19 10:15:00', '2018-06-19 11:45:00', '2018-06-19', 'PH00015', 1);
INSERT INTO projection VALUES ('SC00001461', '2018-06-19 12:00:00', '2018-06-19 13:40:00', '2018-06-19', 'PH00004', 1);
INSERT INTO projection VALUES ('SC00001462', '2018-06-19 13:55:00', '2018-06-19 15:25:00', '2018-06-19', 'PH00009', 1);
INSERT INTO projection VALUES ('SC00001463', '2018-06-19 15:40:00', '2018-06-19 17:10:00', '2018-06-19', 'PH00015', 1);
INSERT INTO projection VALUES ('SC00001464', '2018-06-19 17:25:00', '2018-06-19 19:05:00', '2018-06-19', 'PH00004', 1);
INSERT INTO projection VALUES ('SC00001465', '2018-06-19 19:20:00', '2018-06-19 20:50:00', '2018-06-19', 'PH00009', 1);
INSERT INTO projection VALUES ('SC00001466', '2018-06-19 21:05:00', '2018-06-19 22:35:00', '2018-06-19', 'PH00015', 1);
INSERT INTO projection VALUES ('SC00001467', '2018-06-19 08:30:00', '2018-06-19 10:00:00', '2018-06-19', 'PH00010', 2);
INSERT INTO projection VALUES ('SC00001468', '2018-06-19 10:15:00', '2018-06-19 12:15:00', '2018-06-19', 'PH00001', 2);
INSERT INTO projection VALUES ('SC00001469', '2018-06-19 12:30:00', '2018-06-19 14:00:00', '2018-06-19', 'PH00005', 2);
INSERT INTO projection VALUES ('SC00001470', '2018-06-19 14:15:00', '2018-06-19 15:45:00', '2018-06-19', 'PH00010', 2);
INSERT INTO projection VALUES ('SC00001471', '2018-06-19 16:00:00', '2018-06-19 18:00:00', '2018-06-19', 'PH00001', 2);
INSERT INTO projection VALUES ('SC00001472', '2018-06-19 18:15:00', '2018-06-19 19:45:00', '2018-06-19', 'PH00005', 2);
INSERT INTO projection VALUES ('SC00001473', '2018-06-19 20:00:00', '2018-06-19 21:30:00', '2018-06-19', 'PH00010', 2);
INSERT INTO projection VALUES ('SC00001474', '2018-06-19 21:45:00', '2018-06-19 23:45:00', '2018-06-19', 'PH00001', 2);
INSERT INTO projection VALUES ('SC00001475', '2018-06-19 08:30:00', '2018-06-19 10:10:00', '2018-06-19', 'PH00012', 3);
INSERT INTO projection VALUES ('SC00001476', '2018-06-19 10:25:00', '2018-06-19 12:35:00', '2018-06-19', 'PH00002', 3);
INSERT INTO projection VALUES ('SC00001477', '2018-06-19 12:50:00', '2018-06-19 14:30:00', '2018-06-19', 'PH00012', 3);
INSERT INTO projection VALUES ('SC00001478', '2018-06-19 14:45:00', '2018-06-19 16:55:00', '2018-06-19', 'PH00002', 3);
INSERT INTO projection VALUES ('SC00001479', '2018-06-19 17:10:00', '2018-06-19 18:50:00', '2018-06-19', 'PH00012', 3);
INSERT INTO projection VALUES ('SC00001480', '2018-06-19 19:05:00', '2018-06-19 21:15:00', '2018-06-19', 'PH00002', 3);
INSERT INTO projection VALUES ('SC00001481', '2018-06-19 21:30:00', '2018-06-19 23:10:00', '2018-06-19', 'PH00012', 3);
INSERT INTO projection VALUES ('SC00001482', '2018-06-19 08:30:00', '2018-06-19 10:10:00', '2018-06-19', 'PH00014', 4);
INSERT INTO projection VALUES ('SC00001483', '2018-06-19 10:25:00', '2018-06-19 12:05:00', '2018-06-19', 'PH00003', 4);
INSERT INTO projection VALUES ('SC00001484', '2018-06-19 12:20:00', '2018-06-19 14:00:00', '2018-06-19', 'PH00014', 4);
INSERT INTO projection VALUES ('SC00001485', '2018-06-19 14:15:00', '2018-06-19 15:55:00', '2018-06-19', 'PH00003', 4);
INSERT INTO projection VALUES ('SC00001486', '2018-06-19 16:10:00', '2018-06-19 17:50:00', '2018-06-19', 'PH00014', 4);
INSERT INTO projection VALUES ('SC00001487', '2018-06-19 18:05:00', '2018-06-19 19:45:00', '2018-06-19', 'PH00003', 4);
INSERT INTO projection VALUES ('SC00001488', '2018-06-19 20:00:00', '2018-06-19 21:40:00', '2018-06-19', 'PH00014', 4);
INSERT INTO projection VALUES ('SC00001489', '2018-06-19 21:55:00', '2018-06-19 23:35:00', '2018-06-19', 'PH00003', 4);
INSERT INTO projection VALUES ('SC00001490', '2018-06-20 08:30:00', '2018-06-20 10:00:00', '2018-06-20', 'PH00009', 1);
INSERT INTO projection VALUES ('SC00001491', '2018-06-20 10:15:00', '2018-06-20 11:45:00', '2018-06-20', 'PH00015', 1);
INSERT INTO projection VALUES ('SC00001492', '2018-06-20 12:00:00', '2018-06-20 13:40:00', '2018-06-20', 'PH00004', 1);
INSERT INTO projection VALUES ('SC00001493', '2018-06-20 13:55:00', '2018-06-20 15:25:00', '2018-06-20', 'PH00009', 1);
INSERT INTO projection VALUES ('SC00001494', '2018-06-20 15:40:00', '2018-06-20 17:10:00', '2018-06-20', 'PH00015', 1);
INSERT INTO projection VALUES ('SC00001495', '2018-06-20 17:25:00', '2018-06-20 19:05:00', '2018-06-20', 'PH00004', 1);
INSERT INTO projection VALUES ('SC00001496', '2018-06-20 19:20:00', '2018-06-20 20:50:00', '2018-06-20', 'PH00009', 1);
INSERT INTO projection VALUES ('SC00001497', '2018-06-20 21:05:00', '2018-06-20 22:35:00', '2018-06-20', 'PH00015', 1);
INSERT INTO projection VALUES ('SC00001498', '2018-06-20 08:30:00', '2018-06-20 10:00:00', '2018-06-20', 'PH00010', 2);
INSERT INTO projection VALUES ('SC00001499', '2018-06-20 10:15:00', '2018-06-20 12:15:00', '2018-06-20', 'PH00001', 2);
INSERT INTO projection VALUES ('SC00001500', '2018-06-20 12:30:00', '2018-06-20 14:00:00', '2018-06-20', 'PH00005', 2);
INSERT INTO projection VALUES ('SC00001501', '2018-06-20 14:15:00', '2018-06-20 15:45:00', '2018-06-20', 'PH00010', 2);
INSERT INTO projection VALUES ('SC00001502', '2018-06-20 16:00:00', '2018-06-20 18:00:00', '2018-06-20', 'PH00001', 2);
INSERT INTO projection VALUES ('SC00001503', '2018-06-20 18:15:00', '2018-06-20 19:45:00', '2018-06-20', 'PH00005', 2);
INSERT INTO projection VALUES ('SC00001504', '2018-06-20 20:00:00', '2018-06-20 21:30:00', '2018-06-20', 'PH00010', 2);
INSERT INTO projection VALUES ('SC00001505', '2018-06-20 21:45:00', '2018-06-20 23:45:00', '2018-06-20', 'PH00001', 2);
INSERT INTO projection VALUES ('SC00001506', '2018-06-20 08:30:00', '2018-06-20 10:10:00', '2018-06-20', 'PH00012', 3);
INSERT INTO projection VALUES ('SC00001507', '2018-06-20 10:25:00', '2018-06-20 12:35:00', '2018-06-20', 'PH00002', 3);
INSERT INTO projection VALUES ('SC00001508', '2018-06-20 12:50:00', '2018-06-20 14:30:00', '2018-06-20', 'PH00012', 3);
INSERT INTO projection VALUES ('SC00001509', '2018-06-20 14:45:00', '2018-06-20 16:55:00', '2018-06-20', 'PH00002', 3);
INSERT INTO projection VALUES ('SC00001510', '2018-06-20 17:10:00', '2018-06-20 18:50:00', '2018-06-20', 'PH00012', 3);
INSERT INTO projection VALUES ('SC00001511', '2018-06-20 19:05:00', '2018-06-20 21:15:00', '2018-06-20', 'PH00002', 3);
INSERT INTO projection VALUES ('SC00001512', '2018-06-20 21:30:00', '2018-06-20 23:10:00', '2018-06-20', 'PH00012', 3);
INSERT INTO projection VALUES ('SC00001513', '2018-06-20 08:30:00', '2018-06-20 10:10:00', '2018-06-20', 'PH00014', 4);
INSERT INTO projection VALUES ('SC00001514', '2018-06-20 10:25:00', '2018-06-20 12:05:00', '2018-06-20', 'PH00003', 4);
INSERT INTO projection VALUES ('SC00001515', '2018-06-20 12:20:00', '2018-06-20 14:00:00', '2018-06-20', 'PH00014', 4);
INSERT INTO projection VALUES ('SC00001516', '2018-06-20 14:15:00', '2018-06-20 15:55:00', '2018-06-20', 'PH00003', 4);
INSERT INTO projection VALUES ('SC00001517', '2018-06-20 16:10:00', '2018-06-20 17:50:00', '2018-06-20', 'PH00014', 4);
INSERT INTO projection VALUES ('SC00001518', '2018-06-20 18:05:00', '2018-06-20 19:45:00', '2018-06-20', 'PH00003', 4);
INSERT INTO projection VALUES ('SC00001519', '2018-06-20 20:00:00', '2018-06-20 21:40:00', '2018-06-20', 'PH00014', 4);
INSERT INTO projection VALUES ('SC00001520', '2018-06-20 21:55:00', '2018-06-20 23:35:00', '2018-06-20', 'PH00003', 4);
INSERT INTO projection VALUES ('SC00001521', '2018-06-21 08:30:00', '2018-06-21 10:00:00', '2018-06-21', 'PH00009', 1);
INSERT INTO projection VALUES ('SC00001522', '2018-06-21 10:15:00', '2018-06-21 11:55:00', '2018-06-21', 'PH00014', 1);
INSERT INTO projection VALUES ('SC00001523', '2018-06-21 12:10:00', '2018-06-21 13:50:00', '2018-06-21', 'PH00003', 1);
INSERT INTO projection VALUES ('SC00001524', '2018-06-21 14:05:00', '2018-06-21 15:35:00', '2018-06-21', 'PH00009', 1);
INSERT INTO projection VALUES ('SC00001525', '2018-06-21 15:50:00', '2018-06-21 17:30:00', '2018-06-21', 'PH00014', 1);
INSERT INTO projection VALUES ('SC00001526', '2018-06-21 17:45:00', '2018-06-21 19:25:00', '2018-06-21', 'PH00003', 1);
INSERT INTO projection VALUES ('SC00001527', '2018-06-21 19:40:00', '2018-06-21 21:10:00', '2018-06-21', 'PH00009', 1);
INSERT INTO projection VALUES ('SC00001528', '2018-06-21 21:25:00', '2018-06-21 23:05:00', '2018-06-21', 'PH00014', 1);
INSERT INTO projection VALUES ('SC00001529', '2018-06-21 08:30:00', '2018-06-21 10:00:00', '2018-06-21', 'PH00010', 2);
INSERT INTO projection VALUES ('SC00001530', '2018-06-21 10:15:00', '2018-06-21 11:45:00', '2018-06-21', 'PH00015', 2);
INSERT INTO projection VALUES ('SC00001531', '2018-06-21 12:00:00', '2018-06-21 13:40:00', '2018-06-21', 'PH00004', 2);
INSERT INTO projection VALUES ('SC00001532', '2018-06-21 13:55:00', '2018-06-21 15:25:00', '2018-06-21', 'PH00010', 2);
INSERT INTO projection VALUES ('SC00001533', '2018-06-21 15:40:00', '2018-06-21 17:10:00', '2018-06-21', 'PH00015', 2);
INSERT INTO projection VALUES ('SC00001534', '2018-06-21 17:25:00', '2018-06-21 19:05:00', '2018-06-21', 'PH00004', 2);
INSERT INTO projection VALUES ('SC00001535', '2018-06-21 19:20:00', '2018-06-21 20:50:00', '2018-06-21', 'PH00010', 2);
INSERT INTO projection VALUES ('SC00001536', '2018-06-21 21:05:00', '2018-06-21 22:35:00', '2018-06-21', 'PH00015', 2);
INSERT INTO projection VALUES ('SC00001537', '2018-06-21 08:30:00', '2018-06-21 10:10:00', '2018-06-21', 'PH00011', 3);
INSERT INTO projection VALUES ('SC00001538', '2018-06-21 10:25:00', '2018-06-21 12:25:00', '2018-06-21', 'PH00001', 3);
INSERT INTO projection VALUES ('SC00001539', '2018-06-21 12:40:00', '2018-06-21 14:20:00', '2018-06-21', 'PH00011', 3);
INSERT INTO projection VALUES ('SC00001540', '2018-06-21 14:35:00', '2018-06-21 16:35:00', '2018-06-21', 'PH00001', 3);
INSERT INTO projection VALUES ('SC00001541', '2018-06-21 16:50:00', '2018-06-21 18:30:00', '2018-06-21', 'PH00011', 3);
INSERT INTO projection VALUES ('SC00001542', '2018-06-21 18:45:00', '2018-06-21 20:45:00', '2018-06-21', 'PH00001', 3);
INSERT INTO projection VALUES ('SC00001543', '2018-06-21 21:00:00', '2018-06-21 22:40:00', '2018-06-21', 'PH00011', 3);
INSERT INTO projection VALUES ('SC00001544', '2018-06-21 08:30:00', '2018-06-21 10:10:00', '2018-06-21', 'PH00012', 4);
INSERT INTO projection VALUES ('SC00001545', '2018-06-21 10:25:00', '2018-06-21 12:35:00', '2018-06-21', 'PH00002', 4);
INSERT INTO projection VALUES ('SC00001546', '2018-06-21 12:50:00', '2018-06-21 14:30:00', '2018-06-21', 'PH00012', 4);
INSERT INTO projection VALUES ('SC00001547', '2018-06-21 14:45:00', '2018-06-21 16:55:00', '2018-06-21', 'PH00002', 4);
INSERT INTO projection VALUES ('SC00001548', '2018-06-21 17:10:00', '2018-06-21 18:50:00', '2018-06-21', 'PH00012', 4);
INSERT INTO projection VALUES ('SC00001549', '2018-06-21 19:05:00', '2018-06-21 21:15:00', '2018-06-21', 'PH00002', 4);
INSERT INTO projection VALUES ('SC00001550', '2018-06-21 21:30:00', '2018-06-21 23:10:00', '2018-06-21', 'PH00012', 4);
INSERT INTO projection VALUES ('SC00001551', '2018-06-22 08:30:00', '2018-06-22 10:00:00', '2018-06-22', 'PH00009', 1);
INSERT INTO projection VALUES ('SC00001552', '2018-06-22 10:15:00', '2018-06-22 11:45:00', '2018-06-22', 'PH00013', 1);
INSERT INTO projection VALUES ('SC00001553', '2018-06-22 12:00:00', '2018-06-22 14:10:00', '2018-06-22', 'PH00002', 1);
INSERT INTO projection VALUES ('SC00001554', '2018-06-22 14:25:00', '2018-06-22 15:55:00', '2018-06-22', 'PH00009', 1);
INSERT INTO projection VALUES ('SC00001555', '2018-06-22 16:10:00', '2018-06-22 17:40:00', '2018-06-22', 'PH00013', 1);
INSERT INTO projection VALUES ('SC00001556', '2018-06-22 17:55:00', '2018-06-22 20:05:00', '2018-06-22', 'PH00002', 1);
INSERT INTO projection VALUES ('SC00001557', '2018-06-22 20:20:00', '2018-06-22 21:50:00', '2018-06-22', 'PH00009', 1);
INSERT INTO projection VALUES ('SC00001558', '2018-06-22 22:05:00', '2018-06-22 23:35:00', '2018-06-22', 'PH00013', 1);
INSERT INTO projection VALUES ('SC00001559', '2018-06-22 08:30:00', '2018-06-22 10:00:00', '2018-06-22', 'PH00010', 2);
INSERT INTO projection VALUES ('SC00001560', '2018-06-22 10:15:00', '2018-06-22 11:55:00', '2018-06-22', 'PH00014', 2);
INSERT INTO projection VALUES ('SC00001561', '2018-06-22 12:10:00', '2018-06-22 13:50:00', '2018-06-22', 'PH00003', 2);
INSERT INTO projection VALUES ('SC00001562', '2018-06-22 14:05:00', '2018-06-22 15:35:00', '2018-06-22', 'PH00010', 2);
INSERT INTO projection VALUES ('SC00001563', '2018-06-22 15:50:00', '2018-06-22 17:30:00', '2018-06-22', 'PH00014', 2);
INSERT INTO projection VALUES ('SC00001564', '2018-06-22 17:45:00', '2018-06-22 19:25:00', '2018-06-22', 'PH00003', 2);
INSERT INTO projection VALUES ('SC00001565', '2018-06-22 19:40:00', '2018-06-22 21:10:00', '2018-06-22', 'PH00010', 2);
INSERT INTO projection VALUES ('SC00001566', '2018-06-22 21:25:00', '2018-06-22 23:05:00', '2018-06-22', 'PH00014', 2);
INSERT INTO projection VALUES ('SC00001567', '2018-06-22 08:30:00', '2018-06-22 10:10:00', '2018-06-22', 'PH00011', 3);
INSERT INTO projection VALUES ('SC00001568', '2018-06-22 10:25:00', '2018-06-22 11:55:00', '2018-06-22', 'PH00015', 3);
INSERT INTO projection VALUES ('SC00001569', '2018-06-22 12:10:00', '2018-06-22 13:50:00', '2018-06-22', 'PH00011', 3);
INSERT INTO projection VALUES ('SC00001570', '2018-06-22 14:05:00', '2018-06-22 15:35:00', '2018-06-22', 'PH00015', 3);
INSERT INTO projection VALUES ('SC00001571', '2018-06-22 15:50:00', '2018-06-22 17:30:00', '2018-06-22', 'PH00011', 3);
INSERT INTO projection VALUES ('SC00001572', '2018-06-22 17:45:00', '2018-06-22 19:15:00', '2018-06-22', 'PH00015', 3);
INSERT INTO projection VALUES ('SC00001573', '2018-06-22 19:30:00', '2018-06-22 21:10:00', '2018-06-22', 'PH00011', 3);
INSERT INTO projection VALUES ('SC00001574', '2018-06-22 21:25:00', '2018-06-22 22:55:00', '2018-06-22', 'PH00015', 3);
INSERT INTO projection VALUES ('SC00001575', '2018-06-22 08:30:00', '2018-06-22 10:10:00', '2018-06-22', 'PH00012', 4);
INSERT INTO projection VALUES ('SC00001576', '2018-06-22 10:25:00', '2018-06-22 12:25:00', '2018-06-22', 'PH00001', 4);
INSERT INTO projection VALUES ('SC00001577', '2018-06-22 12:40:00', '2018-06-22 14:20:00', '2018-06-22', 'PH00012', 4);
INSERT INTO projection VALUES ('SC00001578', '2018-06-22 14:35:00', '2018-06-22 16:35:00', '2018-06-22', 'PH00001', 4);
INSERT INTO projection VALUES ('SC00001579', '2018-06-22 16:50:00', '2018-06-22 18:30:00', '2018-06-22', 'PH00012', 4);
INSERT INTO projection VALUES ('SC00001580', '2018-06-22 18:45:00', '2018-06-22 20:45:00', '2018-06-22', 'PH00001', 4);
INSERT INTO projection VALUES ('SC00001581', '2018-06-22 21:00:00', '2018-06-22 22:40:00', '2018-06-22', 'PH00012', 4);
INSERT INTO projection VALUES ('SC00001582', '2018-06-23 08:30:00', '2018-06-23 10:00:00', '2018-06-23', 'PH00009', 1);
INSERT INTO projection VALUES ('SC00001583', '2018-06-23 10:15:00', '2018-06-23 11:45:00', '2018-06-23', 'PH00013', 1);
INSERT INTO projection VALUES ('SC00001584', '2018-06-23 12:00:00', '2018-06-23 14:10:00', '2018-06-23', 'PH00002', 1);
INSERT INTO projection VALUES ('SC00001585', '2018-06-23 14:25:00', '2018-06-23 15:55:00', '2018-06-23', 'PH00009', 1);
INSERT INTO projection VALUES ('SC00001586', '2018-06-23 16:10:00', '2018-06-23 17:40:00', '2018-06-23', 'PH00013', 1);
INSERT INTO projection VALUES ('SC00001587', '2018-06-23 17:55:00', '2018-06-23 20:05:00', '2018-06-23', 'PH00002', 1);
INSERT INTO projection VALUES ('SC00001588', '2018-06-23 20:20:00', '2018-06-23 21:50:00', '2018-06-23', 'PH00009', 1);
INSERT INTO projection VALUES ('SC00001589', '2018-06-23 22:05:00', '2018-06-23 23:35:00', '2018-06-23', 'PH00013', 1);
INSERT INTO projection VALUES ('SC00001590', '2018-06-23 08:30:00', '2018-06-23 10:00:00', '2018-06-23', 'PH00010', 2);
INSERT INTO projection VALUES ('SC00001591', '2018-06-23 10:15:00', '2018-06-23 11:55:00', '2018-06-23', 'PH00014', 2);
INSERT INTO projection VALUES ('SC00001592', '2018-06-23 12:10:00', '2018-06-23 13:50:00', '2018-06-23', 'PH00003', 2);
INSERT INTO projection VALUES ('SC00001593', '2018-06-23 14:05:00', '2018-06-23 15:35:00', '2018-06-23', 'PH00010', 2);
INSERT INTO projection VALUES ('SC00001594', '2018-06-23 15:50:00', '2018-06-23 17:30:00', '2018-06-23', 'PH00014', 2);
INSERT INTO projection VALUES ('SC00001595', '2018-06-23 17:45:00', '2018-06-23 19:25:00', '2018-06-23', 'PH00003', 2);
INSERT INTO projection VALUES ('SC00001596', '2018-06-23 19:40:00', '2018-06-23 21:10:00', '2018-06-23', 'PH00010', 2);
INSERT INTO projection VALUES ('SC00001597', '2018-06-23 21:25:00', '2018-06-23 23:05:00', '2018-06-23', 'PH00014', 2);
INSERT INTO projection VALUES ('SC00001598', '2018-06-23 08:30:00', '2018-06-23 10:10:00', '2018-06-23', 'PH00011', 3);
INSERT INTO projection VALUES ('SC00001599', '2018-06-23 10:25:00', '2018-06-23 11:55:00', '2018-06-23', 'PH00015', 3);
INSERT INTO projection VALUES ('SC00001600', '2018-06-23 12:10:00', '2018-06-23 13:50:00', '2018-06-23', 'PH00011', 3);
INSERT INTO projection VALUES ('SC00001601', '2018-06-23 14:05:00', '2018-06-23 15:35:00', '2018-06-23', 'PH00015', 3);
INSERT INTO projection VALUES ('SC00001602', '2018-06-23 15:50:00', '2018-06-23 17:30:00', '2018-06-23', 'PH00011', 3);
INSERT INTO projection VALUES ('SC00001603', '2018-06-23 17:45:00', '2018-06-23 19:15:00', '2018-06-23', 'PH00015', 3);
INSERT INTO projection VALUES ('SC00001604', '2018-06-23 19:30:00', '2018-06-23 21:10:00', '2018-06-23', 'PH00011', 3);
INSERT INTO projection VALUES ('SC00001605', '2018-06-23 21:25:00', '2018-06-23 22:55:00', '2018-06-23', 'PH00015', 3);
INSERT INTO projection VALUES ('SC00001606', '2018-06-23 08:30:00', '2018-06-23 10:10:00', '2018-06-23', 'PH00012', 4);
INSERT INTO projection VALUES ('SC00001607', '2018-06-23 10:25:00', '2018-06-23 12:25:00', '2018-06-23', 'PH00001', 4);
INSERT INTO projection VALUES ('SC00001608', '2018-06-23 12:40:00', '2018-06-23 14:20:00', '2018-06-23', 'PH00012', 4);
INSERT INTO projection VALUES ('SC00001609', '2018-06-23 14:35:00', '2018-06-23 16:35:00', '2018-06-23', 'PH00001', 4);
INSERT INTO projection VALUES ('SC00001610', '2018-06-23 16:50:00', '2018-06-23 18:30:00', '2018-06-23', 'PH00012', 4);
INSERT INTO projection VALUES ('SC00001611', '2018-06-23 18:45:00', '2018-06-23 20:45:00', '2018-06-23', 'PH00001', 4);
INSERT INTO projection VALUES ('SC00001612', '2018-06-23 21:00:00', '2018-06-23 22:40:00', '2018-06-23', 'PH00012', 4);
INSERT INTO projection VALUES ('SC00001613', '2018-06-24 08:30:00', '2018-06-24 10:00:00', '2018-06-24', 'PH00009', 1);
INSERT INTO projection VALUES ('SC00001614', '2018-06-24 10:15:00', '2018-06-24 11:45:00', '2018-06-24', 'PH00013', 1);
INSERT INTO projection VALUES ('SC00001615', '2018-06-24 12:00:00', '2018-06-24 14:10:00', '2018-06-24', 'PH00002', 1);
INSERT INTO projection VALUES ('SC00001616', '2018-06-24 14:25:00', '2018-06-24 15:55:00', '2018-06-24', 'PH00009', 1);
INSERT INTO projection VALUES ('SC00001617', '2018-06-24 16:10:00', '2018-06-24 17:40:00', '2018-06-24', 'PH00013', 1);
INSERT INTO projection VALUES ('SC00001618', '2018-06-24 17:55:00', '2018-06-24 20:05:00', '2018-06-24', 'PH00002', 1);
INSERT INTO projection VALUES ('SC00001619', '2018-06-24 20:20:00', '2018-06-24 21:50:00', '2018-06-24', 'PH00009', 1);
INSERT INTO projection VALUES ('SC00001620', '2018-06-24 22:05:00', '2018-06-24 23:35:00', '2018-06-24', 'PH00013', 1);
INSERT INTO projection VALUES ('SC00001621', '2018-06-24 08:30:00', '2018-06-24 10:00:00', '2018-06-24', 'PH00010', 2);
INSERT INTO projection VALUES ('SC00001622', '2018-06-24 10:15:00', '2018-06-24 11:55:00', '2018-06-24', 'PH00014', 2);
INSERT INTO projection VALUES ('SC00001623', '2018-06-24 12:10:00', '2018-06-24 13:50:00', '2018-06-24', 'PH00003', 2);
INSERT INTO projection VALUES ('SC00001624', '2018-06-24 14:05:00', '2018-06-24 15:35:00', '2018-06-24', 'PH00010', 2);
INSERT INTO projection VALUES ('SC00001625', '2018-06-24 15:50:00', '2018-06-24 17:30:00', '2018-06-24', 'PH00014', 2);
INSERT INTO projection VALUES ('SC00001626', '2018-06-24 17:45:00', '2018-06-24 19:25:00', '2018-06-24', 'PH00003', 2);
INSERT INTO projection VALUES ('SC00001627', '2018-06-24 19:40:00', '2018-06-24 21:10:00', '2018-06-24', 'PH00010', 2);
INSERT INTO projection VALUES ('SC00001628', '2018-06-24 21:25:00', '2018-06-24 23:05:00', '2018-06-24', 'PH00014', 2);
INSERT INTO projection VALUES ('SC00001629', '2018-06-24 08:30:00', '2018-06-24 10:10:00', '2018-06-24', 'PH00011', 3);
INSERT INTO projection VALUES ('SC00001630', '2018-06-24 10:25:00', '2018-06-24 11:55:00', '2018-06-24', 'PH00015', 3);
INSERT INTO projection VALUES ('SC00001631', '2018-06-24 12:10:00', '2018-06-24 13:50:00', '2018-06-24', 'PH00011', 3);
INSERT INTO projection VALUES ('SC00001632', '2018-06-24 14:05:00', '2018-06-24 15:35:00', '2018-06-24', 'PH00015', 3);
INSERT INTO projection VALUES ('SC00001633', '2018-06-24 15:50:00', '2018-06-24 17:30:00', '2018-06-24', 'PH00011', 3);
INSERT INTO projection VALUES ('SC00001634', '2018-06-24 17:45:00', '2018-06-24 19:15:00', '2018-06-24', 'PH00015', 3);
INSERT INTO projection VALUES ('SC00001635', '2018-06-24 19:30:00', '2018-06-24 21:10:00', '2018-06-24', 'PH00011', 3);
INSERT INTO projection VALUES ('SC00001636', '2018-06-24 21:25:00', '2018-06-24 22:55:00', '2018-06-24', 'PH00015', 3);
INSERT INTO projection VALUES ('SC00001637', '2018-06-24 08:30:00', '2018-06-24 10:10:00', '2018-06-24', 'PH00012', 4);
INSERT INTO projection VALUES ('SC00001638', '2018-06-24 10:25:00', '2018-06-24 12:25:00', '2018-06-24', 'PH00001', 4);
INSERT INTO projection VALUES ('SC00001639', '2018-06-24 12:40:00', '2018-06-24 14:20:00', '2018-06-24', 'PH00012', 4);
INSERT INTO projection VALUES ('SC00001640', '2018-06-24 14:35:00', '2018-06-24 16:35:00', '2018-06-24', 'PH00001', 4);
INSERT INTO projection VALUES ('SC00001641', '2018-06-24 16:50:00', '2018-06-24 18:30:00', '2018-06-24', 'PH00012', 4);
INSERT INTO projection VALUES ('SC00001642', '2018-06-24 18:45:00', '2018-06-24 20:45:00', '2018-06-24', 'PH00001', 4);
INSERT INTO projection VALUES ('SC00001643', '2018-06-24 21:00:00', '2018-06-24 22:40:00', '2018-06-24', 'PH00012', 4);
INSERT INTO projection VALUES ('SC00001644', '2018-06-25 08:30:00', '2018-06-25 10:00:00', '2018-06-25', 'PH00009', 1);
INSERT INTO projection VALUES ('SC00001645', '2018-06-25 10:15:00', '2018-06-25 11:45:00', '2018-06-25', 'PH00013', 1);
INSERT INTO projection VALUES ('SC00001646', '2018-06-25 12:00:00', '2018-06-25 14:10:00', '2018-06-25', 'PH00002', 1);
INSERT INTO projection VALUES ('SC00001647', '2018-06-25 14:25:00', '2018-06-25 15:55:00', '2018-06-25', 'PH00009', 1);
INSERT INTO projection VALUES ('SC00001648', '2018-06-25 16:10:00', '2018-06-25 17:40:00', '2018-06-25', 'PH00013', 1);
INSERT INTO projection VALUES ('SC00001649', '2018-06-25 17:55:00', '2018-06-25 20:05:00', '2018-06-25', 'PH00002', 1);
INSERT INTO projection VALUES ('SC00001650', '2018-06-25 20:20:00', '2018-06-25 21:50:00', '2018-06-25', 'PH00009', 1);
INSERT INTO projection VALUES ('SC00001651', '2018-06-25 22:05:00', '2018-06-25 23:35:00', '2018-06-25', 'PH00013', 1);
INSERT INTO projection VALUES ('SC00001652', '2018-06-25 08:30:00', '2018-06-25 10:00:00', '2018-06-25', 'PH00010', 2);
INSERT INTO projection VALUES ('SC00001653', '2018-06-25 10:15:00', '2018-06-25 11:55:00', '2018-06-25', 'PH00014', 2);
INSERT INTO projection VALUES ('SC00001654', '2018-06-25 12:10:00', '2018-06-25 13:50:00', '2018-06-25', 'PH00003', 2);
INSERT INTO projection VALUES ('SC00001655', '2018-06-25 14:05:00', '2018-06-25 15:35:00', '2018-06-25', 'PH00010', 2);
INSERT INTO projection VALUES ('SC00001656', '2018-06-25 15:50:00', '2018-06-25 17:30:00', '2018-06-25', 'PH00014', 2);
INSERT INTO projection VALUES ('SC00001657', '2018-06-25 17:45:00', '2018-06-25 19:25:00', '2018-06-25', 'PH00003', 2);
INSERT INTO projection VALUES ('SC00001658', '2018-06-25 19:40:00', '2018-06-25 21:10:00', '2018-06-25', 'PH00010', 2);
INSERT INTO projection VALUES ('SC00001659', '2018-06-25 21:25:00', '2018-06-25 23:05:00', '2018-06-25', 'PH00014', 2);
INSERT INTO projection VALUES ('SC00001660', '2018-06-25 08:30:00', '2018-06-25 10:10:00', '2018-06-25', 'PH00011', 3);
INSERT INTO projection VALUES ('SC00001661', '2018-06-25 10:25:00', '2018-06-25 11:55:00', '2018-06-25', 'PH00015', 3);
INSERT INTO projection VALUES ('SC00001662', '2018-06-25 12:10:00', '2018-06-25 13:50:00', '2018-06-25', 'PH00011', 3);
INSERT INTO projection VALUES ('SC00001663', '2018-06-25 14:05:00', '2018-06-25 15:35:00', '2018-06-25', 'PH00015', 3);
INSERT INTO projection VALUES ('SC00001664', '2018-06-25 15:50:00', '2018-06-25 17:30:00', '2018-06-25', 'PH00011', 3);
INSERT INTO projection VALUES ('SC00001665', '2018-06-25 17:45:00', '2018-06-25 19:15:00', '2018-06-25', 'PH00015', 3);
INSERT INTO projection VALUES ('SC00001666', '2018-06-25 19:30:00', '2018-06-25 21:10:00', '2018-06-25', 'PH00011', 3);
INSERT INTO projection VALUES ('SC00001667', '2018-06-25 21:25:00', '2018-06-25 22:55:00', '2018-06-25', 'PH00015', 3);
INSERT INTO projection VALUES ('SC00001668', '2018-06-25 08:30:00', '2018-06-25 10:10:00', '2018-06-25', 'PH00012', 4);
INSERT INTO projection VALUES ('SC00001669', '2018-06-25 10:25:00', '2018-06-25 12:25:00', '2018-06-25', 'PH00001', 4);
INSERT INTO projection VALUES ('SC00001670', '2018-06-25 12:40:00', '2018-06-25 14:20:00', '2018-06-25', 'PH00012', 4);
INSERT INTO projection VALUES ('SC00001671', '2018-06-25 14:35:00', '2018-06-25 16:35:00', '2018-06-25', 'PH00001', 4);
INSERT INTO projection VALUES ('SC00001672', '2018-06-25 16:50:00', '2018-06-25 18:30:00', '2018-06-25', 'PH00012', 4);
INSERT INTO projection VALUES ('SC00001673', '2018-06-25 18:45:00', '2018-06-25 20:45:00', '2018-06-25', 'PH00001', 4);
INSERT INTO projection VALUES ('SC00001674', '2018-06-25 21:00:00', '2018-06-25 22:40:00', '2018-06-25', 'PH00012', 4);
INSERT INTO projection VALUES ('SC00001675', '2018-06-26 08:30:00', '2018-06-26 10:00:00', '2018-06-26', 'PH00009', 1);
INSERT INTO projection VALUES ('SC00001676', '2018-06-26 10:15:00', '2018-06-26 11:45:00', '2018-06-26', 'PH00013', 1);
INSERT INTO projection VALUES ('SC00001677', '2018-06-26 12:00:00', '2018-06-26 14:10:00', '2018-06-26', 'PH00002', 1);
INSERT INTO projection VALUES ('SC00001678', '2018-06-26 14:25:00', '2018-06-26 15:55:00', '2018-06-26', 'PH00009', 1);
INSERT INTO projection VALUES ('SC00001679', '2018-06-26 16:10:00', '2018-06-26 17:40:00', '2018-06-26', 'PH00013', 1);
INSERT INTO projection VALUES ('SC00001680', '2018-06-26 17:55:00', '2018-06-26 20:05:00', '2018-06-26', 'PH00002', 1);
INSERT INTO projection VALUES ('SC00001681', '2018-06-26 20:20:00', '2018-06-26 21:50:00', '2018-06-26', 'PH00009', 1);
INSERT INTO projection VALUES ('SC00001682', '2018-06-26 22:05:00', '2018-06-26 23:35:00', '2018-06-26', 'PH00013', 1);
INSERT INTO projection VALUES ('SC00001683', '2018-06-26 08:30:00', '2018-06-26 10:00:00', '2018-06-26', 'PH00010', 2);
INSERT INTO projection VALUES ('SC00001684', '2018-06-26 10:15:00', '2018-06-26 11:55:00', '2018-06-26', 'PH00014', 2);
INSERT INTO projection VALUES ('SC00001685', '2018-06-26 12:10:00', '2018-06-26 13:50:00', '2018-06-26', 'PH00003', 2);
INSERT INTO projection VALUES ('SC00001686', '2018-06-26 14:05:00', '2018-06-26 15:35:00', '2018-06-26', 'PH00010', 2);
INSERT INTO projection VALUES ('SC00001687', '2018-06-26 15:50:00', '2018-06-26 17:30:00', '2018-06-26', 'PH00014', 2);
INSERT INTO projection VALUES ('SC00001688', '2018-06-26 17:45:00', '2018-06-26 19:25:00', '2018-06-26', 'PH00003', 2);
INSERT INTO projection VALUES ('SC00001689', '2018-06-26 19:40:00', '2018-06-26 21:10:00', '2018-06-26', 'PH00010', 2);
INSERT INTO projection VALUES ('SC00001690', '2018-06-26 21:25:00', '2018-06-26 23:05:00', '2018-06-26', 'PH00014', 2);
INSERT INTO projection VALUES ('SC00001691', '2018-06-26 08:30:00', '2018-06-26 10:10:00', '2018-06-26', 'PH00011', 3);
INSERT INTO projection VALUES ('SC00001692', '2018-06-26 10:25:00', '2018-06-26 11:55:00', '2018-06-26', 'PH00015', 3);
INSERT INTO projection VALUES ('SC00001693', '2018-06-26 12:10:00', '2018-06-26 13:50:00', '2018-06-26', 'PH00011', 3);
INSERT INTO projection VALUES ('SC00001694', '2018-06-26 14:05:00', '2018-06-26 15:35:00', '2018-06-26', 'PH00015', 3);
INSERT INTO projection VALUES ('SC00001695', '2018-06-26 15:50:00', '2018-06-26 17:30:00', '2018-06-26', 'PH00011', 3);
INSERT INTO projection VALUES ('SC00001696', '2018-06-26 17:45:00', '2018-06-26 19:15:00', '2018-06-26', 'PH00015', 3);
INSERT INTO projection VALUES ('SC00001697', '2018-06-26 19:30:00', '2018-06-26 21:10:00', '2018-06-26', 'PH00011', 3);
INSERT INTO projection VALUES ('SC00001698', '2018-06-26 21:25:00', '2018-06-26 22:55:00', '2018-06-26', 'PH00015', 3);
INSERT INTO projection VALUES ('SC00001699', '2018-06-26 08:30:00', '2018-06-26 10:10:00', '2018-06-26', 'PH00012', 4);
INSERT INTO projection VALUES ('SC00001700', '2018-06-26 10:25:00', '2018-06-26 12:25:00', '2018-06-26', 'PH00001', 4);
INSERT INTO projection VALUES ('SC00001701', '2018-06-26 12:40:00', '2018-06-26 14:20:00', '2018-06-26', 'PH00012', 4);
INSERT INTO projection VALUES ('SC00001702', '2018-06-26 14:35:00', '2018-06-26 16:35:00', '2018-06-26', 'PH00001', 4);
INSERT INTO projection VALUES ('SC00001703', '2018-06-26 16:50:00', '2018-06-26 18:30:00', '2018-06-26', 'PH00012', 4);
INSERT INTO projection VALUES ('SC00001704', '2018-06-26 18:45:00', '2018-06-26 20:45:00', '2018-06-26', 'PH00001', 4);
INSERT INTO projection VALUES ('SC00001705', '2018-06-26 21:00:00', '2018-06-26 22:40:00', '2018-06-26', 'PH00012', 4);
INSERT INTO projection VALUES ('SC00001706', '2018-06-27 08:30:00', '2018-06-27 10:12:00', '2018-06-27', 'PH00008', 1);
INSERT INTO projection VALUES ('SC00001707', '2018-06-27 10:27:00', '2018-06-27 12:07:00', '2018-06-27', 'PH00012', 1);
INSERT INTO projection VALUES ('SC00001708', '2018-06-27 12:22:00', '2018-06-27 14:22:00', '2018-06-27', 'PH00001', 1);
INSERT INTO projection VALUES ('SC00001709', '2018-06-27 14:37:00', '2018-06-27 16:19:00', '2018-06-27', 'PH00008', 1);
INSERT INTO projection VALUES ('SC00001710', '2018-06-27 16:34:00', '2018-06-27 18:14:00', '2018-06-27', 'PH00012', 1);
INSERT INTO projection VALUES ('SC00001711', '2018-06-27 18:29:00', '2018-06-27 20:29:00', '2018-06-27', 'PH00001', 1);
INSERT INTO projection VALUES ('SC00001712', '2018-06-27 20:44:00', '2018-06-27 22:26:00', '2018-06-27', 'PH00008', 1);
INSERT INTO projection VALUES ('SC00001713', '2018-06-27 22:41:00', '2018-06-28 00:21:00', '2018-06-27', 'PH00012', 1);
INSERT INTO projection VALUES ('SC00001714', '2018-06-27 08:30:00', '2018-06-27 10:00:00', '2018-06-27', 'PH00009', 2);
INSERT INTO projection VALUES ('SC00001715', '2018-06-27 10:15:00', '2018-06-27 11:45:00', '2018-06-27', 'PH00013', 2);
INSERT INTO projection VALUES ('SC00001716', '2018-06-27 12:00:00', '2018-06-27 14:10:00', '2018-06-27', 'PH00002', 2);
INSERT INTO projection VALUES ('SC00001717', '2018-06-27 14:25:00', '2018-06-27 15:55:00', '2018-06-27', 'PH00009', 2);
INSERT INTO projection VALUES ('SC00001718', '2018-06-27 16:10:00', '2018-06-27 17:40:00', '2018-06-27', 'PH00013', 2);
INSERT INTO projection VALUES ('SC00001719', '2018-06-27 17:55:00', '2018-06-27 20:05:00', '2018-06-27', 'PH00002', 2);
INSERT INTO projection VALUES ('SC00001720', '2018-06-27 20:20:00', '2018-06-27 21:50:00', '2018-06-27', 'PH00009', 2);
INSERT INTO projection VALUES ('SC00001721', '2018-06-27 22:05:00', '2018-06-27 23:35:00', '2018-06-27', 'PH00013', 2);
INSERT INTO projection VALUES ('SC00001722', '2018-06-27 08:30:00', '2018-06-27 10:00:00', '2018-06-27', 'PH00010', 3);
INSERT INTO projection VALUES ('SC00001723', '2018-06-27 10:15:00', '2018-06-27 11:55:00', '2018-06-27', 'PH00014', 3);
INSERT INTO projection VALUES ('SC00001724', '2018-06-27 12:10:00', '2018-06-27 13:40:00', '2018-06-27', 'PH00010', 3);
INSERT INTO projection VALUES ('SC00001725', '2018-06-27 13:55:00', '2018-06-27 15:35:00', '2018-06-27', 'PH00014', 3);
INSERT INTO projection VALUES ('SC00001726', '2018-06-27 15:50:00', '2018-06-27 17:20:00', '2018-06-27', 'PH00010', 3);
INSERT INTO projection VALUES ('SC00001727', '2018-06-27 17:35:00', '2018-06-27 19:15:00', '2018-06-27', 'PH00014', 3);
INSERT INTO projection VALUES ('SC00001728', '2018-06-27 19:30:00', '2018-06-27 21:00:00', '2018-06-27', 'PH00010', 3);
INSERT INTO projection VALUES ('SC00001729', '2018-06-27 21:15:00', '2018-06-27 22:55:00', '2018-06-27', 'PH00014', 3);
INSERT INTO projection VALUES ('SC00001730', '2018-06-27 08:30:00', '2018-06-27 10:10:00', '2018-06-27', 'PH00011', 4);
INSERT INTO projection VALUES ('SC00001731', '2018-06-27 10:25:00', '2018-06-27 11:55:00', '2018-06-27', 'PH00015', 4);
INSERT INTO projection VALUES ('SC00001732', '2018-06-27 12:10:00', '2018-06-27 13:50:00', '2018-06-27', 'PH00011', 4);
INSERT INTO projection VALUES ('SC00001733', '2018-06-27 14:05:00', '2018-06-27 15:35:00', '2018-06-27', 'PH00015', 4);
INSERT INTO projection VALUES ('SC00001734', '2018-06-27 15:50:00', '2018-06-27 17:30:00', '2018-06-27', 'PH00011', 4);
INSERT INTO projection VALUES ('SC00001735', '2018-06-27 17:45:00', '2018-06-27 19:15:00', '2018-06-27', 'PH00015', 4);
INSERT INTO projection VALUES ('SC00001736', '2018-06-27 19:30:00', '2018-06-27 21:10:00', '2018-06-27', 'PH00011', 4);
INSERT INTO projection VALUES ('SC00001737', '2018-06-27 21:25:00', '2018-06-27 22:55:00', '2018-06-27', 'PH00015', 4);
INSERT INTO projection VALUES ('SC00001738', '2018-06-28 08:30:00', '2018-06-28 10:12:00', '2018-06-28', 'PH00008', 1);
INSERT INTO projection VALUES ('SC00001739', '2018-06-28 10:27:00', '2018-06-28 12:07:00', '2018-06-28', 'PH00012', 1);
INSERT INTO projection VALUES ('SC00001740', '2018-06-28 12:22:00', '2018-06-28 14:22:00', '2018-06-28', 'PH00001', 1);
INSERT INTO projection VALUES ('SC00001741', '2018-06-28 14:37:00', '2018-06-28 16:19:00', '2018-06-28', 'PH00008', 1);
INSERT INTO projection VALUES ('SC00001742', '2018-06-28 16:34:00', '2018-06-28 18:14:00', '2018-06-28', 'PH00012', 1);
INSERT INTO projection VALUES ('SC00001743', '2018-06-28 18:29:00', '2018-06-28 20:29:00', '2018-06-28', 'PH00001', 1);
INSERT INTO projection VALUES ('SC00001744', '2018-06-28 20:44:00', '2018-06-28 22:26:00', '2018-06-28', 'PH00008', 1);
INSERT INTO projection VALUES ('SC00001745', '2018-06-28 22:41:00', '2018-06-29 00:21:00', '2018-06-28', 'PH00012', 1);
INSERT INTO projection VALUES ('SC00001746', '2018-06-28 08:30:00', '2018-06-28 10:00:00', '2018-06-28', 'PH00009', 2);
INSERT INTO projection VALUES ('SC00001747', '2018-06-28 10:15:00', '2018-06-28 11:45:00', '2018-06-28', 'PH00013', 2);
INSERT INTO projection VALUES ('SC00001748', '2018-06-28 12:00:00', '2018-06-28 14:10:00', '2018-06-28', 'PH00002', 2);
INSERT INTO projection VALUES ('SC00001749', '2018-06-28 14:25:00', '2018-06-28 15:55:00', '2018-06-28', 'PH00009', 2);
INSERT INTO projection VALUES ('SC00001750', '2018-06-28 16:10:00', '2018-06-28 17:40:00', '2018-06-28', 'PH00013', 2);
INSERT INTO projection VALUES ('SC00001751', '2018-06-28 17:55:00', '2018-06-28 20:05:00', '2018-06-28', 'PH00002', 2);
INSERT INTO projection VALUES ('SC00001752', '2018-06-28 20:20:00', '2018-06-28 21:50:00', '2018-06-28', 'PH00009', 2);
INSERT INTO projection VALUES ('SC00001753', '2018-06-28 22:05:00', '2018-06-28 23:35:00', '2018-06-28', 'PH00013', 2);
INSERT INTO projection VALUES ('SC00001754', '2018-06-28 08:30:00', '2018-06-28 10:00:00', '2018-06-28', 'PH00010', 3);
INSERT INTO projection VALUES ('SC00001755', '2018-06-28 10:15:00', '2018-06-28 11:55:00', '2018-06-28', 'PH00014', 3);
INSERT INTO projection VALUES ('SC00001756', '2018-06-28 12:10:00', '2018-06-28 13:40:00', '2018-06-28', 'PH00010', 3);
INSERT INTO projection VALUES ('SC00001757', '2018-06-28 13:55:00', '2018-06-28 15:35:00', '2018-06-28', 'PH00014', 3);
INSERT INTO projection VALUES ('SC00001758', '2018-06-28 15:50:00', '2018-06-28 17:20:00', '2018-06-28', 'PH00010', 3);
INSERT INTO projection VALUES ('SC00001759', '2018-06-28 17:35:00', '2018-06-28 19:15:00', '2018-06-28', 'PH00014', 3);
INSERT INTO projection VALUES ('SC00001760', '2018-06-28 19:30:00', '2018-06-28 21:00:00', '2018-06-28', 'PH00010', 3);
INSERT INTO projection VALUES ('SC00001761', '2018-06-28 21:15:00', '2018-06-28 22:55:00', '2018-06-28', 'PH00014', 3);
INSERT INTO projection VALUES ('SC00001762', '2018-06-28 08:30:00', '2018-06-28 10:10:00', '2018-06-28', 'PH00011', 4);
INSERT INTO projection VALUES ('SC00001763', '2018-06-28 10:25:00', '2018-06-28 11:55:00', '2018-06-28', 'PH00015', 4);
INSERT INTO projection VALUES ('SC00001764', '2018-06-28 12:10:00', '2018-06-28 13:50:00', '2018-06-28', 'PH00011', 4);
INSERT INTO projection VALUES ('SC00001765', '2018-06-28 14:05:00', '2018-06-28 15:35:00', '2018-06-28', 'PH00015', 4);
INSERT INTO projection VALUES ('SC00001766', '2018-06-28 15:50:00', '2018-06-28 17:30:00', '2018-06-28', 'PH00011', 4);
INSERT INTO projection VALUES ('SC00001767', '2018-06-28 17:45:00', '2018-06-28 19:15:00', '2018-06-28', 'PH00015', 4);
INSERT INTO projection VALUES ('SC00001768', '2018-06-28 19:30:00', '2018-06-28 21:10:00', '2018-06-28', 'PH00011', 4);
INSERT INTO projection VALUES ('SC00001769', '2018-06-28 21:25:00', '2018-06-28 22:55:00', '2018-06-28', 'PH00015', 4);
INSERT INTO projection VALUES ('SC00001770', '2018-06-29 08:30:00', '2018-06-29 10:12:00', '2018-06-29', 'PH00008', 1);
INSERT INTO projection VALUES ('SC00001771', '2018-06-29 10:27:00', '2018-06-29 12:07:00', '2018-06-29', 'PH00012', 1);
INSERT INTO projection VALUES ('SC00001772', '2018-06-29 12:22:00', '2018-06-29 14:22:00', '2018-06-29', 'PH00001', 1);
INSERT INTO projection VALUES ('SC00001773', '2018-06-29 14:37:00', '2018-06-29 16:19:00', '2018-06-29', 'PH00008', 1);
INSERT INTO projection VALUES ('SC00001774', '2018-06-29 16:34:00', '2018-06-29 18:14:00', '2018-06-29', 'PH00012', 1);
INSERT INTO projection VALUES ('SC00001775', '2018-06-29 18:29:00', '2018-06-29 20:29:00', '2018-06-29', 'PH00001', 1);
INSERT INTO projection VALUES ('SC00001776', '2018-06-29 20:44:00', '2018-06-29 22:26:00', '2018-06-29', 'PH00008', 1);
INSERT INTO projection VALUES ('SC00001777', '2018-06-29 22:41:00', '2018-06-30 00:21:00', '2018-06-29', 'PH00012', 1);
INSERT INTO projection VALUES ('SC00001778', '2018-06-29 08:30:00', '2018-06-29 10:00:00', '2018-06-29', 'PH00009', 2);
INSERT INTO projection VALUES ('SC00001779', '2018-06-29 10:15:00', '2018-06-29 11:45:00', '2018-06-29', 'PH00013', 2);
INSERT INTO projection VALUES ('SC00001780', '2018-06-29 12:00:00', '2018-06-29 14:10:00', '2018-06-29', 'PH00002', 2);
INSERT INTO projection VALUES ('SC00001781', '2018-06-29 14:25:00', '2018-06-29 15:55:00', '2018-06-29', 'PH00009', 2);
INSERT INTO projection VALUES ('SC00001782', '2018-06-29 16:10:00', '2018-06-29 17:40:00', '2018-06-29', 'PH00013', 2);
INSERT INTO projection VALUES ('SC00001783', '2018-06-29 17:55:00', '2018-06-29 20:05:00', '2018-06-29', 'PH00002', 2);
INSERT INTO projection VALUES ('SC00001784', '2018-06-29 20:20:00', '2018-06-29 21:50:00', '2018-06-29', 'PH00009', 2);
INSERT INTO projection VALUES ('SC00001785', '2018-06-29 22:05:00', '2018-06-29 23:35:00', '2018-06-29', 'PH00013', 2);
INSERT INTO projection VALUES ('SC00001786', '2018-06-29 08:30:00', '2018-06-29 10:00:00', '2018-06-29', 'PH00010', 3);
INSERT INTO projection VALUES ('SC00001787', '2018-06-29 10:15:00', '2018-06-29 11:55:00', '2018-06-29', 'PH00014', 3);
INSERT INTO projection VALUES ('SC00001788', '2018-06-29 12:10:00', '2018-06-29 13:40:00', '2018-06-29', 'PH00010', 3);
INSERT INTO projection VALUES ('SC00001789', '2018-06-29 13:55:00', '2018-06-29 15:35:00', '2018-06-29', 'PH00014', 3);
INSERT INTO projection VALUES ('SC00001790', '2018-06-29 15:50:00', '2018-06-29 17:20:00', '2018-06-29', 'PH00010', 3);
INSERT INTO projection VALUES ('SC00001791', '2018-06-29 17:35:00', '2018-06-29 19:15:00', '2018-06-29', 'PH00014', 3);
INSERT INTO projection VALUES ('SC00001792', '2018-06-29 19:30:00', '2018-06-29 21:00:00', '2018-06-29', 'PH00010', 3);
INSERT INTO projection VALUES ('SC00001793', '2018-06-29 21:15:00', '2018-06-29 22:55:00', '2018-06-29', 'PH00014', 3);
INSERT INTO projection VALUES ('SC00001794', '2018-06-29 08:30:00', '2018-06-29 10:10:00', '2018-06-29', 'PH00011', 4);
INSERT INTO projection VALUES ('SC00001795', '2018-06-29 10:25:00', '2018-06-29 11:55:00', '2018-06-29', 'PH00015', 4);
INSERT INTO projection VALUES ('SC00001796', '2018-06-29 12:10:00', '2018-06-29 13:50:00', '2018-06-29', 'PH00011', 4);
INSERT INTO projection VALUES ('SC00001797', '2018-06-29 14:05:00', '2018-06-29 15:35:00', '2018-06-29', 'PH00015', 4);
INSERT INTO projection VALUES ('SC00001798', '2018-06-29 15:50:00', '2018-06-29 17:30:00', '2018-06-29', 'PH00011', 4);
INSERT INTO projection VALUES ('SC00001799', '2018-06-29 17:45:00', '2018-06-29 19:15:00', '2018-06-29', 'PH00015', 4);
INSERT INTO projection VALUES ('SC00001800', '2018-06-29 19:30:00', '2018-06-29 21:10:00', '2018-06-29', 'PH00011', 4);
INSERT INTO projection VALUES ('SC00001801', '2018-06-29 21:25:00', '2018-06-29 22:55:00', '2018-06-29', 'PH00015', 4);
INSERT INTO projection VALUES ('SC00001802', '2018-06-30 08:30:00', '2018-06-30 10:12:00', '2018-06-30', 'PH00008', 1);
INSERT INTO projection VALUES ('SC00001803', '2018-06-30 10:27:00', '2018-06-30 12:07:00', '2018-06-30', 'PH00012', 1);
INSERT INTO projection VALUES ('SC00001804', '2018-06-30 12:22:00', '2018-06-30 14:22:00', '2018-06-30', 'PH00001', 1);
INSERT INTO projection VALUES ('SC00001805', '2018-06-30 14:37:00', '2018-06-30 16:19:00', '2018-06-30', 'PH00008', 1);
INSERT INTO projection VALUES ('SC00001806', '2018-06-30 16:34:00', '2018-06-30 18:14:00', '2018-06-30', 'PH00012', 1);
INSERT INTO projection VALUES ('SC00001807', '2018-06-30 18:29:00', '2018-06-30 20:29:00', '2018-06-30', 'PH00001', 1);
INSERT INTO projection VALUES ('SC00001808', '2018-06-30 20:44:00', '2018-06-30 22:26:00', '2018-06-30', 'PH00008', 1);
INSERT INTO projection VALUES ('SC00001809', '2018-06-30 22:41:00', '2018-07-01 00:21:00', '2018-06-30', 'PH00012', 1);
INSERT INTO projection VALUES ('SC00001810', '2018-06-30 08:30:00', '2018-06-30 10:00:00', '2018-06-30', 'PH00009', 2);
INSERT INTO projection VALUES ('SC00001811', '2018-06-30 10:15:00', '2018-06-30 11:45:00', '2018-06-30', 'PH00013', 2);
INSERT INTO projection VALUES ('SC00001812', '2018-06-30 12:00:00', '2018-06-30 14:10:00', '2018-06-30', 'PH00002', 2);
INSERT INTO projection VALUES ('SC00001813', '2018-06-30 14:25:00', '2018-06-30 15:55:00', '2018-06-30', 'PH00009', 2);
INSERT INTO projection VALUES ('SC00001814', '2018-06-30 16:10:00', '2018-06-30 17:40:00', '2018-06-30', 'PH00013', 2);
INSERT INTO projection VALUES ('SC00001815', '2018-06-30 17:55:00', '2018-06-30 20:05:00', '2018-06-30', 'PH00002', 2);
INSERT INTO projection VALUES ('SC00001816', '2018-06-30 20:20:00', '2018-06-30 21:50:00', '2018-06-30', 'PH00009', 2);
INSERT INTO projection VALUES ('SC00001817', '2018-06-30 22:05:00', '2018-06-30 23:35:00', '2018-06-30', 'PH00013', 2);
INSERT INTO projection VALUES ('SC00001818', '2018-06-30 08:30:00', '2018-06-30 10:00:00', '2018-06-30', 'PH00010', 3);
INSERT INTO projection VALUES ('SC00001819', '2018-06-30 10:15:00', '2018-06-30 11:55:00', '2018-06-30', 'PH00014', 3);
INSERT INTO projection VALUES ('SC00001820', '2018-06-30 12:10:00', '2018-06-30 13:40:00', '2018-06-30', 'PH00010', 3);
INSERT INTO projection VALUES ('SC00001821', '2018-06-30 13:55:00', '2018-06-30 15:35:00', '2018-06-30', 'PH00014', 3);
INSERT INTO projection VALUES ('SC00001822', '2018-06-30 15:50:00', '2018-06-30 17:20:00', '2018-06-30', 'PH00010', 3);
INSERT INTO projection VALUES ('SC00001823', '2018-06-30 17:35:00', '2018-06-30 19:15:00', '2018-06-30', 'PH00014', 3);
INSERT INTO projection VALUES ('SC00001824', '2018-06-30 19:30:00', '2018-06-30 21:00:00', '2018-06-30', 'PH00010', 3);
INSERT INTO projection VALUES ('SC00001825', '2018-06-30 21:15:00', '2018-06-30 22:55:00', '2018-06-30', 'PH00014', 3);
INSERT INTO projection VALUES ('SC00001826', '2018-06-30 08:30:00', '2018-06-30 10:10:00', '2018-06-30', 'PH00011', 4);
INSERT INTO projection VALUES ('SC00001827', '2018-06-30 10:25:00', '2018-06-30 11:55:00', '2018-06-30', 'PH00015', 4);
INSERT INTO projection VALUES ('SC00001828', '2018-06-30 12:10:00', '2018-06-30 13:50:00', '2018-06-30', 'PH00011', 4);
INSERT INTO projection VALUES ('SC00001829', '2018-06-30 14:05:00', '2018-06-30 15:35:00', '2018-06-30', 'PH00015', 4);
INSERT INTO projection VALUES ('SC00001830', '2018-06-30 15:50:00', '2018-06-30 17:30:00', '2018-06-30', 'PH00011', 4);
INSERT INTO projection VALUES ('SC00001831', '2018-06-30 17:45:00', '2018-06-30 19:15:00', '2018-06-30', 'PH00015', 4);
INSERT INTO projection VALUES ('SC00001832', '2018-06-30 19:30:00', '2018-06-30 21:10:00', '2018-06-30', 'PH00011', 4);
INSERT INTO projection VALUES ('SC00001833', '2018-06-30 21:25:00', '2018-06-30 22:55:00', '2018-06-30', 'PH00015', 4);
INSERT INTO projection VALUES ('SC00001834', '2018-07-01 08:30:00', '2018-07-01 10:12:00', '2018-07-01', 'PH00008', 1);
INSERT INTO projection VALUES ('SC00001835', '2018-07-01 10:27:00', '2018-07-01 12:07:00', '2018-07-01', 'PH00012', 1);
INSERT INTO projection VALUES ('SC00001836', '2018-07-01 12:22:00', '2018-07-01 13:52:00', '2018-07-01', 'PH00005', 1);
INSERT INTO projection VALUES ('SC00001837', '2018-07-01 14:07:00', '2018-07-01 15:49:00', '2018-07-01', 'PH00008', 1);
INSERT INTO projection VALUES ('SC00001838', '2018-07-01 16:04:00', '2018-07-01 17:44:00', '2018-07-01', 'PH00012', 1);
INSERT INTO projection VALUES ('SC00001839', '2018-07-01 17:59:00', '2018-07-01 19:29:00', '2018-07-01', 'PH00005', 1);
INSERT INTO projection VALUES ('SC00001840', '2018-07-01 19:44:00', '2018-07-01 21:26:00', '2018-07-01', 'PH00008', 1);
INSERT INTO projection VALUES ('SC00001841', '2018-07-01 21:41:00', '2018-07-01 23:21:00', '2018-07-01', 'PH00012', 1);
INSERT INTO projection VALUES ('SC00001842', '2018-07-01 08:30:00', '2018-07-01 10:00:00', '2018-07-01', 'PH00009', 2);
INSERT INTO projection VALUES ('SC00001843', '2018-07-01 10:15:00', '2018-07-01 11:45:00', '2018-07-01', 'PH00013', 2);
INSERT INTO projection VALUES ('SC00001844', '2018-07-01 12:00:00', '2018-07-01 13:40:00', '2018-07-01', 'PH00007', 2);
INSERT INTO projection VALUES ('SC00001845', '2018-07-01 13:55:00', '2018-07-01 15:25:00', '2018-07-01', 'PH00009', 2);
INSERT INTO projection VALUES ('SC00001846', '2018-07-01 15:40:00', '2018-07-01 17:10:00', '2018-07-01', 'PH00013', 2);
INSERT INTO projection VALUES ('SC00001847', '2018-07-01 17:25:00', '2018-07-01 19:05:00', '2018-07-01', 'PH00007', 2);
INSERT INTO projection VALUES ('SC00001848', '2018-07-01 19:20:00', '2018-07-01 20:50:00', '2018-07-01', 'PH00009', 2);
INSERT INTO projection VALUES ('SC00001849', '2018-07-01 21:05:00', '2018-07-01 22:35:00', '2018-07-01', 'PH00013', 2);
INSERT INTO projection VALUES ('SC00001850', '2018-07-01 08:30:00', '2018-07-01 10:00:00', '2018-07-01', 'PH00010', 3);
INSERT INTO projection VALUES ('SC00001851', '2018-07-01 10:15:00', '2018-07-01 11:55:00', '2018-07-01', 'PH00014', 3);
INSERT INTO projection VALUES ('SC00001852', '2018-07-01 12:10:00', '2018-07-01 13:40:00', '2018-07-01', 'PH00010', 3);
INSERT INTO projection VALUES ('SC00001853', '2018-07-01 13:55:00', '2018-07-01 15:35:00', '2018-07-01', 'PH00014', 3);
INSERT INTO projection VALUES ('SC00001854', '2018-07-01 15:50:00', '2018-07-01 17:20:00', '2018-07-01', 'PH00010', 3);
INSERT INTO projection VALUES ('SC00001855', '2018-07-01 17:35:00', '2018-07-01 19:15:00', '2018-07-01', 'PH00014', 3);
INSERT INTO projection VALUES ('SC00001856', '2018-07-01 19:30:00', '2018-07-01 21:00:00', '2018-07-01', 'PH00010', 3);
INSERT INTO projection VALUES ('SC00001857', '2018-07-01 21:15:00', '2018-07-01 22:55:00', '2018-07-01', 'PH00014', 3);
INSERT INTO projection VALUES ('SC00001858', '2018-07-01 08:30:00', '2018-07-01 10:10:00', '2018-07-01', 'PH00011', 4);
INSERT INTO projection VALUES ('SC00001859', '2018-07-01 10:25:00', '2018-07-01 11:55:00', '2018-07-01', 'PH00015', 4);
INSERT INTO projection VALUES ('SC00001860', '2018-07-01 12:10:00', '2018-07-01 13:50:00', '2018-07-01', 'PH00011', 4);
INSERT INTO projection VALUES ('SC00001861', '2018-07-01 14:05:00', '2018-07-01 15:35:00', '2018-07-01', 'PH00015', 4);
INSERT INTO projection VALUES ('SC00001862', '2018-07-01 15:50:00', '2018-07-01 17:30:00', '2018-07-01', 'PH00011', 4);
INSERT INTO projection VALUES ('SC00001863', '2018-07-01 17:45:00', '2018-07-01 19:15:00', '2018-07-01', 'PH00015', 4);
INSERT INTO projection VALUES ('SC00001864', '2018-07-01 19:30:00', '2018-07-01 21:10:00', '2018-07-01', 'PH00011', 4);
INSERT INTO projection VALUES ('SC00001865', '2018-07-01 21:25:00', '2018-07-01 22:55:00', '2018-07-01', 'PH00015', 4);
INSERT INTO projection VALUES ('SC00001866', '2018-07-02 08:30:00', '2018-07-02 10:12:00', '2018-07-02', 'PH00008', 1);
INSERT INTO projection VALUES ('SC00001867', '2018-07-02 10:27:00', '2018-07-02 12:07:00', '2018-07-02', 'PH00012', 1);
INSERT INTO projection VALUES ('SC00001868', '2018-07-02 12:22:00', '2018-07-02 13:52:00', '2018-07-02', 'PH00005', 1);
INSERT INTO projection VALUES ('SC00001869', '2018-07-02 14:07:00', '2018-07-02 15:49:00', '2018-07-02', 'PH00008', 1);
INSERT INTO projection VALUES ('SC00001870', '2018-07-02 16:04:00', '2018-07-02 17:44:00', '2018-07-02', 'PH00012', 1);
INSERT INTO projection VALUES ('SC00001871', '2018-07-02 17:59:00', '2018-07-02 19:29:00', '2018-07-02', 'PH00005', 1);
INSERT INTO projection VALUES ('SC00001872', '2018-07-02 19:44:00', '2018-07-02 21:26:00', '2018-07-02', 'PH00008', 1);
INSERT INTO projection VALUES ('SC00001873', '2018-07-02 21:41:00', '2018-07-02 23:21:00', '2018-07-02', 'PH00012', 1);
INSERT INTO projection VALUES ('SC00001874', '2018-07-02 08:30:00', '2018-07-02 10:00:00', '2018-07-02', 'PH00009', 2);
INSERT INTO projection VALUES ('SC00001875', '2018-07-02 10:15:00', '2018-07-02 11:45:00', '2018-07-02', 'PH00013', 2);
INSERT INTO projection VALUES ('SC00001876', '2018-07-02 12:00:00', '2018-07-02 13:40:00', '2018-07-02', 'PH00007', 2);
INSERT INTO projection VALUES ('SC00001877', '2018-07-02 13:55:00', '2018-07-02 15:25:00', '2018-07-02', 'PH00009', 2);
INSERT INTO projection VALUES ('SC00001878', '2018-07-02 15:40:00', '2018-07-02 17:10:00', '2018-07-02', 'PH00013', 2);
INSERT INTO projection VALUES ('SC00001879', '2018-07-02 17:25:00', '2018-07-02 19:05:00', '2018-07-02', 'PH00007', 2);
INSERT INTO projection VALUES ('SC00001880', '2018-07-02 19:20:00', '2018-07-02 20:50:00', '2018-07-02', 'PH00009', 2);
INSERT INTO projection VALUES ('SC00001881', '2018-07-02 21:05:00', '2018-07-02 22:35:00', '2018-07-02', 'PH00013', 2);
INSERT INTO projection VALUES ('SC00001882', '2018-07-02 08:30:00', '2018-07-02 10:00:00', '2018-07-02', 'PH00010', 3);
INSERT INTO projection VALUES ('SC00001883', '2018-07-02 10:15:00', '2018-07-02 11:55:00', '2018-07-02', 'PH00014', 3);
INSERT INTO projection VALUES ('SC00001884', '2018-07-02 12:10:00', '2018-07-02 13:40:00', '2018-07-02', 'PH00010', 3);
INSERT INTO projection VALUES ('SC00001885', '2018-07-02 13:55:00', '2018-07-02 15:35:00', '2018-07-02', 'PH00014', 3);
INSERT INTO projection VALUES ('SC00001886', '2018-07-02 15:50:00', '2018-07-02 17:20:00', '2018-07-02', 'PH00010', 3);
INSERT INTO projection VALUES ('SC00001887', '2018-07-02 17:35:00', '2018-07-02 19:15:00', '2018-07-02', 'PH00014', 3);
INSERT INTO projection VALUES ('SC00001888', '2018-07-02 19:30:00', '2018-07-02 21:00:00', '2018-07-02', 'PH00010', 3);
INSERT INTO projection VALUES ('SC00001889', '2018-07-02 21:15:00', '2018-07-02 22:55:00', '2018-07-02', 'PH00014', 3);
INSERT INTO projection VALUES ('SC00001890', '2018-07-02 08:30:00', '2018-07-02 10:10:00', '2018-07-02', 'PH00011', 4);
INSERT INTO projection VALUES ('SC00001891', '2018-07-02 10:25:00', '2018-07-02 11:55:00', '2018-07-02', 'PH00015', 4);
INSERT INTO projection VALUES ('SC00001892', '2018-07-02 12:10:00', '2018-07-02 13:50:00', '2018-07-02', 'PH00011', 4);
INSERT INTO projection VALUES ('SC00001893', '2018-07-02 14:05:00', '2018-07-02 15:35:00', '2018-07-02', 'PH00015', 4);
INSERT INTO projection VALUES ('SC00001894', '2018-07-02 15:50:00', '2018-07-02 17:30:00', '2018-07-02', 'PH00011', 4);
INSERT INTO projection VALUES ('SC00001895', '2018-07-02 17:45:00', '2018-07-02 19:15:00', '2018-07-02', 'PH00015', 4);
INSERT INTO projection VALUES ('SC00001896', '2018-07-02 19:30:00', '2018-07-02 21:10:00', '2018-07-02', 'PH00011', 4);
INSERT INTO projection VALUES ('SC00001897', '2018-07-02 21:25:00', '2018-07-02 22:55:00', '2018-07-02', 'PH00015', 4);
INSERT INTO projection VALUES ('SC00001898', '2018-07-03 08:30:00', '2018-07-03 10:12:00', '2018-07-03', 'PH00008', 1);
INSERT INTO projection VALUES ('SC00001899', '2018-07-03 10:27:00', '2018-07-03 12:07:00', '2018-07-03', 'PH00012', 1);
INSERT INTO projection VALUES ('SC00001900', '2018-07-03 12:22:00', '2018-07-03 13:52:00', '2018-07-03', 'PH00005', 1);
INSERT INTO projection VALUES ('SC00001901', '2018-07-03 14:07:00', '2018-07-03 15:49:00', '2018-07-03', 'PH00008', 1);
INSERT INTO projection VALUES ('SC00001902', '2018-07-03 16:04:00', '2018-07-03 17:44:00', '2018-07-03', 'PH00012', 1);
INSERT INTO projection VALUES ('SC00001903', '2018-07-03 17:59:00', '2018-07-03 19:29:00', '2018-07-03', 'PH00005', 1);
INSERT INTO projection VALUES ('SC00001904', '2018-07-03 19:44:00', '2018-07-03 21:26:00', '2018-07-03', 'PH00008', 1);
INSERT INTO projection VALUES ('SC00001905', '2018-07-03 21:41:00', '2018-07-03 23:21:00', '2018-07-03', 'PH00012', 1);
INSERT INTO projection VALUES ('SC00001906', '2018-07-03 08:30:00', '2018-07-03 10:00:00', '2018-07-03', 'PH00009', 2);
INSERT INTO projection VALUES ('SC00001907', '2018-07-03 10:15:00', '2018-07-03 11:45:00', '2018-07-03', 'PH00013', 2);
INSERT INTO projection VALUES ('SC00001908', '2018-07-03 12:00:00', '2018-07-03 13:40:00', '2018-07-03', 'PH00007', 2);
INSERT INTO projection VALUES ('SC00001909', '2018-07-03 13:55:00', '2018-07-03 15:25:00', '2018-07-03', 'PH00009', 2);
INSERT INTO projection VALUES ('SC00001910', '2018-07-03 15:40:00', '2018-07-03 17:10:00', '2018-07-03', 'PH00013', 2);
INSERT INTO projection VALUES ('SC00001911', '2018-07-03 17:25:00', '2018-07-03 19:05:00', '2018-07-03', 'PH00007', 2);
INSERT INTO projection VALUES ('SC00001912', '2018-07-03 19:20:00', '2018-07-03 20:50:00', '2018-07-03', 'PH00009', 2);
INSERT INTO projection VALUES ('SC00001913', '2018-07-03 21:05:00', '2018-07-03 22:35:00', '2018-07-03', 'PH00013', 2);
INSERT INTO projection VALUES ('SC00001914', '2018-07-03 08:30:00', '2018-07-03 10:00:00', '2018-07-03', 'PH00010', 3);
INSERT INTO projection VALUES ('SC00001915', '2018-07-03 10:15:00', '2018-07-03 11:55:00', '2018-07-03', 'PH00014', 3);
INSERT INTO projection VALUES ('SC00001916', '2018-07-03 12:10:00', '2018-07-03 13:40:00', '2018-07-03', 'PH00010', 3);
INSERT INTO projection VALUES ('SC00001917', '2018-07-03 13:55:00', '2018-07-03 15:35:00', '2018-07-03', 'PH00014', 3);
INSERT INTO projection VALUES ('SC00001918', '2018-07-03 15:50:00', '2018-07-03 17:20:00', '2018-07-03', 'PH00010', 3);
INSERT INTO projection VALUES ('SC00001919', '2018-07-03 17:35:00', '2018-07-03 19:15:00', '2018-07-03', 'PH00014', 3);
INSERT INTO projection VALUES ('SC00001920', '2018-07-03 19:30:00', '2018-07-03 21:00:00', '2018-07-03', 'PH00010', 3);
INSERT INTO projection VALUES ('SC00001921', '2018-07-03 21:15:00', '2018-07-03 22:55:00', '2018-07-03', 'PH00014', 3);
INSERT INTO projection VALUES ('SC00001922', '2018-07-03 08:30:00', '2018-07-03 10:10:00', '2018-07-03', 'PH00011', 4);
INSERT INTO projection VALUES ('SC00001923', '2018-07-03 10:25:00', '2018-07-03 11:55:00', '2018-07-03', 'PH00015', 4);
INSERT INTO projection VALUES ('SC00001924', '2018-07-03 12:10:00', '2018-07-03 13:50:00', '2018-07-03', 'PH00011', 4);
INSERT INTO projection VALUES ('SC00001925', '2018-07-03 14:05:00', '2018-07-03 15:35:00', '2018-07-03', 'PH00015', 4);
INSERT INTO projection VALUES ('SC00001926', '2018-07-03 15:50:00', '2018-07-03 17:30:00', '2018-07-03', 'PH00011', 4);
INSERT INTO projection VALUES ('SC00001927', '2018-07-03 17:45:00', '2018-07-03 19:15:00', '2018-07-03', 'PH00015', 4);
INSERT INTO projection VALUES ('SC00001928', '2018-07-03 19:30:00', '2018-07-03 21:10:00', '2018-07-03', 'PH00011', 4);
INSERT INTO projection VALUES ('SC00001929', '2018-07-03 21:25:00', '2018-07-03 22:55:00', '2018-07-03', 'PH00015', 4);
INSERT INTO projection VALUES ('SC00001930', '2018-07-04 08:30:00', '2018-07-04 10:12:00', '2018-07-04', 'PH00008', 1);
INSERT INTO projection VALUES ('SC00001931', '2018-07-04 10:27:00', '2018-07-04 12:07:00', '2018-07-04', 'PH00012', 1);
INSERT INTO projection VALUES ('SC00001932', '2018-07-04 12:22:00', '2018-07-04 13:52:00', '2018-07-04', 'PH00005', 1);
INSERT INTO projection VALUES ('SC00001933', '2018-07-04 14:07:00', '2018-07-04 15:49:00', '2018-07-04', 'PH00008', 1);
INSERT INTO projection VALUES ('SC00001934', '2018-07-04 16:04:00', '2018-07-04 17:44:00', '2018-07-04', 'PH00012', 1);
INSERT INTO projection VALUES ('SC00001935', '2018-07-04 17:59:00', '2018-07-04 19:29:00', '2018-07-04', 'PH00005', 1);

COMMIT;




-- ----------------------------
-- Table structure for ve_ban
-- ----------------------------
DROP TABLE IF EXISTS ticket;
CREATE TABLE ticket (
	id varchar(15) NOT NULL PRIMARY KEY,
	[date] date NOT NULL,
	[total] int NOT NULL,
	[projection_id] varchar(15) NOT NULL,
	fare_id int NOT NULL,
	seat_position_id  int NOT NULL,
	staff_id varchar(15) NOT NULL,
  CONSTRAINT FK_ticket_seat_position FOREIGN KEY (seat_position_id) REFERENCES seat_position(id) ON UPDATE CASCADE,
  CONSTRAINT FK_ticket_fare FOREIGN KEY (fare_id) REFERENCES fare(id) ON UPDATE CASCADE,
  CONSTRAINT FK_ticket_User FOREIGN KEY (staff_id) REFERENCES [User](id) ON UPDATE CASCADE,
  CONSTRAINT FK_ticket_projection FOREIGN KEY (projection_id) REFERENCES projection(id) ON DELETE CASCADE ON UPDATE CASCADE,
);

-- ----------------------------
-- Records of ve_ban
-- ----------------------------
BEGIN;
INSERT INTO `ve_ban` VALUES ('VB0000000001', '2018-01-01', 145000, 'SC00000001', 1, 136, 'VD00000001', 'NV00003');
INSERT INTO `ve_ban` VALUES ('VB0000000003', '2018-01-01', 110000, 'SC00000001', 1, 65, NULL, 'NV00003');
INSERT INTO `ve_ban` VALUES ('VB0000000004', '2018-01-01', 95000, 'SC00000001', 3, 209, NULL, 'NV00003');
INSERT INTO `ve_ban` VALUES ('VB0000000006', '2018-01-01', 80000, 'SC00000001', 2, 110, NULL, 'NV00003');
INSERT INTO `ve_ban` VALUES ('VB0000000007', '2018-01-01', 80000, 'SC00000001', 2, 11, NULL, 'NV00004');
INSERT INTO `ve_ban` VALUES ('VB0000000009', '2018-01-01', 110000, 'SC00000001', 1, 3, NULL, 'NV00003');
INSERT INTO `ve_ban` VALUES ('VB0000000016', '2018-01-01', 45000, 'SC00000002', 3, 36, NULL, 'NV00004');
INSERT INTO `ve_ban` VALUES ('VB0000000018', '2018-01-01', 95000, 'SC00000002', 1, 101, NULL, 'NV00004');
INSERT INTO `ve_ban` VALUES ('VB0000000020', '2018-01-01', 85000, 'SC00000003', 2, 105, NULL, 'NV00003');
INSERT INTO `ve_ban` VALUES ('VB0000000021', '2018-01-01', 100000, 'SC00000003', 3, 112, NULL, 'NV00004');
INSERT INTO `ve_ban` VALUES ('VB0000000025', '2018-01-01', 50000, 'SC00000003', 2, 111, NULL, 'NV00003');
INSERT INTO `ve_ban` VALUES ('VB0000000028', '2018-01-01', 110000, 'SC00000004', 1, 197, NULL, 'NV00004');
INSERT INTO `ve_ban` VALUES ('VB0000000030', '2018-01-01', 110000, 'SC00000004', 1, 198, NULL, 'NV00004');
INSERT INTO `ve_ban` VALUES ('VB0000000031', '2018-01-01', 145000, 'SC00000004', 1, 116, NULL, 'NV00004');
INSERT INTO `ve_ban` VALUES ('VB0000000033', '2018-01-01', 80000, 'SC00000004', 2, 188, NULL, 'NV00003');
INSERT INTO `ve_ban` VALUES ('VB0000000036', '2018-01-01', 95000, 'SC00000004', 3, 32, NULL, 'NV00003');
INSERT INTO `ve_ban` VALUES ('VB0000000037', '2018-01-01', 30000, 'SC00000005', 2, 11, 'VD00000004', 'NV00003');
INSERT INTO `ve_ban` VALUES ('VB0000000038', '2018-01-01', 65000, 'SC00000005', 2, 167, 'VD00000004', 'NV00004');
INSERT INTO `ve_ban` VALUES ('VB0000000040', '2018-01-01', 60000, 'SC00000005', 1, 207, NULL, 'NV00003');
INSERT INTO `ve_ban` VALUES ('VB0000000044', '2018-01-01', 30000, 'SC00000005', 2, 198, NULL, 'NV00003');
INSERT INTO `ve_ban` VALUES ('VB0000000045', '2018-01-01', 65000, 'SC00000005', 2, 103, NULL, 'NV00004');
INSERT INTO `ve_ban` VALUES ('VB0000000046', '2018-01-01', 95000, 'SC00000006', 1, 48, 'VD00000005', 'NV00004');
INSERT INTO `ve_ban` VALUES ('VB0000000047', '2018-01-01', 80000, 'SC00000006', 3, 199, 'VD00000005', 'NV00004');
INSERT INTO `ve_ban` VALUES ('VB0000000048', '2018-01-01', 95000, 'SC00000006', 1, 126, NULL, 'NV00004');
INSERT INTO `ve_ban` VALUES ('VB0000000052', '2018-01-01', 80000, 'SC00000006', 3, 55, NULL, 'NV00004');
INSERT INTO `ve_ban` VALUES ('VB0000000054', '2018-01-01', 80000, 'SC00000006', 3, 46, NULL, 'NV00003');
INSERT INTO `ve_ban` VALUES ('VB0000000057', '2018-01-01', 110000, 'SC00000007', 1, 52, NULL, 'NV00004');
INSERT INTO `ve_ban` VALUES ('VB0000000060', '2018-01-01', 95000, 'SC00000007', 3, 202, NULL, 'NV00004');
INSERT INTO `ve_ban` VALUES ('VB0000000063', '2018-01-01', 100000, 'SC00000008', 3, 338, NULL, 'NV00004');
INSERT INTO `ve_ban` VALUES ('VB0000000064', '2018-01-01', 80000, 'SC00000008', 1, 266, NULL, 'NV00004');
INSERT INTO `ve_ban` VALUES ('VB0000000065', '2018-01-01', 65000, 'SC00000008', 3, 347, NULL, 'NV00004');
INSERT INTO `ve_ban` VALUES ('VB0000000068', '2018-01-01', 65000, 'SC00000008', 3, 359, NULL, 'NV00003');
INSERT INTO `ve_ban` VALUES ('VB0000000069', '2018-01-01', 65000, 'SC00000008', 3, 223, NULL, 'NV00004');
INSERT INTO `ve_ban` VALUES ('VB0000000071', '2018-01-01', 30000, 'SC00000009', 2, 254, 'VD00000007', 'NV00003');
INSERT INTO `ve_ban` VALUES ('VB0000000072', '2018-01-01', 30000, 'SC00000009', 2, 265, 'VD00000007', 'NV00004');
INSERT INTO `ve_ban` VALUES ('VB0000000073', '2018-01-01', 60000, 'SC00000009', 1, 361, NULL, 'NV00003');
INSERT INTO `ve_ban` VALUES ('VB0000000074', '2018-01-01', 60000, 'SC00000009', 1, 259, NULL, 'NV00003');
INSERT INTO `ve_ban` VALUES ('VB0000000076', '2018-01-01', 30000, 'SC00000009', 2, 218, NULL, 'NV00003');
INSERT INTO `ve_ban` VALUES ('VB0000000082', '2018-01-01', 30000, 'SC00000010', 2, 245, NULL, 'NV00003');
INSERT INTO `ve_ban` VALUES ('VB0000000087', '2018-01-01', 80000, 'SC00000010', 3, 320, NULL, 'NV00003');
INSERT INTO `ve_ban` VALUES ('VB0000000091', '2018-01-01', 65000, 'SC00000011', 2, 338, NULL, 'NV00004');
INSERT INTO `ve_ban` VALUES ('VB0000000094', '2018-01-01', 60000, 'SC00000011', 1, 229, NULL, 'NV00003');
INSERT INTO `ve_ban` VALUES ('VB0000000095', '2018-01-01', 45000, 'SC00000011', 3, 260, NULL, 'NV00003');
INSERT INTO `ve_ban` VALUES ('VB0000000097', '2018-01-01', 30000, 'SC00000011', 2, 272, NULL, 'NV00003');
INSERT INTO `ve_ban` VALUES ('VB0000000101', '2018-01-01', 45000, 'SC00000012', 3, 243, NULL, 'NV00003');
INSERT INTO `ve_ban` VALUES ('VB0000000104', '2018-01-01', 45000, 'SC00000012', 3, 234, NULL, 'NV00003');
INSERT INTO `ve_ban` VALUES ('VB0000000105', '2018-01-01', 30000, 'SC00000012', 2, 298, NULL, 'NV00004');
INSERT INTO `ve_ban` VALUES ('VB0000000107', '2018-01-01', 65000, 'SC00000012', 2, 304, NULL, 'NV00004');
INSERT INTO `ve_ban` VALUES ('VB0000000112', '2018-01-01', 115000, 'SC00000013', 1, 317, NULL, 'NV00004');
INSERT INTO `ve_ban` VALUES ('VB0000000114', '2018-01-01', 50000, 'SC00000013', 2, 235, NULL, 'NV00004');
INSERT INTO `ve_ban` VALUES ('VB0000000115', '2018-01-01', 85000, 'SC00000013', 2, 324, NULL, 'NV00004');
INSERT INTO `ve_ban` VALUES ('VB0000000117', '2018-01-01', 50000, 'SC00000014', 2, 473, 'VD00000009', 'NV00003');
INSERT INTO `ve_ban` VALUES ('VB0000000123', '2018-01-01', 100000, 'SC00000014', 3, 439, NULL, 'NV00004');
INSERT INTO `ve_ban` VALUES ('VB0000000128', '2018-01-01', 30000, 'SC00000015', 2, 486, 'VD00000010', 'NV00003');
INSERT INTO `ve_ban` VALUES ('VB0000000130', '2018-01-01', 60000, 'SC00000015', 1, 489, NULL, 'NV00004');
INSERT INTO `ve_ban` VALUES ('VB0000000132', '2018-01-01', 30000, 'SC00000015', 2, 402, NULL, 'NV00003');
INSERT INTO `ve_ban` VALUES ('VB0000000134', '2018-01-01', 60000, 'SC00000015', 1, 411, NULL, 'NV00004');
INSERT INTO `ve_ban` VALUES ('VB0000000140', '2018-01-01', 95000, 'SC00000016', 3, 378, NULL, 'NV00003');
INSERT INTO `ve_ban` VALUES ('VB0000000146', '2018-01-01', 115000, 'SC00000017', 2, 439, NULL, 'NV00004');
INSERT INTO `ve_ban` VALUES ('VB0000000147', '2018-01-01', 145000, 'SC00000017', 1, 456, NULL, 'NV00004');
INSERT INTO `ve_ban` VALUES ('VB0000000150', '2018-01-01', 95000, 'SC00000017', 3, 424, NULL, 'NV00003');
INSERT INTO `ve_ban` VALUES ('VB0000000154', '2018-01-01', 65000, 'SC00000018', 2, 399, 'VD00000013', 'NV00004');
INSERT INTO `ve_ban` VALUES ('VB0000000157', '2018-01-01', 95000, 'SC00000018', 1, 507, NULL, 'NV00003');
INSERT INTO `ve_ban` VALUES ('VB0000000162', '2018-01-01', 115000, 'SC00000018', 3, 482, NULL, 'NV00004');
INSERT INTO `ve_ban` VALUES ('VB0000000163', '2018-01-01', 65000, 'SC00000018', 2, 489, NULL, 'NV00004');
INSERT INTO `ve_ban` VALUES ('VB0000000167', '2018-01-01', 80000, 'SC00000019', 1, 398, NULL, 'NV00004');
INSERT INTO `ve_ban` VALUES ('VB0000000169', '2018-01-01', 100000, 'SC00000019', 3, 482, NULL, 'NV00004');
INSERT INTO `ve_ban` VALUES ('VB0000000170', '2018-01-01', 65000, 'SC00000019', 3, 402, NULL, 'NV00003');
INSERT INTO `ve_ban` VALUES ('VB0000000171', '2018-01-01', 115000, 'SC00000019', 1, 436, NULL, 'NV00004');
INSERT INTO `ve_ban` VALUES ('VB0000000172', '2018-01-01', 50000, 'SC00000019', 2, 449, NULL, 'NV00004');
INSERT INTO `ve_ban` VALUES ('VB0000000173', '2018-01-01', 45000, 'SC00000020', 3, 425, NULL, 'NV00003');
INSERT INTO `ve_ban` VALUES ('VB0000000175', '2018-01-01', 30000, 'SC00000020', 2, 498, NULL, 'NV00004');
INSERT INTO `ve_ban` VALUES ('VB0000000180', '2018-01-01', 60000, 'SC00000020', 1, 505, NULL, 'NV00003');
INSERT INTO `ve_ban` VALUES ('VB0000000181', '2018-01-01', 30000, 'SC00000020', 2, 415, NULL, 'NV00004');
INSERT INTO `ve_ban` VALUES ('VB0000000183', '2018-01-01', 45000, 'SC00000021', 3, 444, 'VD00000015', 'NV00003');
INSERT INTO `ve_ban` VALUES ('VB0000000185', '2018-01-01', 45000, 'SC00000021', 3, 406, NULL, 'NV00004');
INSERT INTO `ve_ban` VALUES ('VB0000000188', '2018-01-01', 60000, 'SC00000021', 1, 500, NULL, 'NV00003');
INSERT INTO `ve_ban` VALUES ('VB0000000195', '2018-01-01', 65000, 'SC00000022', 2, 610, NULL, 'NV00004');
INSERT INTO `ve_ban` VALUES ('VB0000000197', '2018-01-01', 115000, 'SC00000022', 3, 586, NULL, 'NV00004');
INSERT INTO `ve_ban` VALUES ('VB0000000200', '2018-01-01', 80000, 'SC00000022', 3, 659, NULL, 'NV00004');
INSERT INTO `ve_ban` VALUES ('VB0000000203', '2018-01-01', 50000, 'SC00000023', 2, 517, NULL, 'NV00003');
INSERT INTO `ve_ban` VALUES ('VB0000000204', '2018-01-01', 50000, 'SC00000023', 2, 582, NULL, 'NV00003');
INSERT INTO `ve_ban` VALUES ('VB0000000210', '2018-01-01', 65000, 'SC00000023', 3, 706, NULL, 'NV00003');
INSERT INTO `ve_ban` VALUES ('VB0000000211', '2018-01-01', 65000, 'SC00000024', 3, 645, NULL, 'NV00003');
INSERT INTO `ve_ban` VALUES ('VB0000000214', '2018-01-01', 50000, 'SC00000024', 2, 553, NULL, 'NV00004');
INSERT INTO `ve_ban` VALUES ('VB0000000215', '2018-01-01', 50000, 'SC00000024', 2, 526, NULL, 'NV00003');
INSERT INTO `ve_ban` VALUES ('VB0000000217', '2018-01-01', 65000, 'SC00000024', 3, 686, NULL, 'NV00004');
INSERT INTO `ve_ban` VALUES ('VB0000000218', '2018-01-01', 100000, 'SC00000024', 3, 588, NULL, 'NV00003');
INSERT INTO `ve_ban` VALUES ('VB0000000219', '2018-01-01', 30000, 'SC00000025', 2, 610, NULL, 'NV00003');
INSERT INTO `ve_ban` VALUES ('VB0000000221', '2018-01-01', 60000, 'SC00000025', 1, 704, NULL, 'NV00004');
INSERT INTO `ve_ban` VALUES ('VB0000000223', '2018-01-01', 30000, 'SC00000025', 2, 521, NULL, 'NV00004');
INSERT INTO `ve_ban` VALUES ('VB0000000229', '2018-01-01', 65000, 'SC00000026', 2, 549, NULL, 'NV00004');
INSERT INTO `ve_ban` VALUES ('VB0000000230', '2018-01-01', 115000, 'SC00000026', 3, 618, NULL, 'NV00004');
INSERT INTO `ve_ban` VALUES ('VB0000000233', '2018-01-01', 95000, 'SC00000026', 1, 548, NULL, 'NV00003');
INSERT INTO `ve_ban` VALUES ('VB0000000235', '2018-01-01', 115000, 'SC00000026', 3, 634, NULL, 'NV00004');
INSERT INTO `ve_ban` VALUES ('VB0000000237', '2018-01-01', 95000, 'SC00000027', 1, 617, NULL, 'NV00004');
INSERT INTO `ve_ban` VALUES ('VB0000000238', '2018-01-01', 65000, 'SC00000027', 2, 633, NULL, 'NV00004');
INSERT INTO `ve_ban` VALUES ('VB0000000239', '2018-01-01', 30000, 'SC00000027', 2, 561, NULL, 'NV00004');
INSERT INTO `ve_ban` VALUES ('VB0000000240', '2018-01-01', 95000, 'SC00000027', 1, 636, NULL, 'NV00004');
INSERT INTO `ve_ban` VALUES ('VB0000000241', '2018-01-01', 30000, 'SC00000027', 2, 647, NULL, 'NV00003');
INSERT INTO `ve_ban` VALUES ('VB0000000244', '2018-01-01', 30000, 'SC00000027', 2, 702, NULL, 'NV00004');
INSERT INTO `ve_ban` VALUES ('VB0000000248', '2018-01-01', 60000, 'SC00000028', 1, 540, 'VD00000017', 'NV00004');
INSERT INTO `ve_ban` VALUES ('VB0000000249', '2018-01-01', 65000, 'SC00000028', 2, 666, NULL, 'NV00003');
INSERT INTO `ve_ban` VALUES ('VB0000000252', '2018-01-01', 30000, 'SC00000028', 2, 684, NULL, 'NV00004');
INSERT INTO `ve_ban` VALUES ('VB0000000253', '2018-01-01', 45000, 'SC00000028', 3, 676, NULL, 'NV00003');
INSERT INTO `ve_ban` VALUES ('VB0000000255', '2018-01-01', 60000, 'SC00000028', 1, 599, NULL, 'NV00004');
INSERT INTO `ve_ban` VALUES ('VB0000000257', '2018-01-01', 45000, 'SC00000029', 3, 626, NULL, 'NV00004');
INSERT INTO `ve_ban` VALUES ('VB0000000258', '2018-01-01', 30000, 'SC00000029', 2, 537, NULL, 'NV00003');
INSERT INTO `ve_ban` VALUES ('VB0000000259', '2018-01-01', 60000, 'SC00000029', 1, 611, NULL, 'NV00004');
INSERT INTO `ve_ban` VALUES ('VB0000000261', '2018-01-01', 65000, 'SC00000029', 2, 618, NULL, 'NV00003');
INSERT INTO `ve_ban` VALUES ('VB0000000262', '2018-01-01', 30000, 'SC00000029', 2, 690, NULL, 'NV00004');
INSERT INTO `ve_ban` VALUES ('VB0000000266', '2018-01-02', 65000, 'SC00000030', 3, 22, 'VD00000019', 'NV00004');
INSERT INTO `ve_ban` VALUES ('VB0000000271', '2018-01-02', 80000, 'SC00000030', 1, 187, NULL, 'NV00003');
INSERT INTO `ve_ban` VALUES ('VB0000000276', '2018-01-02', 115000, 'SC00000031', 2, 148, NULL, 'NV00004');
INSERT INTO `ve_ban` VALUES ('VB0000000281', '2018-01-02', 60000, 'SC00000032', 1, 211, 'VD00000021', 'NV00004');
INSERT INTO `ve_ban` VALUES ('VB0000000284', '2018-01-02', 45000, 'SC00000032', 3, 63, NULL, 'NV00003');
INSERT INTO `ve_ban` VALUES ('VB0000000286', '2018-01-02', 80000, 'SC00000032', 3, 168, NULL, 'NV00003');
INSERT INTO `ve_ban` VALUES ('VB0000000288', '2018-01-02', 30000, 'SC00000032', 2, 53, NULL, 'NV00003');
INSERT INTO `ve_ban` VALUES ('VB0000000290', '2018-01-02', 50000, 'SC00000033', 2, 110, NULL, 'NV00003');
INSERT INTO `ve_ban` VALUES ('VB0000000293', '2018-01-02', 50000, 'SC00000033', 2, 160, NULL, 'NV00003');
INSERT INTO `ve_ban` VALUES ('VB0000000295', '2018-01-02', 50000, 'SC00000033', 2, 45, NULL, 'NV00004');
INSERT INTO `ve_ban` VALUES ('VB0000000296', '2018-01-02', 80000, 'SC00000033', 1, 51, NULL, 'NV00003');
INSERT INTO `ve_ban` VALUES ('VB0000000299', '2018-01-02', 60000, 'SC00000034', 1, 163, NULL, 'NV00003');
INSERT INTO `ve_ban` VALUES ('VB0000000300', '2018-01-02', 45000, 'SC00000034', 3, 58, NULL, 'NV00003');
INSERT INTO `ve_ban` VALUES ('VB0000000304', '2018-01-02', 45000, 'SC00000034', 3, 198, NULL, 'NV00004');
INSERT INTO `ve_ban` VALUES ('VB0000000307', '2018-01-02', 80000, 'SC00000035', 3, 132, NULL, 'NV00004');
INSERT INTO `ve_ban` VALUES ('VB0000000308', '2018-01-02', 60000, 'SC00000035', 1, 18, NULL, 'NV00003');
INSERT INTO `ve_ban` VALUES ('VB0000000310', '2018-01-02', 30000, 'SC00000035', 2, 32, NULL, 'NV00004');
INSERT INTO `ve_ban` VALUES ('VB0000000313', '2018-01-02', 30000, 'SC00000035', 2, 193, NULL, 'NV00004');
INSERT INTO `ve_ban` VALUES ('VB0000000318', '2018-01-02', 130000, 'SC00000036', 3, 101, NULL, 'NV00003');
INSERT INTO `ve_ban` VALUES ('VB0000000320', '2018-01-02', 80000, 'SC00000036', 2, 191, NULL, 'NV00004');
INSERT INTO `ve_ban` VALUES ('VB0000000321', '2018-01-02', 110000, 'SC00000036', 1, 207, NULL, 'NV00003');
INSERT INTO `ve_ban` VALUES ('VB0000000328', '2018-01-02', 60000, 'SC00000037', 1, 348, NULL, 'NV00004');
INSERT INTO `ve_ban` VALUES ('VB0000000330', '2018-01-02', 65000, 'SC00000037', 2, 335, NULL, 'NV00004');
INSERT INTO `ve_ban` VALUES ('VB0000000331', '2018-01-02', 45000, 'SC00000037', 3, 328, NULL, 'NV00004');
INSERT INTO `ve_ban` VALUES ('VB0000000332', '2018-01-02', 95000, 'SC00000037', 1, 325, NULL, 'NV00003');
INSERT INTO `ve_ban` VALUES ('VB0000000334', '2018-01-02', 45000, 'SC00000037', 3, 343, NULL, 'NV00003');
INSERT INTO `ve_ban` VALUES ('VB0000000335', '2018-01-02', 65000, 'SC00000038', 2, 242, NULL, 'NV00004');
INSERT INTO `ve_ban` VALUES ('VB0000000336', '2018-01-02', 80000, 'SC00000038', 3, 348, NULL, 'NV00003');
INSERT INTO `ve_ban` VALUES ('VB0000000337', '2018-01-02', 65000, 'SC00000038', 2, 239, NULL, 'NV00003');
INSERT INTO `ve_ban` VALUES ('VB0000000339', '2018-01-02', 100000, 'SC00000038', 2, 302, NULL, 'NV00003');
INSERT INTO `ve_ban` VALUES ('VB0000000342', '2018-01-02', 130000, 'SC00000038', 1, 307, NULL, 'NV00003');
INSERT INTO `ve_ban` VALUES ('VB0000000345', '2018-01-02', 30000, 'SC00000039', 2, 280, NULL, 'NV00004');
INSERT INTO `ve_ban` VALUES ('VB0000000347', '2018-01-02', 95000, 'SC00000039', 1, 300, NULL, 'NV00003');
INSERT INTO `ve_ban` VALUES ('VB0000000350', '2018-01-02', 60000, 'SC00000039', 1, 355, NULL, 'NV00003');
INSERT INTO `ve_ban` VALUES ('VB0000000351', '2018-01-02', 95000, 'SC00000039', 1, 317, NULL, 'NV00003');
INSERT INTO `ve_ban` VALUES ('VB0000000357', '2018-01-02', 130000, 'SC00000040', 1, 324, NULL, 'NV00003');
INSERT INTO `ve_ban` VALUES ('VB0000000359', '2018-01-02', 80000, 'SC00000040', 3, 311, NULL, 'NV00003');
INSERT INTO `ve_ban` VALUES ('VB0000000360', '2018-01-02', 80000, 'SC00000040', 3, 243, NULL, 'NV00003');
INSERT INTO `ve_ban` VALUES ('VB0000000361', '2018-01-02', 95000, 'SC00000040', 1, 242, NULL, 'NV00004');
INSERT INTO `ve_ban` VALUES ('VB0000000362', '2018-01-02', 65000, 'SC00000040', 2, 277, NULL, 'NV00003');
INSERT INTO `ve_ban` VALUES ('VB0000000364', '2018-01-02', 45000, 'SC00000041', 3, 326, NULL, 'NV00003');
INSERT INTO `ve_ban` VALUES ('VB0000000365', '2018-01-02', 45000, 'SC00000041', 3, 369, NULL, 'NV00004');
INSERT INTO `ve_ban` VALUES ('VB0000000367', '2018-01-02', 60000, 'SC00000041', 1, 250, NULL, 'NV00004');
INSERT INTO `ve_ban` VALUES ('VB0000000371', '2018-01-02', 95000, 'SC00000042', 3, 241, 'VD00000023', 'NV00004');
INSERT INTO `ve_ban` VALUES ('VB0000000372', '2018-01-02', 110000, 'SC00000042', 1, 218, 'VD00000023', 'NV00003');
INSERT INTO `ve_ban` VALUES ('VB0000000373', '2018-01-02', 115000, 'SC00000042', 2, 340, NULL, 'NV00003');
INSERT INTO `ve_ban` VALUES ('VB0000000375', '2018-01-02', 130000, 'SC00000042', 3, 308, NULL, 'NV00004');
INSERT INTO `ve_ban` VALUES ('VB0000000377', '2018-01-02', 110000, 'SC00000042', 1, 344, NULL, 'NV00004');
INSERT INTO `ve_ban` VALUES ('VB0000000379', '2018-01-02', 80000, 'SC00000043', 2, 419, NULL, 'NV00004');
INSERT INTO `ve_ban` VALUES ('VB0000000383', '2018-01-02', 95000, 'SC00000043', 3, 381, NULL, 'NV00004');
INSERT INTO `ve_ban` VALUES ('VB0000000384', '2018-01-02', 80000, 'SC00000043', 2, 424, NULL, 'NV00004');
INSERT INTO `ve_ban` VALUES ('VB0000000386', '2018-01-02', 110000, 'SC00000043', 1, 428, NULL, 'NV00004');
INSERT INTO `ve_ban` VALUES ('VB0000000390', '2018-01-02', 80000, 'SC00000044', 2, 381, 'VD00000024', 'NV00004');
INSERT INTO `ve_ban` VALUES ('VB0000000392', '2018-01-02', 110000, 'SC00000044', 1, 459, NULL, 'NV00003');
INSERT INTO `ve_ban` VALUES ('VB0000000396', '2018-01-02', 80000, 'SC00000044', 2, 433, NULL, 'NV00004');
INSERT INTO `ve_ban` VALUES ('VB0000000398', '2018-01-02', 80000, 'SC00000044', 2, 418, NULL, 'NV00004');
INSERT INTO `ve_ban` VALUES ('VB0000000399', '2018-01-02', 80000, 'SC00000045', 2, 378, 'VD00000025', 'NV00004');
INSERT INTO `ve_ban` VALUES ('VB0000000400', '2018-01-02', 95000, 'SC00000045', 3, 384, 'VD00000025', 'NV00003');
INSERT INTO `ve_ban` VALUES ('VB0000000401', '2018-01-02', 95000, 'SC00000045', 3, 499, 'VD00000025', 'NV00003');
INSERT INTO `ve_ban` VALUES ('VB0000000402', '2018-01-02', 110000, 'SC00000045', 1, 433, NULL, 'NV00004');
INSERT INTO `ve_ban` VALUES ('VB0000000405', '2018-01-02', 80000, 'SC00000045', 2, 396, NULL, 'NV00003');
INSERT INTO `ve_ban` VALUES ('VB0000000415', '2018-01-02', 65000, 'SC00000046', 3, 419, NULL, 'NV00003');
INSERT INTO `ve_ban` VALUES ('VB0000000418', '2018-01-02', 95000, 'SC00000047', 1, 377, 'VD00000027', 'NV00003');
INSERT INTO `ve_ban` VALUES ('VB0000000419', '2018-01-02', 80000, 'SC00000047', 3, 413, 'VD00000027', 'NV00004');
INSERT INTO `ve_ban` VALUES ('VB0000000422', '2018-01-02', 130000, 'SC00000047', 1, 452, NULL, 'NV00003');
INSERT INTO `ve_ban` VALUES ('VB0000000424', '2018-01-02', 95000, 'SC00000047', 1, 431, NULL, 'NV00003');
INSERT INTO `ve_ban` VALUES ('VB0000000433', '2018-01-02', 60000, 'SC00000048', 1, 513, NULL, 'NV00004');
INSERT INTO `ve_ban` VALUES ('VB0000000436', '2018-01-02', 65000, 'SC00000049', 2, 456, NULL, 'NV00003');
INSERT INTO `ve_ban` VALUES ('VB0000000438', '2018-01-02', 60000, 'SC00000049', 1, 398, NULL, 'NV00004');
INSERT INTO `ve_ban` VALUES ('VB0000000442', '2018-01-02', 30000, 'SC00000049', 2, 504, NULL, 'NV00003');
INSERT INTO `ve_ban` VALUES ('VB0000000447', '2018-01-02', 110000, 'SC00000050', 1, 511, NULL, 'NV00004');
INSERT INTO `ve_ban` VALUES ('VB0000000451', '2018-01-02', 110000, 'SC00000050', 1, 419, NULL, 'NV00004');
INSERT INTO `ve_ban` VALUES ('VB0000000452', '2018-01-02', 110000, 'SC00000050', 1, 405, NULL, 'NV00003');
INSERT INTO `ve_ban` VALUES ('VB0000000453', '2018-01-02', 95000, 'SC00000050', 3, 462, NULL, 'NV00003');
INSERT INTO `ve_ban` VALUES ('VB0000000455', '2018-01-02', 95000, 'SC00000051', 1, 655, 'VD00000030', 'NV00004');
INSERT INTO `ve_ban` VALUES ('VB0000000458', '2018-01-02', 45000, 'SC00000051', 3, 540, NULL, 'NV00004');
INSERT INTO `ve_ban` VALUES ('VB0000000461', '2018-01-02', 65000, 'SC00000051', 2, 616, NULL, 'NV00003');
INSERT INTO `ve_ban` VALUES ('VB0000000462', '2018-01-02', 30000, 'SC00000051', 2, 697, NULL, 'NV00003');
INSERT INTO `ve_ban` VALUES ('VB0000000464', '2018-01-02', 80000, 'SC00000052', 3, 535, NULL, 'NV00003');
INSERT INTO `ve_ban` VALUES ('VB0000000465', '2018-01-02', 100000, 'SC00000052', 2, 601, NULL, 'NV00003');
INSERT INTO `ve_ban` VALUES ('VB0000000470', '2018-01-02', 95000, 'SC00000052', 1, 564, NULL, 'NV00004');
INSERT INTO `ve_ban` VALUES ('VB0000000472', '2018-01-02', 95000, 'SC00000052', 1, 555, NULL, 'NV00004');
INSERT INTO `ve_ban` VALUES ('VB0000000474', '2018-01-02', 95000, 'SC00000053', 1, 560, 'VD00000031', 'NV00004');
INSERT INTO `ve_ban` VALUES ('VB0000000477', '2018-01-02', 130000, 'SC00000053', 1, 609, NULL, 'NV00003');
INSERT INTO `ve_ban` VALUES ('VB0000000478', '2018-01-02', 65000, 'SC00000053', 2, 695, NULL, 'NV00003');
INSERT INTO `ve_ban` VALUES ('VB0000000482', '2018-01-02', 130000, 'SC00000053', 1, 655, NULL, 'NV00003');
INSERT INTO `ve_ban` VALUES ('VB0000000485', '2018-01-02', 115000, 'SC00000054', 1, 606, 'VD00000032', 'NV00003');
INSERT INTO `ve_ban` VALUES ('VB0000000487', '2018-01-02', 115000, 'SC00000054', 1, 590, NULL, 'NV00004');
INSERT INTO `ve_ban` VALUES ('VB0000000489', '2018-01-02', 80000, 'SC00000054', 1, 577, NULL, 'NV00004');
INSERT INTO `ve_ban` VALUES ('VB0000000490', '2018-01-02', 65000, 'SC00000054', 3, 550, NULL, 'NV00004');
INSERT INTO `ve_ban` VALUES ('VB0000000495', '2018-01-02', 65000, 'SC00000055', 3, 558, NULL, 'NV00004');
INSERT INTO `ve_ban` VALUES ('VB0000000499', '2018-01-02', 80000, 'SC00000056', 1, 523, 'VD00000033', 'NV00004');
INSERT INTO `ve_ban` VALUES ('VB0000000500', '2018-01-02', 100000, 'SC00000056', 3, 673, NULL, 'NV00004');
INSERT INTO `ve_ban` VALUES ('VB0000000501', '2018-01-02', 65000, 'SC00000056', 3, 662, NULL, 'NV00003');
INSERT INTO `ve_ban` VALUES ('VB0000000502', '2018-01-02', 80000, 'SC00000056', 1, 680, NULL, 'NV00003');
INSERT INTO `ve_ban` VALUES ('VB0000000504', '2018-01-02', 80000, 'SC00000056', 1, 540, NULL, 'NV00003');
INSERT INTO `ve_ban` VALUES ('VB0000000506', '2018-01-02', 50000, 'SC00000056', 2, 643, NULL, 'NV00003');
INSERT INTO `ve_ban` VALUES ('VB0000000507', '2018-01-02', 65000, 'SC00000056', 3, 577, NULL, 'NV00004');
INSERT INTO `ve_ban` VALUES ('VB0000000513', '2018-01-02', 115000, 'SC00000057', 3, 585, NULL, 'NV00004');
INSERT INTO `ve_ban` VALUES ('VB0000000516', '2018-01-02', 115000, 'SC00000057', 3, 671, NULL, 'NV00003');
INSERT INTO `ve_ban` VALUES ('VB0000000517', '2018-01-02', 130000, 'SC00000057', 1, 625, NULL, 'NV00003');
INSERT INTO `ve_ban` VALUES ('VB0000000518', '2018-01-02', 80000, 'SC00000058', 2, 580, 'VD00000035', 'NV00004');
INSERT INTO `ve_ban` VALUES ('VB0000000519', '2018-01-02', 95000, 'SC00000058', 3, 557, 'VD00000035', 'NV00004');
INSERT INTO `ve_ban` VALUES ('VB0000000522', '2018-01-02', 115000, 'SC00000058', 2, 665, NULL, 'NV00003');
INSERT INTO `ve_ban` VALUES ('VB0000000523', '2018-01-02', 95000, 'SC00000058', 3, 693, NULL, 'NV00003');
INSERT INTO `ve_ban` VALUES ('VB0000000524', '2018-01-02', 130000, 'SC00000058', 3, 648, NULL, 'NV00003');
INSERT INTO `ve_ban` VALUES ('VB0000000529', '2018-01-03', 85000, 'SC00000059', 2, 134, NULL, 'NV00004');
INSERT INTO `ve_ban` VALUES ('VB0000000530', '2018-01-03', 65000, 'SC00000059', 3, 17, NULL, 'NV00003');
INSERT INTO `ve_ban` VALUES ('VB0000000531', '2018-01-03', 100000, 'SC00000059', 3, 113, NULL, 'NV00003');
INSERT INTO `ve_ban` VALUES ('VB0000000533', '2018-01-03', 65000, 'SC00000059', 3, 191, NULL, 'NV00003');
INSERT INTO `ve_ban` VALUES ('VB0000000534', '2018-01-03', 50000, 'SC00000059', 2, 9, NULL, 'NV00003');
INSERT INTO `ve_ban` VALUES ('VB0000000536', '2018-01-03', 80000, 'SC00000059', 1, 183, NULL, 'NV00004');
INSERT INTO `ve_ban` VALUES ('VB0000000542', '2018-01-03', 80000, 'SC00000060', 1, 165, NULL, 'NV00003');
INSERT INTO `ve_ban` VALUES ('VB0000000549', '2018-01-03', 110000, 'SC00000061', 1, 108, NULL, 'NV00004');
INSERT INTO `ve_ban` VALUES ('VB0000000552', '2018-01-03', 80000, 'SC00000061', 2, 73, NULL, 'NV00003');
INSERT INTO `ve_ban` VALUES ('VB0000000553', '2018-01-03', 95000, 'SC00000061', 3, 74, NULL, 'NV00004');
INSERT INTO `ve_ban` VALUES ('VB0000000554', '2018-01-03', 80000, 'SC00000062', 1, 47, 'VD00000038', 'NV00004');
INSERT INTO `ve_ban` VALUES ('VB0000000556', '2018-01-03', 115000, 'SC00000062', 1, 152, 'VD00000038', 'NV00003');
INSERT INTO `ve_ban` VALUES ('VB0000000561', '2018-01-03', 65000, 'SC00000062', 3, 143, NULL, 'NV00003');
INSERT INTO `ve_ban` VALUES ('VB0000000571', '2018-01-03', 30000, 'SC00000063', 2, 207, NULL, 'NV00003');
INSERT INTO `ve_ban` VALUES ('VB0000000577', '2018-01-03', 65000, 'SC00000064', 2, 110, NULL, 'NV00004');
INSERT INTO `ve_ban` VALUES ('VB0000000578', '2018-01-03', 115000, 'SC00000064', 3, 130, NULL, 'NV00004');
INSERT INTO `ve_ban` VALUES ('VB0000000581', '2018-01-03', 65000, 'SC00000065', 3, 26, 'VD00000039', 'NV00004');
INSERT INTO `ve_ban` VALUES ('VB0000000583', '2018-01-03', 100000, 'SC00000065', 3, 96, 'VD00000039', 'NV00004');
INSERT INTO `ve_ban` VALUES ('VB0000000584', '2018-01-03', 65000, 'SC00000065', 3, 144, NULL, 'NV00003');
INSERT INTO `ve_ban` VALUES ('VB0000000594', '2018-01-03', 65000, 'SC00000066', 3, 253, NULL, 'NV00003');
INSERT INTO `ve_ban` VALUES ('VB0000000596', '2018-01-03', 50000, 'SC00000066', 2, 353, NULL, 'NV00004');
INSERT INTO `ve_ban` VALUES ('VB0000000597', '2018-01-03', 65000, 'SC00000066', 3, 234, NULL, 'NV00003');
INSERT INTO `ve_ban` VALUES ('VB0000000598', '2018-01-03', 65000, 'SC00000067', 3, 250, NULL, 'NV00004');
INSERT INTO `ve_ban` VALUES ('VB0000000602', '2018-01-03', 80000, 'SC00000067', 1, 268, NULL, 'NV00003');
INSERT INTO `ve_ban` VALUES ('VB0000000605', '2018-01-03', 50000, 'SC00000067', 2, 352, NULL, 'NV00004');
INSERT INTO `ve_ban` VALUES ('VB0000000606', '2018-01-03', 65000, 'SC00000067', 3, 256, NULL, 'NV00004');
INSERT INTO `ve_ban` VALUES ('VB0000000617', '2018-01-03', 50000, 'SC00000069', 2, 356, 'VD00000041', 'NV00003');
INSERT INTO `ve_ban` VALUES ('VB0000000624', '2018-01-03', 110000, 'SC00000070', 1, 261, 'VD00000042', 'NV00004');
INSERT INTO `ve_ban` VALUES ('VB0000000625', '2018-01-03', 110000, 'SC00000070', 1, 227, NULL, 'NV00004');
INSERT INTO `ve_ban` VALUES ('VB0000000627', '2018-01-03', 95000, 'SC00000070', 3, 238, NULL, 'NV00003');
INSERT INTO `ve_ban` VALUES ('VB0000000628', '2018-01-03', 130000, 'SC00000070', 3, 302, NULL, 'NV00003');
INSERT INTO `ve_ban` VALUES ('VB0000000631', '2018-01-03', 95000, 'SC00000070', 3, 240, NULL, 'NV00003');
INSERT INTO `ve_ban` VALUES ('VB0000000633', '2018-01-03', 30000, 'SC00000071', 2, 222, NULL, 'NV00004');
INSERT INTO `ve_ban` VALUES ('VB0000000634', '2018-01-03', 95000, 'SC00000071', 1, 305, NULL, 'NV00003');
INSERT INTO `ve_ban` VALUES ('VB0000000636', '2018-01-03', 45000, 'SC00000071', 3, 243, NULL, 'NV00003');
INSERT INTO `ve_ban` VALUES ('VB0000000642', '2018-01-03', 65000, 'SC00000072', 3, 513, NULL, 'NV00003');
INSERT INTO `ve_ban` VALUES ('VB0000000645', '2018-01-03', 65000, 'SC00000072', 3, 424, NULL, 'NV00004');
INSERT INTO `ve_ban` VALUES ('VB0000000647', '2018-01-03', 80000, 'SC00000072', 1, 395, NULL, 'NV00004');
INSERT INTO `ve_ban` VALUES ('VB0000000652', '2018-01-03', 80000, 'SC00000073', 3, 391, 'VD00000043', 'NV00003');
INSERT INTO `ve_ban` VALUES ('VB0000000654', '2018-01-03', 95000, 'SC00000073', 1, 434, NULL, 'NV00004');
INSERT INTO `ve_ban` VALUES ('VB0000000655', '2018-01-03', 95000, 'SC00000073', 1, 508, NULL, 'NV00004');
INSERT INTO `ve_ban` VALUES ('VB0000000660', '2018-01-03', 65000, 'SC00000074', 3, 474, 'VD00000044', 'NV00004');
INSERT INTO `ve_ban` VALUES ('VB0000000663', '2018-01-03', 100000, 'SC00000074', 3, 478, NULL, 'NV00004');
INSERT INTO `ve_ban` VALUES ('VB0000000671', '2018-01-03', 50000, 'SC00000075', 2, 392, 'VD00000045', 'NV00004');
INSERT INTO `ve_ban` VALUES ('VB0000000672', '2018-01-03', 80000, 'SC00000075', 1, 435, 'VD00000045', 'NV00003');
INSERT INTO `ve_ban` VALUES ('VB0000000673', '2018-01-03', 50000, 'SC00000075', 2, 462, NULL, 'NV00003');
INSERT INTO `ve_ban` VALUES ('VB0000000676', '2018-01-03', 65000, 'SC00000075', 3, 399, NULL, 'NV00003');
INSERT INTO `ve_ban` VALUES ('VB0000000677', '2018-01-03', 50000, 'SC00000075', 2, 447, NULL, 'NV00004');
INSERT INTO `ve_ban` VALUES ('VB0000000681', '2018-01-03', 80000, 'SC00000076', 3, 501, NULL, 'NV00003');
INSERT INTO `ve_ban` VALUES ('VB0000000688', '2018-01-03', 50000, 'SC00000077', 2, 397, 'VD00000046', 'NV00003');
INSERT INTO `ve_ban` VALUES ('VB0000000689', '2018-01-03', 80000, 'SC00000077', 1, 497, 'VD00000046', 'NV00003');
INSERT INTO `ve_ban` VALUES ('VB0000000691', '2018-01-03', 65000, 'SC00000077', 3, 425, NULL, 'NV00003');
INSERT INTO `ve_ban` VALUES ('VB0000000696', '2018-01-03', 50000, 'SC00000078', 2, 435, NULL, 'NV00003');
INSERT INTO `ve_ban` VALUES ('VB0000000705', '2018-01-03', 65000, 'SC00000079', 2, 467, NULL, 'NV00003');
INSERT INTO `ve_ban` VALUES ('VB0000000708', '2018-01-03', 45000, 'SC00000079', 3, 410, NULL, 'NV00004');
INSERT INTO `ve_ban` VALUES ('VB0000000710', '2018-01-03', 80000, 'SC00000079', 3, 453, NULL, 'NV00004');
INSERT INTO `ve_ban` VALUES ('VB0000000714', '2018-01-03', 130000, 'SC00000080', 1, 669, 'VD00000047', 'NV00003');
INSERT INTO `ve_ban` VALUES ('VB0000000715', '2018-01-03', 115000, 'SC00000080', 3, 664, 'VD00000047', 'NV00004');
INSERT INTO `ve_ban` VALUES ('VB0000000716', '2018-01-03', 65000, 'SC00000080', 2, 706, NULL, 'NV00003');
INSERT INTO `ve_ban` VALUES ('VB0000000717', '2018-01-03', 115000, 'SC00000080', 3, 600, NULL, 'NV00004');
INSERT INTO `ve_ban` VALUES ('VB0000000719', '2018-01-03', 80000, 'SC00000080', 3, 702, NULL, 'NV00004');
INSERT INTO `ve_ban` VALUES ('VB0000000721', '2018-01-03', 130000, 'SC00000080', 1, 632, NULL, 'NV00003');
INSERT INTO `ve_ban` VALUES ('VB0000000722', '2018-01-03', 80000, 'SC00000080', 3, 613, NULL, 'NV00003');
INSERT INTO `ve_ban` VALUES ('VB0000000726', '2018-01-03', 95000, 'SC00000081', 1, 554, NULL, 'NV00004');
INSERT INTO `ve_ban` VALUES ('VB0000000733', '2018-01-03', 115000, 'SC00000082', 1, 616, 'VD00000049', 'NV00003');
INSERT INTO `ve_ban` VALUES ('VB0000000735', '2018-01-03', 65000, 'SC00000082', 3, 599, NULL, 'NV00004');
INSERT INTO `ve_ban` VALUES ('VB0000000736', '2018-01-03', 85000, 'SC00000082', 2, 655, NULL, 'NV00003');
INSERT INTO `ve_ban` VALUES ('VB0000000737', '2018-01-03', 115000, 'SC00000082', 1, 593, NULL, 'NV00004');
INSERT INTO `ve_ban` VALUES ('VB0000000739', '2018-01-03', 50000, 'SC00000082', 2, 682, NULL, 'NV00004');
INSERT INTO `ve_ban` VALUES ('VB0000000742', '2018-01-03', 65000, 'SC00000083', 2, 645, NULL, 'NV00004');
INSERT INTO `ve_ban` VALUES ('VB0000000751', '2018-01-03', 95000, 'SC00000084', 3, 519, NULL, 'NV00003');
INSERT INTO `ve_ban` VALUES ('VB0000000752', '2018-01-03', 95000, 'SC00000084', 3, 549, NULL, 'NV00003');
INSERT INTO `ve_ban` VALUES ('VB0000000754', '2018-01-03', 95000, 'SC00000084', 3, 534, NULL, 'NV00003');
INSERT INTO `ve_ban` VALUES ('VB0000000757', '2018-01-03', 145000, 'SC00000084', 1, 672, NULL, 'NV00004');
INSERT INTO `ve_ban` VALUES ('VB0000000758', '2018-01-03', 115000, 'SC00000084', 2, 607, NULL, 'NV00004');
INSERT INTO `ve_ban` VALUES ('VB0000000760', '2018-01-03', 110000, 'SC00000085', 1, 702, 'VD00000050', 'NV00004');
INSERT INTO `ve_ban` VALUES ('VB0000000761', '2018-01-03', 145000, 'SC00000085', 1, 591, 'VD00000050', 'NV00003');
INSERT INTO `ve_ban` VALUES ('VB0000000770', '2018-01-03', 145000, 'SC00000086', 1, 648, NULL, 'NV00004');
INSERT INTO `ve_ban` VALUES ('VB0000000776', '2018-01-03', 130000, 'SC00000086', 3, 600, NULL, 'NV00003');
INSERT INTO `ve_ban` VALUES ('VB0000000781', '2018-01-03', 45000, 'SC00000087', 3, 539, NULL, 'NV00003');
INSERT INTO `ve_ban` VALUES ('VB0000000784', '2018-01-03', 95000, 'SC00000087', 1, 651, NULL, 'NV00004');
INSERT INTO `ve_ban` VALUES ('VB0000000785', '2018-01-03', 45000, 'SC00000087', 3, 630, NULL, 'NV00003');
INSERT INTO `ve_ban` VALUES ('VB0000000787', '2018-01-04', 95000, 'SC00000088', 1, 157, 'VD00000052', 'NV00003');
INSERT INTO `ve_ban` VALUES ('VB0000000788', '2018-01-04', 80000, 'SC00000088', 3, 170, NULL, 'NV00004');
INSERT INTO `ve_ban` VALUES ('VB0000000789', '2018-01-04', 45000, 'SC00000088', 3, 181, NULL, 'NV00004');
INSERT INTO `ve_ban` VALUES ('VB0000000790', '2018-01-04', 65000, 'SC00000088', 2, 98, NULL, 'NV00003');
INSERT INTO `ve_ban` VALUES ('VB0000000792', '2018-01-04', 30000, 'SC00000088', 2, 48, NULL, 'NV00003');
INSERT INTO `ve_ban` VALUES ('VB0000000799', '2018-01-04', 50000, 'SC00000089', 2, 90, NULL, 'NV00003');
INSERT INTO `ve_ban` VALUES ('VB0000000801', '2018-01-04', 100000, 'SC00000089', 3, 174, NULL, 'NV00003');
INSERT INTO `ve_ban` VALUES ('VB0000000802', '2018-01-04', 50000, 'SC00000089', 2, 108, NULL, 'NV00004');
INSERT INTO `ve_ban` VALUES ('VB0000000803', '2018-01-04', 50000, 'SC00000090', 2, 204, 'VD00000054', 'NV00003');
INSERT INTO `ve_ban` VALUES ('VB0000000804', '2018-01-04', 100000, 'SC00000090', 3, 166, 'VD00000054', 'NV00004');
INSERT INTO `ve_ban` VALUES ('VB0000000806', '2018-01-04', 50000, 'SC00000090', 2, 68, NULL, 'NV00003');
INSERT INTO `ve_ban` VALUES ('VB0000000808', '2018-01-04', 65000, 'SC00000090', 3, 198, NULL, 'NV00003');
INSERT INTO `ve_ban` VALUES ('VB0000000811', '2018-01-04', 80000, 'SC00000091', 1, 111, NULL, 'NV00003');
INSERT INTO `ve_ban` VALUES ('VB0000000814', '2018-01-04', 65000, 'SC00000091', 3, 180, NULL, 'NV00004');
INSERT INTO `ve_ban` VALUES ('VB0000000817', '2018-01-04', 65000, 'SC00000091', 3, 45, NULL, 'NV00004');
INSERT INTO `ve_ban` VALUES ('VB0000000818', '2018-01-04', 80000, 'SC00000091', 1, 31, NULL, 'NV00004');
INSERT INTO `ve_ban` VALUES ('VB0000000819', '2018-01-04', 100000, 'SC00000092', 3, 148, 'VD00000055', 'NV00004');
INSERT INTO `ve_ban` VALUES ('VB0000000820', '2018-01-04', 85000, 'SC00000092', 2, 121, NULL, 'NV00003');
INSERT INTO `ve_ban` VALUES ('VB0000000821', '2018-01-04', 100000, 'SC00000092', 3, 152, NULL, 'NV00003');
INSERT INTO `ve_ban` VALUES ('VB0000000825', '2018-01-04', 50000, 'SC00000092', 2, 194, NULL, 'NV00003');
INSERT INTO `ve_ban` VALUES ('VB0000000828', '2018-01-04', 85000, 'SC00000093', 2, 123, 'VD00000056', 'NV00004');
INSERT INTO `ve_ban` VALUES ('VB0000000829', '2018-01-04', 65000, 'SC00000093', 3, 75, 'VD00000056', 'NV00003');
INSERT INTO `ve_ban` VALUES ('VB0000000835', '2018-01-04', 65000, 'SC00000093', 3, 69, NULL, 'NV00003');
INSERT INTO `ve_ban` VALUES ('VB0000000836', '2018-01-04', 50000, 'SC00000093', 2, 93, NULL, 'NV00004');
INSERT INTO `ve_ban` VALUES ('VB0000000837', '2018-01-04', 50000, 'SC00000093', 2, 144, NULL, 'NV00003');
INSERT INTO `ve_ban` VALUES ('VB0000000838', '2018-01-04', 80000, 'SC00000094', 1, 179, 'VD00000057', 'NV00003');
INSERT INTO `ve_ban` VALUES ('VB0000000839', '2018-01-04', 65000, 'SC00000094', 3, 12, 'VD00000057', 'NV00004');
INSERT INTO `ve_ban` VALUES ('VB0000000840', '2018-01-04', 80000, 'SC00000094', 1, 178, 'VD00000057', 'NV00004');
INSERT INTO `ve_ban` VALUES ('VB0000000841', '2018-01-04', 115000, 'SC00000094', 1, 87, NULL, 'NV00004');
INSERT INTO `ve_ban` VALUES ('VB0000000845', '2018-01-04', 65000, 'SC00000094', 3, 66, NULL, 'NV00004');
INSERT INTO `ve_ban` VALUES ('VB0000000846', '2018-01-04', 100000, 'SC00000094', 3, 101, NULL, 'NV00004');
INSERT INTO `ve_ban` VALUES ('VB0000000847', '2018-01-04', 45000, 'SC00000095', 3, 360, 'VD00000058', 'NV00003');
INSERT INTO `ve_ban` VALUES ('VB0000000848', '2018-01-04', 30000, 'SC00000095', 2, 282, 'VD00000058', 'NV00003');
INSERT INTO `ve_ban` VALUES ('VB0000000851', '2018-01-04', 45000, 'SC00000095', 3, 346, NULL, 'NV00003');
INSERT INTO `ve_ban` VALUES ('VB0000000852', '2018-01-04', 60000, 'SC00000095', 1, 376, NULL, 'NV00004');
INSERT INTO `ve_ban` VALUES ('VB0000000854', '2018-01-04', 60000, 'SC00000095', 1, 312, NULL, 'NV00004');
INSERT INTO `ve_ban` VALUES ('VB0000000857', '2018-01-04', 95000, 'SC00000096', 1, 230, NULL, 'NV00003');
INSERT INTO `ve_ban` VALUES ('VB0000000859', '2018-01-04', 95000, 'SC00000096', 1, 249, NULL, 'NV00003');
INSERT INTO `ve_ban` VALUES ('VB0000000861', '2018-01-04', 80000, 'SC00000096', 3, 244, NULL, 'NV00003');
INSERT INTO `ve_ban` VALUES ('VB0000000864', '2018-01-04', 80000, 'SC00000096', 3, 345, NULL, 'NV00003');
INSERT INTO `ve_ban` VALUES ('VB0000000866', '2018-01-04', 30000, 'SC00000097', 2, 367, NULL, 'NV00003');
INSERT INTO `ve_ban` VALUES ('VB0000000869', '2018-01-04', 60000, 'SC00000097', 1, 345, NULL, 'NV00003');
INSERT INTO `ve_ban` VALUES ('VB0000000870', '2018-01-04', 65000, 'SC00000097', 2, 322, NULL, 'NV00003');
INSERT INTO `ve_ban` VALUES ('VB0000000872', '2018-01-04', 80000, 'SC00000097', 3, 334, NULL, 'NV00004');
INSERT INTO `ve_ban` VALUES ('VB0000000873', '2018-01-04', 45000, 'SC00000097', 3, 237, NULL, 'NV00003');
INSERT INTO `ve_ban` VALUES ('VB0000000876', '2018-01-04', 130000, 'SC00000098', 1, 323, NULL, 'NV00003');
INSERT INTO `ve_ban` VALUES ('VB0000000878', '2018-01-04', 95000, 'SC00000098', 1, 353, NULL, 'NV00004');
INSERT INTO `ve_ban` VALUES ('VB0000000886', '2018-01-04', 80000, 'SC00000099', 2, 365, NULL, 'NV00003');
INSERT INTO `ve_ban` VALUES ('VB0000000890', '2018-01-04', 110000, 'SC00000099', 1, 265, NULL, 'NV00004');
INSERT INTO `ve_ban` VALUES ('VB0000000891', '2018-01-04', 110000, 'SC00000099', 1, 240, NULL, 'NV00003');
INSERT INTO `ve_ban` VALUES ('VB0000000892', '2018-01-04', 95000, 'SC00000099', 3, 232, NULL, 'NV00003');
INSERT INTO `ve_ban` VALUES ('VB0000000897', '2018-01-04', 110000, 'SC00000100', 1, 367, NULL, 'NV00003');
INSERT INTO `ve_ban` VALUES ('VB0000000905', '2018-01-04', 80000, 'SC00000101', 2, 385, NULL, 'NV00004');
INSERT INTO `ve_ban` VALUES ('VB0000000907', '2018-01-04', 110000, 'SC00000101', 1, 412, NULL, 'NV00004');
INSERT INTO `ve_ban` VALUES ('VB0000000908', '2018-01-04', 80000, 'SC00000101', 2, 423, NULL, 'NV00004');
INSERT INTO `ve_ban` VALUES ('VB0000000910', '2018-01-04', 115000, 'SC00000101', 2, 441, NULL, 'NV00003');
INSERT INTO `ve_ban` VALUES ('VB0000000912', '2018-01-04', 95000, 'SC00000101', 3, 428, NULL, 'NV00003');
INSERT INTO `ve_ban` VALUES ('VB0000000914', '2018-01-04', 30000, 'SC00000102', 2, 509, 'VD00000061', 'NV00004');
INSERT INTO `ve_ban` VALUES ('VB0000000915', '2018-01-04', 30000, 'SC00000102', 2, 420, NULL, 'NV00003');
INSERT INTO `ve_ban` VALUES ('VB0000000916', '2018-01-04', 60000, 'SC00000102', 1, 505, NULL, 'NV00003');
INSERT INTO `ve_ban` VALUES ('VB0000000917', '2018-01-04', 30000, 'SC00000102', 2, 435, NULL, 'NV00003');
INSERT INTO `ve_ban` VALUES ('VB0000000920', '2018-01-04', 60000, 'SC00000102', 1, 500, NULL, 'NV00004');
INSERT INTO `ve_ban` VALUES ('VB0000000926', '2018-01-04', 65000, 'SC00000103', 3, 495, NULL, 'NV00004');
INSERT INTO `ve_ban` VALUES ('VB0000000927', '2018-01-04', 65000, 'SC00000103', 3, 435, NULL, 'NV00003');
INSERT INTO `ve_ban` VALUES ('VB0000000929', '2018-01-04', 80000, 'SC00000103', 1, 416, NULL, 'NV00003');
INSERT INTO `ve_ban` VALUES ('VB0000000930', '2018-01-04', 65000, 'SC00000103', 3, 460, NULL, 'NV00003');
INSERT INTO `ve_ban` VALUES ('VB0000000931', '2018-01-04', 60000, 'SC00000104', 1, 461, 'VD00000063', 'NV00004');
INSERT INTO `ve_ban` VALUES ('VB0000000935', '2018-01-04', 30000, 'SC00000104', 2, 505, NULL, 'NV00004');
INSERT INTO `ve_ban` VALUES ('VB0000000936', '2018-01-04', 30000, 'SC00000104', 2, 512, NULL, 'NV00003');
INSERT INTO `ve_ban` VALUES ('VB0000000940', '2018-01-04', 80000, 'SC00000105', 3, 470, NULL, 'NV00003');
INSERT INTO `ve_ban` VALUES ('VB0000000945', '2018-01-04', 45000, 'SC00000105', 3, 401, NULL, 'NV00004');
INSERT INTO `ve_ban` VALUES ('VB0000000948', '2018-01-04', 30000, 'SC00000106', 2, 472, NULL, 'NV00003');
INSERT INTO `ve_ban` VALUES ('VB0000000949', '2018-01-04', 30000, 'SC00000106', 2, 516, NULL, 'NV00004');
INSERT INTO `ve_ban` VALUES ('VB0000000955', '2018-01-04', 60000, 'SC00000106', 1, 448, NULL, 'NV00004');
INSERT INTO `ve_ban` VALUES ('VB0000000956', '2018-01-04', 30000, 'SC00000106', 2, 421, NULL, 'NV00003');
INSERT INTO `ve_ban` VALUES ('VB0000000957', '2018-01-04', 115000, 'SC00000107', 1, 464, NULL, 'NV00003');
INSERT INTO `ve_ban` VALUES ('VB0000000958', '2018-01-04', 65000, 'SC00000107', 3, 390, NULL, 'NV00003');
INSERT INTO `ve_ban` VALUES ('VB0000000959', '2018-01-04', 65000, 'SC00000107', 3, 504, NULL, 'NV00004');
INSERT INTO `ve_ban` VALUES ('VB0000000960', '2018-01-04', 65000, 'SC00000107', 3, 418, NULL, 'NV00003');
INSERT INTO `ve_ban` VALUES ('VB0000000961', '2018-01-04', 80000, 'SC00000107', 1, 510, NULL, 'NV00004');
INSERT INTO `ve_ban` VALUES ('VB0000000965', '2018-01-04', 65000, 'SC00000108', 2, 470, NULL, 'NV00004');
INSERT INTO `ve_ban` VALUES ('VB0000000968', '2018-01-04', 45000, 'SC00000108', 3, 505, NULL, 'NV00003');
INSERT INTO `ve_ban` VALUES ('VB0000000971', '2018-01-04', 45000, 'SC00000108', 3, 379, NULL, 'NV00004');
INSERT INTO `ve_ban` VALUES ('VB0000000972', '2018-01-04', 45000, 'SC00000108', 3, 381, NULL, 'NV00003');
INSERT INTO `ve_ban` VALUES ('VB0000000973', '2018-01-04', 80000, 'SC00000109', 1, 692, 'VD00000064', 'NV00004');